name,type,ra_h,dec_deg,dist_ly,radius_ly,abs_mag
Milky Way,SBc,17.760278,-28.936111,27720.0,50000.0,-20.6
WLM,Irr,0.0328,-15.4611,3001000.0,4208.0,-13.95
Sculptor DIG,Irr,0.1369,-34.5783,13370000.0,2071.0,-12.63
ESO 410-5,E3,0.2586,-32.18,6262000.0,1142.0,-11.58
Sculptor dE1,S0,0.3975,-24.705,13730000.0,1729.0,-10.45
Cetus Dwarf,E4,0.4364,-11.0444,2544000.0,1843.0,-10.18
ESO 294-10,Irr,0.4425,-41.8556,6262000.0,913.3,-10.91
UGC 288,S0,0.4844,43.4317,21850000.0,4028.0,-13.82
And III,E6,0.5925,36.4978,2479000.0,994.8,-9.3
And IV,Irr,0.7083,40.5758,19930000.0,3784.0,-12.6
And I,E0,0.7611,38.0372,2642000.0,1598.0,-10.87
KDG 2,S0,0.8225,-18.0744,11090000.0,1941.0,-11.39
DDO 6,Irr,0.8303,-21.0161,10890000.0,2283.0,-12.5
ESO 540-32,Irr,0.84,-19.9069,11150000.0,2120.0,-11.32
SMC,Irr,0.8772,-72.8003,195700.0,8611.0,-16.35
Sculptor dSph,E0,1.0025,-33.7092,293600.0,1451.0,-9.77
LGS 3,Irr,1.0656,21.8947,2022000.0,326.2,-7.96
UGC 685,Irr,1.1228,16.6839,15620000.0,3131.0,-14.44
KKH 5,Irr,1.1256,51.4403,13890000.0,1419.0,-12.27
And V,E0,1.1714,47.6281,2642000.0,815.4,-8.41
And II,E3,1.2747,33.4192,2218000.0,929.6,-9.33
UGC 1104,Irr,1.545,18.3158,24460000.0,3392.0,-15.17
KKH 6,Irr,1.5808,52.0917,12390000.0,1778.0,-12.42
UGC 1171,Irr,1.6614,15.9031,23810000.0,4664.0,-13.86
DDO 13,Irr,1.6692,15.9047,29360000.0,19800.0,-15.72
KK 13,Irr,1.7044,26.3678,23480000.0,2316.0,-13.11
KDG 10,Irr,1.7281,15.6897,25770000.0,5545.0,-13.53
KK 14,Irr,1.745,27.2878,23480000.0,4778.0,-12.13
ESO 245-5,Irr,1.7508,-43.5981,14450000.0,7910.0,-15.59
KK 15,Irr,1.7781,26.8014,23480000.0,1761.0,-11.43
UGC 1281,Irr,1.8256,32.5925,17610000.0,8529.0,-16.04
Phoenix Dwarf,Irr,1.8517,-44.4447,1435000.0,962.2,-10.22
KK 16,Irr,1.9222,27.9542,15460000.0,1566.0,-12.37
KK 17,Irr,2.0025,28.8325,15400000.0,1223.0,-11.41
Cas 1,Irr,2.1019,69.01,10760000.0,8138.0,-16.7
KKH 11,Irr,2.4097,56.0117,9785000.0,2740.0,-13.35
KKs 3,S0,2.4117,-73.5128,13370000.0,4240.0,-12.28
KKH 12,Irr,2.4575,57.4878,9785000.0,3849.0,-13.03
MB 1,Sc,2.5931,59.3797,9785000.0,6882.0,-14.81
Maffei 1,S0,2.6097,59.655,9785000.0,10190.0,-18.97
ESO 115-21,Irr,2.6292,-61.3411,15200000.0,11140.0,-15.3
Fornax dSph,E4,2.665,-34.5258,456600.0,1908.0,-11.5
Maffei 2,Sc,2.6983,59.6031,9133000.0,19500.0,-20.15
Dw 2,Irr,2.9022,59.0053,9785000.0,3425.0,-14.55
MB 3,Irr,2.9286,58.8617,9785000.0,5806.0,-13.65
ESO 154-23,Irr,2.9478,-54.5731,18590000.0,15970.0,-16.4
Dw 1,Sb,2.9489,58.9117,9133000.0,9067.0,-18.78
KKH 18,Irr,3.0514,33.6944,14450000.0,1566.0,-12.39
UGC 2684,Irr,3.3397,17.295,21200000.0,5480.0,-13.37
KK 27,S0,3.3514,-66.3228,12980000.0,1941.0,-11.83
UGC 2716,Irr,3.4019,17.7542,21200000.0,4958.0,-15.01
UGC 2773,Irr,3.5353,47.7936,17940000.0,4893.0,-16.12
KK 35,Irr,3.7533,67.8639,10310000.0,5822.0,-14.3
UGC 2905,Irr,3.95,16.5244,18920000.0,3294.0,-14.41
UGCA 86,Irr,3.9969,67.1253,8643000.0,12180.0,-17.71
Cam A,Irr,4.4208,72.8058,12820000.0,7469.0,-14.06
UGCA 92,Irr,4.5333,63.6139,5871000.0,3017.0,-14.48
Cam B,Irr,4.885,67.0992,10890000.0,3686.0,-11.85
UGCA 105,Irr,5.2375,62.5808,10270000.0,9948.0,-16.81
LMC,Irr,5.3928,-69.7561,163100.0,15900.0,-17.93
UGC 3303,Irr,5.4164,4.505,23480000.0,13140.0,-16.03
KK 49,Irr,5.6947,6.6817,16960000.0,2691.0,-14.94
Orion Dwarf,Sc,5.7506,5.0683,20870000.0,10090.0,-17.04
A 554+7,Irr,5.96,7.4919,17940000.0,1843.0,-12.85
KKH 34,Irr,5.9947,73.4275,15040000.0,2185.0,-12.3
ESO 364-29,Irr,6.0958,-33.0817,25110000.0,12410.0,-16.04
ESO 121-20,Irr,6.265,-57.7264,14030000.0,2756.0,-12.49
ESO 489-56,Irr,6.4381,-26.2656,16280000.0,1305.0,-13.07
UGC 3476,Irr,6.5081,33.3019,22830000.0,3229.0,-14.27
ESO 490-17,Irr,6.6322,-25.9997,13800000.0,3457.0,-14.46
KK 55,Irr,6.6589,-40.7203,25110000.0,2511.0,-13.71
Carina Dwarf,E3,6.6933,-50.9661,326200.0,1125.0,-8.97
KKSG 9,Irr,6.7822,-17.9414,21530000.0,2169.0,-14.0
KKH 37,Irr,6.7958,80.1239,9133000.0,1582.0,-11.17
UGC 3600,Irr,6.9278,39.095,23810000.0,4289.0,-13.53
HIZSS 3,Irr,7.0081,-4.2083,4566000.0,3017.0,-12.19
FG 202,Irr,7.0881,-58.5206,15980000.0,7551.0,-14.01
ESO 558-11,Irr,7.1156,-22.0406,22510000.0,7371.0,-16.51
UGC 3698,Irr,7.155,44.38,23480000.0,3360.0,-14.3
UGC 3755,Irr,7.2308,10.5219,17030000.0,4093.0,-14.9
UGC 3817,Irr,7.3789,45.1083,28050000.0,6996.0,-14.15
DDO 43,Irr,7.4714,40.7703,25470000.0,4713.0,-14.75
ESO 59-1,Irr,7.5219,-68.1861,11090000.0,3702.0,-14.38
DDO 44,Irr,7.5697,66.8861,10400000.0,4354.0,-12.07
DDO 46,Irr,7.6903,40.1125,22180000.0,6001.0,-15.01
DDO 47,Irr,7.6986,16.8006,16900000.0,7583.0,-15.1
KK 65,Irr,7.7086,16.5611,14710000.0,1761.0,-13.15
UGC 4115,Irr,7.9503,14.3908,17910000.0,4273.0,-13.59
Ho II,Irr,8.3181,70.7142,11060000.0,12690.0,-16.72
ESO 6-1,Irr,8.3231,-85.1456,22180000.0,4142.0,-14.86
KDG 52,Irr,8.3989,71.0294,11580000.0,2202.0,-11.49
DDO 52,Irr,8.4744,41.8567,18590000.0,4860.0,-13.67
DDO 53,Irr,8.5683,66.1792,11610000.0,2723.0,-13.37
UGC 4483,Irr,8.6175,69.7753,10470000.0,1696.0,-12.73
KK 69,Irr,8.8806,33.7978,25110000.0,7078.0,-12.76
KK 70,S0,8.9228,33.5592,25110000.0,1794.0,-11.86
DDO 564-8,Irr,9.0483,20.0753,16630000.0,1615.0,-11.76
KKH 46,Irr,9.1433,5.2922,18590000.0,1908.0,-11.93
DDO 634-3,Irr,9.1481,14.5819,7828000.0,456.6,-9.56
KK 71,S0,9.1528,-23.3678,31960000.0,2071.0,-12.03
DDO 56,Irr,9.1628,-23.0092,31960000.0,6654.0,-15.07
KK 72,S0,9.195,-23.9822,31960000.0,3164.0,-12.76
KK 73,S0,9.2081,-24.2411,31960000.0,4028.0,-14.46
ESO 564-30,Irr,9.22,-19.4086,22180000.0,6295.0,-14.27
DDO 565-6,Irr,9.3247,21.6033,17610000.0,1810.0,-11.88
ESO 565-3,Irr,9.3858,-20.1675,24790000.0,2104.0,-14.14
KKH 51,Irr,9.5033,19.9917,29030000.0,2936.0,-12.92
UGC 5086,Irr,9.5467,21.465,29030000.0,4256.0,-13.95
Ho I,Irr,9.6744,71.1864,12520000.0,6572.0,-14.49
UGC 5186,Irr,9.7164,33.2644,22510000.0,3213.0,-12.98
F 8D1,S0,9.7472,67.4756,12300000.0,4208.0,-12.59
UGC 5209,Irr,9.7511,32.2383,21850000.0,2887.0,-13.15
FM 1,S0,9.7528,68.765,11150000.0,1517.0,-10.48
KK 77,S0,9.8361,67.5067,11350000.0,4256.0,-12.03
KK 78,Irr,9.8386,31.4567,23160000.0,1549.0,-11.67
DDO 64,Irr,9.8394,31.4875,23160000.0,5953.0,-13.95
UGC 5288,Irr,9.8547,7.8272,22180000.0,3930.0,-14.74
BK 3N,Irr,9.8967,68.9692,13110000.0,978.5,-9.59
KKSG 15,Irr,9.9194,-6.27,31640000.0,4632.0,-14.97
DDO 68,Irr,9.9458,28.825,19240000.0,6295.0,-14.33
KDG 61,S0,9.9506,68.5917,11740000.0,3914.0,-12.85
A 952+69,Irr,9.9581,69.2722,12620000.0,3490.0,-11.51
Ho IX,Irr,9.9589,69.0431,12070000.0,4517.0,-13.68
Leo A,Irr,9.9906,30.7464,2251000.0,1533.0,-11.36
KKSG 16,S0,9.9961,-9.3511,31640000.0,4208.0,-12.24
Sextans B,Irr,10.0,5.3322,4436000.0,3148.0,-13.96
KKH 57,S0,10.0044,63.185,12820000.0,1093.0,-10.19
KKSG 17,Irr,10.0272,-8.2489,31640000.0,4974.0,-14.69
UGCA 193,Sc,10.0433,-6.0119,31640000.0,12040.0,-15.7
Antlia Dwarf,E3,10.0678,-27.3319,4305000.0,1272.0,-9.75
UGC 5427,Irr,10.0781,29.3664,23160000.0,3816.0,-14.48
BK 5N,S0,10.0778,68.2556,12330000.0,1419.0,-10.61
KDG 63,S0,10.0853,66.555,11420000.0,3001.0,-12.12
UGC 5423,Irr,10.0917,70.3644,17290000.0,2234.0,-14.54
KK 84,S0,10.0928,-7.7492,31640000.0,5594.0,-13.6
KKSG 18,S0,10.0947,-7.9814,31640000.0,6931.0,-16.55
KDG 64,S0,10.1169,67.8275,12070000.0,3017.0,-12.57
UGC 5456,Irr,10.1219,10.3622,12390000.0,2609.0,-14.24
IKN,S0,10.1347,68.3992,12070000.0,5202.0,-11.44
Leo I,E3,10.1406,12.3081,815400.0,1142.0,-10.97
Sextans A,Irr,10.1833,-4.6928,4305000.0,3702.0,-13.95
Sextans dSph,E4,10.2175,-1.6144,293600.0,1109.0,-7.98
KKH 60,Irr,10.2664,6.8047,4893000.0,521.9,-7.97
HS 117,Irr,10.3569,71.1161,12070000.0,2626.0,-11.83
KKSG 19,Irr,10.4078,-12.4325,16960000.0,1778.0,-12.09
DDO 78,Irr,10.4408,67.6567,12130000.0,3588.0,-12.17
UGC 5672,S0,10.4722,22.5714,20550000.0,4256.0,-14.65
DDO 82,Irr,10.5097,70.6194,13050000.0,6034.0,-14.63
LeG  1,Irr,10.5314,12.9264,33920000.0,2299.0,-11.53
LeG  2,Irr,10.5553,10.1892,33920000.0,1500.0,-11.12
BK 6N,S0,10.5753,66.0117,12560000.0,1859.0,-11.08
LeG  3,Irr,10.5967,8.4797,33920000.0,4142.0,-12.4
LeG  4,Irr,10.6611,12.735,33920000.0,2642.0,-11.51
FS 1,S0,10.6619,12.6344,33920000.0,3115.0,-13.43
PGC 31727,Irr,10.6653,13.9078,33920000.0,2805.0,-11.94
UGC 5812,Irr,10.6822,12.4719,33920000.0,6295.0,-15.09
PGC 31877,S0,10.7,12.335,33920000.0,5610.0,-14.5
LeG  9,S0,10.7094,12.1506,33920000.0,3898.0,-11.7
LeG 10,Irr,10.7319,12.1353,33920000.0,505.6,-11.0
LeG 11,Irr,10.7339,15.5889,33920000.0,2479.0,-11.43
LeG 12,Irr,10.7353,11.5331,33920000.0,962.2,-11.12
FS 9,Irr,10.7492,11.9161,33920000.0,1712.0,-12.76
FS 13,S0,10.7706,12.96,33920000.0,1957.0,-11.49
FS 14,Irr,10.7733,14.025,33920000.0,2984.0,-11.92
FS 15,S0,10.775,11.7558,33920000.0,2006.0,-11.2
FS 17,Irr,10.7781,12.3264,33920000.0,3360.0,-13.21
LeG 18,Irr,10.7814,12.7444,33920000.0,3800.0,-11.29
FS 20,Irr,10.7817,12.7881,33920000.0,2348.0,-11.99
FS 21,Irr,10.7825,12.9983,33920000.0,3930.0,-12.72
LeG 21,Irr,10.7833,12.9597,33920000.0,1908.0,-11.62
DDO 88,Irr,10.7894,14.0703,30330000.0,9915.0,-15.75
FS 23,Irr,10.7908,13.8897,33920000.0,1924.0,-12.45
PGC 32250,Sc,10.7947,-38.8542,18920000.0,4371.0,-14.18
PGC 32327,S0,10.8119,12.3156,33920000.0,962.2,-12.7
PGC 32348,S0,10.8147,14.1244,33920000.0,5333.0,-14.76
DDO 87,Irr,10.8267,65.5306,24140000.0,8334.0,-14.42
FS 40,Irr,10.8269,11.3517,33920000.0,2805.0,-12.22
PGC 1424345,Irr,10.8311,13.1617,33920000.0,505.6,-10.24
LeG 23,S0,10.8358,13.4836,33920000.0,1500.0,-11.13
UGC 5944,Irr,10.8386,13.2719,33920000.0,5545.0,-15.42
KK 96,S0,10.8408,12.3608,33920000.0,4827.0,-11.9
LeG 26,S0,10.8558,12.8492,33920000.0,4436.0,-12.99
LeG 27,Irr,10.8722,14.7072,33920000.0,1859.0,-11.58
KDG 73,Irr,10.8819,69.5458,12070000.0,1027.0,-10.83
LeG 28,Irr,10.8833,10.3792,33920000.0,2642.0,-11.9
DDO 640-16,Irr,10.9175,14.0933,33920000.0,1451.0,-11.59
DDO 640-12,Irr,10.9325,12.3389,33920000.0,3490.0,-11.77
DDO 640-13,Irr,10.9372,12.0103,33920000.0,3131.0,-12.51
ESO 215-9,Irr,10.9583,-48.1789,13050000.0,4175.0,-12.93
DDO 640-14,Irr,10.9694,11.9992,33920000.0,2756.0,-11.66
LeG 32,Irr,10.9881,15.0853,33920000.0,1892.0,-11.48
LeG 33,Irr,11.0125,14.1722,33920000.0,2218.0,-11.57
DDO 640-8,S0,11.0144,13.8808,33920000.0,5382.0,-13.2
LeG 35,Irr,11.0506,8.0483,33920000.0,2658.0,-12.15
CGCG 66-109,Irr,11.0739,11.755,33920000.0,5463.0,-14.45
UGC 6145,Irr,11.0931,-1.8636,24140000.0,5398.0,-13.14
Leo II,E0,11.2247,22.1547,685000.0,1191.0,-9.23
UGC 6456,Irr,11.4667,78.9914,14160000.0,2805.0,-14.03
UGC 6541,Irr,11.5581,49.2381,12690000.0,2348.0,-13.71
ESO 320-14,Irr,11.6314,-39.2206,16310000.0,3457.0,-13.26
KK 109,Irr,11.7864,43.6719,14710000.0,1207.0,-9.73
DDO 99,Irr,11.8481,38.8806,8611000.0,4305.0,-13.52
ESO 379-7,Irr,11.9119,-33.5581,17030000.0,2740.0,-12.31
BTS 76,Irr,11.9789,27.585,20550000.0,831.7,-12.6
MCG 6-27-17,Irr,12.1656,36.4353,15330000.0,1451.0,-12.97
KK 127,Irr,12.2228,29.9217,4893000.0,603.4,-10.59
ESO 321-14,Irr,12.2303,-38.2314,10400000.0,1941.0,-12.7
UGC 7242,Sc,12.2353,66.0922,14030000.0,3311.0,-13.65
DDO 113,Irr,12.2492,36.2189,9328000.0,2022.0,-11.67
MCG 9-20-131,Irr,12.2628,52.3875,11090000.0,1549.0,-12.46
UGC 7298,Irr,12.2744,52.2272,13730000.0,1990.0,-12.27
UGC 7356,Irr,12.3192,47.0897,21850000.0,2903.0,-13.46
KK 144,Irr,12.4242,28.4825,20550000.0,3653.0,-12.59
UGCA 281,Irr,12.4378,48.4919,18590000.0,2071.0,-13.7
DDO 126,Irr,12.4514,37.1425,15880000.0,6817.0,-14.38
DDO 125,Irr,12.4614,43.4939,8285000.0,4697.0,-14.16
UGC 7584,Irr,12.4672,22.5894,24790000.0,2560.0,-13.3
KKH 80,Irr,12.4681,22.2908,24460000.0,3017.0,-12.47
DDO 127,Irr,12.4744,37.2333,22510000.0,5789.0,-14.28
UGC 7605,Irr,12.4775,35.7181,14450000.0,2202.0,-13.53
KK 149,Irr,12.4811,42.1778,20220000.0,2202.0,-14.06
UGC 7639,Irr,12.4981,47.53,26090000.0,8219.0,-15.44
KK 151,Irr,12.5064,42.9014,21850000.0,3262.0,-13.41
DDO 133,Irr,12.5481,31.5392,19900000.0,17730.0,-15.47
KKSG 29,Irr,12.6206,-10.4975,30330000.0,5349.0,-13.42
Arp 211,Irr,12.6225,38.7453,21850000.0,2022.0,-13.47
KKSG 30,Irr,12.6264,-8.8672,30330000.0,3947.0,-12.68
KKSG 31,S0,12.6425,-10.4903,30330000.0,3539.0,-12.27
UGCA 292,Irr,12.6444,32.7667,10110000.0,1386.0,-11.43
KKSG 32,S0,12.665,-11.7508,30330000.0,2658.0,-11.55
KKSG 33,S0,12.6689,-12.3647,30330000.0,1843.0,-11.54
KKSG 34,S0,12.6883,-11.9275,30330000.0,3604.0,-12.07
UGC 7857,Sc,12.6983,13.7728,20550000.0,3604.0,-14.4
KK 160,Irr,12.7325,43.6614,15660000.0,1761.0,-11.52
KKs 51,S0,12.7392,-42.9397,11740000.0,1419.0,-11.46
ESO 381-18,Irr,12.745,-35.9667,15980000.0,2642.0,-13.0
ESO 381-20,Irr,12.7667,-33.8381,15000000.0,5773.0,-14.15
DDO 147,Irr,12.7831,36.4764,32290000.0,8660.0,-14.94
HIPASSJ 1247-77,Irr,12.7922,-77.5836,7176000.0,1337.0,-12.91
KK 166,S0,12.8203,35.6125,15460000.0,1435.0,-10.82
UGC 7990,Irr,12.8408,28.3519,22510000.0,3082.0,-13.05
DDO 154,Irr,12.9014,27.1486,14030000.0,5789.0,-14.08
ESO 443-9,Irr,12.9147,-28.3408,18590000.0,2169.0,-12.0
UGC 8055,Irr,12.9344,3.8114,22180000.0,2838.0,-13.45
ESO 219-10,S0,12.9358,-50.1439,13960000.0,3311.0,-12.7
UGC 8061,Irr,12.9453,11.9311,21200000.0,2723.0,-13.99
R 8,Irr,12.9778,14.2175,6850000.0,1093.0,-12.11
UGCA 319,Irr,13.0372,-17.2375,24790000.0,5757.0,-14.51
DDO 161,Irr,13.0544,-17.4231,24790000.0,20610.0,-16.34
ESO 269-37,S0,13.0592,-46.5842,11350000.0,1403.0,-12.02
KK 182,Irr,13.0839,-40.0828,11740000.0,1696.0,-11.89
DDO 165,Irr,13.1072,67.7042,14910000.0,6850.0,-15.09
UGC 8215,Irr,13.1342,46.8281,18270000.0,2495.0,-12.75
PGC 45628,Irr,13.16,-27.1406,21200000.0,1827.0,-14.28
ESO 269-58,Irr,13.1756,-46.9908,11740000.0,5088.0,-14.95
KKs 53,S0,13.1872,-38.9061,11740000.0,1435.0,-10.86
KK 189,S0,13.2125,-41.8319,11740000.0,1044.0,-10.52
ESO 269-66,E2,13.2192,-44.89,11550000.0,2479.0,-13.56
DDO 167,Irr,13.2228,46.3197,13670000.0,1957.0,-12.7
DDO 168,Irr,13.2411,45.9194,14120000.0,6213.0,-15.28
DDO 169,Irr,13.2583,47.4964,26750000.0,8480.0,-15.15
KK 195,Irr,13.3522,-31.5297,17030000.0,2919.0,-11.76
KKs 54,S0,13.3589,-31.8864,15000000.0,2365.0,-10.47
KK 196,Irr,13.3631,-45.0633,11740000.0,2267.0,-12.0
KK 197,S0,13.3669,-42.5356,11740000.0,1680.0,-12.76
KKs 55,S0,13.37,-42.7308,11740000.0,1517.0,-9.91
KK 198,S0,13.3822,-33.5675,15000000.0,1337.0,-10.96
KK 200,Irr,13.41,-30.9722,15100000.0,2756.0,-11.96
KK 203,S0,13.4578,-45.3525,11740000.0,929.6,-10.22
ESO 324-24,Irr,13.4603,-41.4806,12170000.0,5838.0,-15.45
PGC 170257,Irr,13.4892,-21.1792,20550000.0,1859.0,-14.16
UGC 8508,Irr,13.5122,54.91,8350000.0,1875.0,-12.98
PGC 47885,Irr,13.5856,-30.1178,16310000.0,1191.0,-12.98
ESO 444-78,Irr,13.6083,-29.2364,15000000.0,2316.0,-13.01
KK 208,S0,13.6097,-29.5708,15260000.0,11640.0,-14.24
DEEPJ 1337-33,Irr,13.6167,-33.3631,14710000.0,440.3,-11.18
ESO 444-84,Irr,13.6222,-28.0461,15040000.0,2870.0,-13.56
HIPASSJ 1337-39,Irr,13.6236,-39.8978,15980000.0,1435.0,-12.27
UGC 8638,Irr,13.6553,24.7758,7502000.0,1223.0,-12.43
DDO 181,Irr,13.6647,40.7392,9818000.0,2952.0,-12.97
KKs 57,S0,13.6939,-42.5819,11740000.0,1435.0,-10.07
KK 211,E0,13.7014,-45.205,11680000.0,1451.0,-11.93
KK 213,S0,13.7264,-43.7692,11840000.0,978.5,-9.72
ESO 325-11,Irr,13.75,-41.8589,11090000.0,4061.0,-14.05
KKs 58,S0,13.7667,-36.3289,11740000.0,1680.0,-10.64
KK 217,S0,13.7714,-45.6847,12520000.0,1174.0,-10.87
KK 218,S0,13.7775,-29.9792,15000000.0,2153.0,-10.97
ESO 174-1,S0,13.7992,-53.3511,19570000.0,11220.0,-16.82
Cen N,S0,13.8025,-47.565,11740000.0,1663.0,-10.89
HIPASSJ 1348-37,Irr,13.8092,-37.9675,11740000.0,880.7,-11.21
KK 221,S0,13.8128,-46.9969,12980000.0,2968.0,-10.6
ESO 383-87,Irr,13.8217,-36.0614,4893000.0,3262.0,-15.16
DDO 183,Irr,13.8475,38.0211,16630000.0,4305.0,-14.16
HIPASSJ 1351-47,Irr,13.8561,-47.0,11740000.0,880.7,-10.9
KKH 86,Irr,13.9092,4.2431,8513000.0,831.7,-10.32
UGC 8837,Irr,13.9125,53.9047,27070000.0,13470.0,-15.9
UGC 8833,Irr,13.9133,35.8375,10400000.0,1337.0,-12.42
ESO 384-16,E3,13.9503,-35.3339,12130000.0,2283.0,-13.06
KK 230,Irr,14.1194,35.0603,6197000.0,521.9,-8.55
Circinus,Sb,14.2192,-65.3392,9133000.0,18490.0,-19.9
KKH 87,Irr,14.2525,57.0875,24140000.0,2332.0,-13.3
DDO 187,Irr,14.2656,23.0553,8154000.0,1941.0,-12.71
DDO 190,Irr,14.4119,44.5258,9100000.0,2348.0,-14.18
PGC 51659,Irr,14.4675,-46.3017,11680000.0,3767.0,-11.83
ESO 222-10,Irr,14.5842,-49.4217,18920000.0,2642.0,-13.6
DDO 194,Irr,14.59,57.2567,26090000.0,5284.0,-15.05
ESO 272-25,Sc,14.7236,-44.7053,19240000.0,8431.0,-14.77
ESO 223-9,Irr,15.0189,-48.2925,17610000.0,8268.0,-15.98
UrsaMinor Dwarf,E5,15.1531,67.2144,195700.0,799.1,-7.13
ESO 274-1,Sc,15.2369,-46.8125,15330000.0,23730.0,-18.53
KKR 25,Irr,16.2297,54.3711,6067000.0,880.7,-9.94
ESO 137-18,Sc,16.3497,-60.4875,18920000.0,8823.0,-17.93
Draco Dwarf,E3,17.3336,57.9094,260900.0,1288.0,-8.74
Sagittarius dSph,E6,18.9175,-30.4783,65230.0,4240.0,-12.67
Sagittarius DIG,Irr,19.4997,-17.6781,3392000.0,1500.0,-11.49
KK 246,Irr,20.0658,-31.6817,18270000.0,3490.0,-12.96
UGC 11583,Irr,20.5042,60.4403,19240000.0,5626.0,-14.28
KK 251,Irr,20.5089,60.3536,19240000.0,5088.0,-13.63
KK 252,Irr,20.5256,60.8133,19240000.0,3767.0,-14.11
KKR 55,Irr,20.7556,60.4111,19240000.0,2854.0,-14.79
Aquarius Dwarf,Irr,20.7808,-12.8481,3066000.0,897.0,-11.09
KKR 56,Irr,20.8067,58.6183,19240000.0,3441.0,-14.39
Cepheus 1,Irr,20.8525,56.89,19240000.0,16930.0,-17.53
KKR 59,Irr,21.0567,57.2872,19240000.0,12980.0,-17.01
KKR 60,Irr,21.0981,57.2053,19240000.0,4697.0,-15.42
KK 258,S0,22.6786,-30.7997,12720000.0,2609.0,-10.66
Tucana Dwarf,E5,22.6969,-64.42,2870000.0,1044.0,-9.16
UGCA 438,Irr,23.4408,-32.3906,7274000.0,1533.0,-12.94
And VII,E3,23.4419,50.6756,2577000.0,1060.0,-11.67
Pegasus DIG,Irr,23.4761,14.7467,2479000.0,1696.0,-11.47
UGCA 442,Sc,23.7294,-31.9592,13930000.0,8872.0,-14.64
KKH 98,Irr,23.7594,38.7178,7991000.0,1272.0,-10.78
And VI,E3,23.8628,24.5861,2675000.0,1435.0,-10.8
ESO 149-3,Irr,23.8672,-52.5775,20870000.0,4795.0,-14.09
NGC 1,Sb,0.1208,27.7089,187900000.0,46470.0,-20.2
NGC 2,Sb,0.1214,27.6786,325300000.0,47310.0,-19.99
NGC 3,S0,0.1211,8.3014,158100000.0,25300.0,-19.03
NGC 4,S0,0.1233,8.3739,509800000.0,44490.0,-19.07
NGC 5,E0,0.13,35.3628,222400000.0,38820.0,-19.37
NGC 7,SBc,0.1389,-29.9164,54050000.0,17290.0,-17.0
NGC 9,Sb,0.1483,23.8178,186800000.0,29890.0,-19.29
NGC 10,SBc,0.1428,-33.8578,291800000.0,101800.0,-21.66
NGC 11,Sa,0.145,37.4481,194700000.0,42480.0,-19.28
NGC 12,SBc,0.1456,4.6122,159900000.0,25590.0,-19.45
NGC 13,Sb,0.1464,33.4331,200300000.0,67020.0,-19.84
NGC 14,Irr,0.1461,15.8158,23130000.0,9418.0,-16.45
NGC 15,Sa,0.1506,21.625,267100000.0,38850.0,-19.77
NGC 16,S0,0.1511,27.73,121600000.0,31850.0,-19.86
NGC 17,S0,0.185,-12.1078,248300000.0,75850.0,-19.11
NGC 19,SBc,0.1778,32.9828,213000000.0,34080.0,-19.97
NGC 20,S0,0.1589,33.3089,211500000.0,52290.0,-19.96
NGC 22,Sb,0.1633,27.8328,355800000.0,67280.0,-20.59
NGC 23,SBa,0.1647,25.9239,188700000.0,57650.0,-21.01
NGC 24,Sc,0.1656,-24.9644,35740000.0,30150.0,-18.0
NGC 25,S0,0.1664,-57.0203,413100000.0,84110.0,-21.91
NGC 26,Sb,0.1736,25.8322,189800000.0,57960.0,-20.12
NGC 27,Sb,0.1756,28.9969,303000000.0,52880.0,-20.34
NGC 28,E1,0.1736,-56.9889,316300000.0,36800.0,-20.13
NGC 29,SBc,0.1797,33.3519,202600000.0,44200.0,-20.37
NGC 31,Sc,0.1772,-56.9861,424700000.0,80300.0,-20.57
NGC 35,Sb,0.1861,-12.0206,264700000.0,26950.0,-19.55
NGC 36,SBb,0.1894,6.3889,256500000.0,82070.0,-20.38
NGC 37,S0,0.1897,-56.9569,432600000.0,69210.0,-20.91
NGC 38,Sa,0.1964,-5.5864,356100000.0,72500.0,-20.99
NGC 39,Sc,0.205,31.0608,202300000.0,32360.0,-19.66
NGC 41,Sc,0.2133,22.0239,276700000.0,32190.0,-20.04
NGC 42,S0,0.2156,22.1008,265400000.0,42460.0,-19.25
NGC 43,S0,0.2167,30.9156,199100000.0,46330.0,-20.23
NGC 45,SBc,0.2344,-23.1814,30300000.0,37460.0,-18.54
NGC 47,SBc,0.2417,-7.1678,238900000.0,79920.0,-20.42
NGC 48,SBc,0.2339,48.235,198300000.0,46150.0,-19.22
NGC 49,S0,0.2394,48.2472,203700000.0,32580.0,-18.88
NGC 50,S0,0.2456,-7.345,243900000.0,85150.0,-21.07
NGC 51,S0,0.2428,48.2561,236900000.0,44800.0,-20.11
NGC 52,Sc,0.2444,18.5817,225100000.0,72020.0,-19.79
NGC 53,SBb,0.2453,-60.3286,197300000.0,57410.0,-20.41
NGC 54,Sa,0.2519,-7.1067,236100000.0,44640.0,-19.7
NGC 55,Irr,0.2522,-39.2194,5174000.0,23480.0,-17.59
NGC 57,E0,0.2583,17.3292,227200000.0,72690.0,-21.41
NGC 59,S0,0.2569,-21.4447,17290000.0,6537.0,-15.52
NGC 60,Sc,0.2661,-0.3036,517600000.0,97860.0,-21.1
NGC 61-1,S0,0.2733,-6.3172,352100000.0,56330.0,-20.77
NGC 61-2,S0,0.2733,-6.3222,361300000.0,47300.0,-19.72
NGC 62,Sa,0.2847,-13.4864,286800000.0,45880.0,-20.32
NGC 63,S0,0.2958,11.45,60990000.0,15080.0,-18.66
NGC 64,SBc,0.2917,-6.825,324300000.0,75470.0,-20.99
NGC 65,S0,0.3161,-22.88,323000000.0,46980.0,-20.58
NGC 66,SBb,0.3178,-22.9364,323700000.0,56490.0,-20.78
NGC 67,E0,0.3039,30.0633,290800000.0,12690.0,-18.95
NGC 67A,E5,0.3033,30.0553,273600000.0,15920.0,-18.92
NGC 68,S0,0.305,30.0725,244400000.0,42660.0,-20.17
NGC 69,S0,0.3056,30.0406,286800000.0,20860.0,-18.92
NGC 70,Sc,0.3061,30.0789,305300000.0,71050.0,-20.66
NGC 71,S0,0.3064,30.0631,285100000.0,49760.0,-20.41
NGC 72,SBb,0.3078,30.0406,308900000.0,49420.0,-20.28
NGC 72A,E3,0.3094,30.0361,289100000.0,12620.0,-19.04
NGC 73,Sc,0.3106,-15.3217,329300000.0,81430.0,-20.52
NGC 74,Sb,0.3136,30.0614,313700000.0,36510.0,-18.82
NGC 75,S0,0.3239,6.4497,257400000.0,41180.0,-19.99
NGC 76,E0,0.3269,29.9342,315100000.0,45830.0,-20.92
NGC 77,S0,0.3336,-22.5322,832000000.0,48400.0,-21.33
NGC 78-1,SBa,0.3403,0.8264,209700000.0,33560.0,-19.84
NGC 78-2,S0,0.3408,0.8333,227200000.0,33040.0,-19.81
NGC 79,S0,0.3506,22.5672,243500000.0,21250.0,-19.37
NGC 80,S0,0.3528,22.3578,338000000.0,78660.0,-21.88
NGC 81,S0,0.3536,22.3833,271400000.0,7894.0,-18.1
NGC 83,E0,0.3561,22.4342,338000000.0,73750.0,-21.48
NGC 85,S0,0.3569,22.5122,244800000.0,24930.0,-18.58
NGC 86,S0,0.3578,22.5564,307500000.0,31300.0,-19.17
NGC 87,Irr,0.3539,-48.6289,146600000.0,19200.0,-18.56
NGC 88,SBa,0.3561,-48.6397,144100000.0,16760.0,-18.23
NGC 89,SBa,0.3567,-48.6653,137400000.0,23980.0,-18.92
NGC 90,SBc,0.3642,22.4006,238200000.0,65840.0,-19.82
NGC 92,Sa,0.3586,-48.6247,141500000.0,39100.0,-19.39
NGC 93,Sb,0.3675,22.4089,344200000.0,70090.0,-20.72
NGC 94-1,S0,0.3703,22.4833,257900000.0,15000.0,-18.89
NGC 94-2,S0,0.3703,22.4739,257900000.0,15000.0,-17.99
NGC 95,SBc,0.3703,10.4919,224700000.0,49010.0,-20.99
NGC 96,S0,0.3714,22.5467,274000000.0,23910.0,-19.02
NGC 97,E0,0.375,29.7456,198900000.0,37600.0,-20.53
NGC 98,SBc,0.3803,-45.2683,264300000.0,61510.0,-21.14
NGC 99,Sc,0.3997,15.77,221900000.0,32270.0,-20.16
NGC 100,Sc,0.4006,16.4864,70450000.0,43030.0,-17.77
NGC 101,SBc,0.3983,-32.5364,139500000.0,42600.0,-19.75
NGC 102,SBa,0.41,-13.9561,325000000.0,47270.0,-20.59
NGC 105,Sb,0.4211,12.8836,209700000.0,33550.0,-20.14
NGC 106,Sc,0.4119,-5.1489,268900000.0,35190.0,-20.18
NGC 107,Sc,0.4283,-8.2833,279300000.0,36560.0,-18.66
NGC 108,SBa,0.4331,29.2119,197500000.0,66060.0,-20.81
NGC 109,SBa,0.4372,21.8078,230900000.0,36930.0,-19.25
NGC 112,Sc,0.4467,31.7028,280700000.0,40820.0,-20.17
NGC 113,S0,0.4483,-2.5006,193100000.0,39320.0,-19.76
NGC 114,S0,0.4494,-1.7858,183600000.0,21360.0,-19.45
NGC 115,SBc,0.4461,-33.6761,67510000.0,18650.0,-17.88
NGC 117,Sa,0.4528,1.3342,238100000.0,24240.0,-18.92
NGC 118,E0,0.4544,-1.7797,486100000.0,49490.0,-21.27
NGC 119,S0,0.4492,-56.9778,320200000.0,46560.0,-20.86
NGC 120,S0,0.4583,-1.5136,181500000.0,39590.0,-19.23
NGC 124,Sc,0.4644,-1.8103,165000000.0,33610.0,-19.72
NGC 125,Sa,0.4806,2.8386,221100000.0,57900.0,-20.86
NGC 126,S0,0.4856,2.8111,174200000.0,20270.0,-18.24
NGC 127,S0,0.4867,2.8733,165200000.0,19220.0,-17.72
NGC 128,S0,0.4872,2.865,173700000.0,63170.0,-20.83
NGC 130,S0,0.4883,2.8711,182300000.0,18560.0,-18.34
NGC 131,SBb,0.4939,-33.2603,51110000.0,13380.0,-17.17
NGC 132,SBc,0.5028,2.0931,223600000.0,61790.0,-20.68
NGC 134,SBc,0.5058,-33.245,64340000.0,78610.0,-20.27
NGC 135,S0,0.5292,-13.3378,325600000.0,23680.0,-19.1
NGC 137,S0,0.5161,10.2086,219900000.0,38380.0,-20.34
NGC 138,Sa,0.5164,5.1597,520100000.0,98340.0,-21.41
NGC 139,SBb,0.5183,5.0783,596300000.0,69390.0,-20.91
NGC 140,Sc,0.5222,30.7919,272800000.0,59520.0,-20.61
NGC 141,S0,0.5214,5.1794,519400000.0,60440.0,-20.71
NGC 142,SBb,0.5186,-22.6194,355200000.0,56830.0,-20.58
NGC 143,SBb,0.5208,-22.56,356000000.0,51780.0,-19.89
NGC 144,Sc,0.5222,-22.6461,359400000.0,41820.0,-20.81
NGC 145,Irr,0.5292,-5.1539,169600000.0,44400.0,-20.28
NGC 147,E5,0.5531,48.5072,2285000.0,4388.0,-13.82
NGC 148,S0,0.5708,-31.7861,56190000.0,16340.0,-18.08
NGC 149,S0,0.5639,30.7236,215100000.0,37540.0,-19.3
NGC 150,SBb,0.5708,-27.805,65230000.0,37000.0,-19.5
NGC 151,SBc,0.5672,-9.705,162800000.0,89960.0,-21.09
NGC 154,E0,0.5719,-12.6558,354200000.0,56670.0,-20.18
NGC 155,S0,0.5778,-10.7661,273100000.0,67530.0,-20.31
NGC 157,SBc,0.5794,-8.3961,78850000.0,40140.0,-20.72
NGC 159,SBa,0.5764,-55.7897,371900000.0,75730.0,-20.38
NGC 160,Sa,0.6011,23.9581,219700000.0,73500.0,-20.64
NGC 161,S0,0.5925,-2.8483,270100000.0,51060.0,-20.19
NGC 163,E0,0.5997,-10.1214,265400000.0,61770.0,-20.85
NGC 164,S0,0.6089,2.75,444100000.0,25830.0,-19.07
NGC 165,SBc,0.6078,-10.1064,247300000.0,57560.0,-20.5
NGC 166,Sa,0.5967,-13.6106,267400000.0,35000.0,-19.17
NGC 167,SBc,0.5894,-23.3747,171300000.0,24920.0,-19.2
NGC 168,Sa,0.6106,-22.5936,173200000.0,30230.0,-18.73
NGC 169,Sb,0.6142,23.9914,191300000.0,72350.0,-20.64
NGC 170,S0,0.6125,1.8864,189700000.0,11030.0,-18.32
NGC 171,SBb,0.6225,-19.9344,156900000.0,47920.0,-20.41
NGC 172,SBc,0.6203,-22.5867,117200000.0,34100.0,-18.38
NGC 173,Sc,0.62,1.9422,179500000.0,83530.0,-20.7
NGC 174,SBa,0.6161,-29.4778,142400000.0,28990.0,-19.4
NGC 177,Sb,0.6261,-22.5492,160200000.0,51260.0,-19.36
NGC 178,Sb,0.6522,-14.1722,50660000.0,15470.0,-17.56
NGC 179,S0,0.6294,-17.85,315600000.0,41310.0,-20.73
NGC 180,SBc,0.6325,8.6347,219400000.0,60640.0,-20.34
NGC 181,S0,0.6397,29.4733,232800000.0,23700.0,-18.47
NGC 182,SBa,0.6367,2.7286,219300000.0,60590.0,-20.74
NGC 183,E0,0.6414,29.5117,222100000.0,54920.0,-20.57
NGC 184,S0,0.6431,29.4475,221800000.0,22580.0,-18.56
NGC 185,E3,0.6492,48.3372,1992000.0,2318.0,-13.63
NGC 186,SBa,0.6403,3.1661,203400000.0,41430.0,-19.47
NGC 187,Sc,0.6583,-14.6564,161800000.0,30600.0,-19.58
NGC 190,Sb,0.6483,7.0622,494500000.0,64730.0,-21.1
NGC 190A,E0,0.6483,7.0564,501200000.0,43740.0,-20.13
NGC 191,SBc,0.6497,-9.0028,224900000.0,45800.0,-20.09
NGC 192,SBa,0.6536,0.8642,172600000.0,47700.0,-20.12
NGC 193,S0,0.655,3.3311,177700000.0,36190.0,-20.28
NGC 194,E0,0.655,3.0375,181100000.0,42150.0,-20.52
NGC 195,SBa,0.6597,-9.1942,204700000.0,35720.0,-19.39
NGC 196,S0,0.6547,0.9131,173900000.0,32870.0,-19.03
NGC 197,S0,0.655,0.8925,171800000.0,17490.0,-18.91
NGC 198,Sc,0.6561,2.7983,219400000.0,38300.0,-20.64
NGC 199,S0,0.6592,3.1381,204400000.0,35680.0,-19.29
NGC 200,SBc,0.6594,2.8869,242700000.0,60010.0,-20.86
NGC 201,SBc,0.6594,0.8603,179600000.0,47010.0,-20.1
NGC 202,Sa,0.6608,3.5356,177400000.0,23220.0,-18.18
NGC 203,S0,0.6608,3.4425,231800000.0,30340.0,-19.16
NGC 204,S0,0.6622,3.3,239400000.0,41780.0,-20.33
M 110,E5,0.6728,41.6853,2481000.0,7035.0,-15.5
NGC 207,Sa,0.6611,-14.2364,177200000.0,23190.0,-19.07
NGC 208,Sa,0.6714,2.7558,226900000.0,23110.0,-18.81
NGC 209,S0,0.6508,-18.6083,161500000.0,25840.0,-19.47
NGC 210,SBb,0.6761,-13.8725,58770000.0,42740.0,-19.58
NGC 212,S0,0.6703,-56.1525,366600000.0,53320.0,-20.85
NGC 213,SBa,0.6858,16.4697,228000000.0,49740.0,-19.82
NGC 214,SBc,0.6911,25.4994,187800000.0,51900.0,-20.8
NGC 215,S0,0.68,-56.2142,359700000.0,57550.0,-21.11
NGC 216,S0,0.6908,-21.0453,56100000.0,16320.0,-17.48
NGC 217,Sa,0.6925,-10.0217,163900000.0,64360.0,-20.0
NGC 218,S0,0.6956,36.3592,205100000.0,26850.0,-18.79
NGC 219,E0,0.7031,0.9044,229800000.0,16710.0,-18.74
M 32,E2,0.7114,40.8658,2763000.0,3416.0,-15.54
NGC 223,Sa,0.7042,0.8461,223700000.0,42300.0,-19.88
Andromeda Galaxy,Sb,0.7122,41.2689,2573000.0,70760.0,-20.12
NGC 226,Irr,0.7147,32.5803,201800000.0,26410.0,-19.56
NGC 227,S0,0.71,-1.5281,219100000.0,47810.0,-21.04
NGC 228,SBb,0.715,23.5033,311600000.0,54380.0,-20.2
NGC 229,S0,0.7178,23.5094,325600000.0,47360.0,-20.0
NGC 230,Sa,0.7075,-23.6289,605800000.0,96930.0,-20.74
NGC 232,SBa,0.7125,-23.5617,284400000.0,37220.0,-20.3
NGC 233,E0,0.7267,30.5869,229300000.0,40010.0,-20.43
NGC 234,SBc,0.7256,14.3425,183600000.0,40050.0,-20.45
NGC 235A,S0,0.7144,-23.5411,289900000.0,54820.0,-20.74
NGC 235B,S0,0.7147,-23.5453,301800000.0,17560.0,-20.33
NGC 236,Sc,0.7242,2.9581,236600000.0,41290.0,-20.0
NGC 237,SBc,0.7242,-0.1253,190300000.0,44280.0,-20.23
NGC 238,SBb,0.7236,-50.1828,375900000.0,109300.0,-22.11
NGC 239,Sb,0.7436,-3.76,168300000.0,24480.0,-18.76
NGC 240,Sa,0.7503,6.1128,540800000.0,94390.0,-21.5
NGC 243,S0,0.7667,29.9597,199700000.0,26140.0,-19.33
NGC 244,S0,0.7628,-15.5972,28290000.0,4938.0,-15.79
NGC 245,Sb,0.7681,-1.7233,167000000.0,31570.0,-20.45
NGC 247,SBc,0.7856,-20.76,11750000.0,32820.0,-18.18
NGC 250,Sa,0.7878,7.91,219500000.0,35120.0,-19.44
NGC 251,Sc,0.7981,19.5969,190400000.0,66460.0,-19.73
NGC 252,Sa,0.8003,27.6233,210000000.0,42760.0,-20.64
NGC 253,SBc,0.7925,-25.2875,10830000.0,45670.0,-19.6
NGC 254,S0,0.7908,-31.4219,60550000.0,22900.0,-18.74
NGC 255,SBc,0.7964,-11.4683,57350000.0,25860.0,-18.52
NGC 257,Sc,0.8003,8.2967,265800000.0,73460.0,-21.16
NGC 258,Sb,0.8033,27.6578,212500000.0,15460.0,-19.07
NGC 259,Sc,0.8008,-2.7758,174800000.0,73730.0,-20.04
NGC 260,Sc,0.8094,27.6919,218200000.0,25390.0,-19.83
NGC 262,Sa,0.8131,31.9575,187500000.0,30010.0,-19.8
NGC 263,Sc,0.8133,-13.1072,386800000.0,39380.0,-20.27
NGC 264,S0,0.8056,-38.2344,219700000.0,35150.0,-19.74
NGC 266,SBb,0.8297,32.2775,194500000.0,84850.0,-21.28
NGC 268,SBc,0.8358,-5.1939,229900000.0,53510.0,-20.34
NGC 270,Sa,0.8422,-8.6517,167700000.0,41460.0,-19.75
NGC 271,SBb,0.8447,-1.9106,168000000.0,53750.0,-20.56
NGC 273,S0,0.8467,-6.8856,211100000.0,64480.0,-20.15
NGC 274,S0,0.8503,-7.0567,63600000.0,12950.0,-18.65
NGC 275,SBc,0.8511,-7.0653,63410000.0,13830.0,-18.24
NGC 276,SBb,0.8683,-22.6803,604100000.0,87870.0,-20.54
NGC 277,S0,0.8547,-8.5964,182300000.0,37130.0,-19.04
NGC 278,SBb,0.8678,47.5508,17420000.0,5321.0,-17.14
NGC 279,Sa,0.8689,-2.2183,158700000.0,36940.0,-19.64
NGC 280,SBa,0.875,24.3508,399100000.0,98670.0,-21.14
NGC 282,E0,0.8783,30.6389,296500000.0,43130.0,-20.09
NGC 283,Sc,0.8869,-13.1633,496400000.0,115500.0,-21.11
NGC 284,E0,0.89,-13.1583,510200000.0,44530.0,-20.57
NGC 285,S0,0.8914,-13.1603,293400000.0,29870.0,-19.07
NGC 286,S0,0.8917,-13.1122,481000000.0,90950.0,-20.74
NGC 287,Sa,0.8911,32.4825,244900000.0,28490.0,-19.58
NGC 289,SBc,0.8783,-31.2056,91980000.0,68230.0,-20.55
NGC 291,Sa,0.8914,-8.7675,252800000.0,40440.0,-19.65
NGC 293,SBb,0.9044,-7.2356,250100000.0,40010.0,-19.42
NGC 296,SBb,0.9186,31.5422,213400000.0,68290.0,-20.88
NGC 297,E0,0.9161,-7.3503,671500000.0,29300.0,-20.07
NGC 298,Sc,0.9172,-7.3336,64070000.0,15840.0,-16.97
NGC 300,Sc,0.9147,-37.6842,6704000.0,18530.0,-17.76
NGC 301,S0,0.9383,-10.6733,301800000.0,30730.0,-19.03
NGC 303,Sa,0.915,-16.655,429900000.0,43770.0,-20.4
NGC 304,S0,0.935,24.1272,208000000.0,33270.0,-20.02
NGC 307,S0,0.9422,-1.7722,163900000.0,38140.0,-19.7
NGC 309,SBc,0.945,-9.9142,238300000.0,104000.0,-21.72
NGC 311,S0,0.9589,30.2803,212300000.0,46310.0,-20.07
NGC 312,E2,0.9375,-52.7831,357100000.0,72710.0,-21.8
NGC 314,S0,0.9478,-31.9631,251500000.0,32920.0,-20.24
NGC 315,E0,0.9636,30.3519,214800000.0,93730.0,-21.89
NGC 317-2,SBc,0.9611,43.7919,225900000.0,36140.0,-20.3
NGC 317A,S0,0.9608,43.8014,224300000.0,45670.0,-19.69
NGC 318,S0,0.9681,30.4261,235600000.0,17130.0,-18.89
NGC 319,SBa,0.9492,-43.8386,311500000.0,45310.0,-20.6
NGC 320,SBa,0.9794,-20.8403,244600000.0,28460.0,-19.87
NGC 321,SBc,0.9608,-5.0858,243400000.0,14160.0,-18.66
NGC 322-1,S0,0.9528,-43.7269,306700000.0,40150.0,-20.57
NGC 322-2,S0,0.9525,-43.73,306700000.0,6692.0,-17.57
NGC 323,E0,0.9447,-52.9758,357100000.0,67520.0,-21.6
NGC 324,Sa,0.9539,-40.9594,143700000.0,29250.0,-19.22
NGC 325,Sc,0.9631,-5.1125,243500000.0,46050.0,-18.87
NGC 326,E0,0.9728,26.8658,616300000.0,125500.0,-22.08
NGC 327,Sc,0.9653,-5.1308,279800000.0,61050.0,-20.37
NGC 328,SBa,0.9492,-52.9236,206900000.0,78230.0,-19.71
NGC 329,Sb,0.9669,-5.0706,233300000.0,50890.0,-19.97
NGC 331,Sa,0.785,-2.7311,316400000.0,36810.0,-19.43
NGC 332,E0,0.9803,7.1111,231600000.0,33690.0,-19.76
NGC 333,E0,0.9808,-16.4689,331200000.0,77060.0,-20.13
NGC 333B,S0,0.9806,-16.4719,714400000.0,31170.0,-21.1
NGC 334,SBb,0.9803,-35.1156,399300000.0,69690.0,-20.84
NGC 335,Sc,0.9886,-18.2342,232700000.0,37230.0,-19.17
NGC 336,S0,0.9675,-18.3858,244900000.0,21370.0,-18.88
NGC 337,SBc,0.9969,-7.5781,59490000.0,25960.0,-19.0
NGC 337A,Irr,1.0258,-7.5883,33820000.0,32460.0,-17.28
NGC 338,Sb,1.01,30.6692,199600000.0,52260.0,-20.23
NGC 340,Sb,1.0094,-6.8661,271900000.0,35590.0,-20.1
NGC 341,SBc,1.0125,-9.1861,199800000.0,34870.0,-20.14
NGC 341B,E0,1.0131,-9.1872,724500000.0,31610.0,-20.13
NGC 342,E0,1.0136,-6.7722,258200000.0,30040.0,-19.09
NGC 343,S0,0.9731,-23.2244,730300000.0,74350.0,-20.45
NGC 344,S0,0.9736,-23.2289,509800000.0,29660.0,-19.07
NGC 345,Sa,1.0228,-6.8842,234200000.0,40870.0,-19.48
NGC 347,S0,1.0264,-6.7336,247500000.0,21600.0,-18.8
NGC 348,Sb,1.0142,-53.245,390400000.0,45420.0,-20.79
NGC 349,S0,1.0306,-6.7997,256100000.0,48410.0,-20.37
NGC 350,S0,1.0322,-6.7953,321700000.0,32750.0,-19.07
NGC 351,SBa,1.0325,-1.9364,172600000.0,37660.0,-19.52
NGC 352,SBb,1.0358,-4.2453,221200000.0,77210.0,-20.66
NGC 353,SBa,1.04,-1.9569,171900000.0,32500.0,-19.01
NGC 354,SBa,1.0544,22.3428,152200000.0,17710.0,-19.04
NGC 355,S0,1.0517,-6.3236,386800000.0,56250.0,-19.07
NGC 356,Sc,1.0519,-6.9881,248500000.0,65070.0,-20.51
NGC 357,SBa,1.0558,-6.3392,99190000.0,36070.0,-19.31
NGC 359,S0,1.0711,-0.7644,237300000.0,51760.0,-19.91
NGC 360,Sc,1.0475,-65.6089,97940000.0,51280.0,-18.99
NGC 363,S0,1.1042,-16.5422,497100000.0,43380.0,-20.21
NGC 364,S0,1.0778,-0.8028,233200000.0,47490.0,-19.97
NGC 365,SBc,1.0717,-35.1222,440500000.0,64070.0,-21.35
NGC 367,S0,1.0967,-12.1283,341500000.0,44700.0,-19.4
NGC 368,SBa,1.0725,-43.2761,393000000.0,40010.0,-20.7
NGC 369,SBb,1.0856,-17.7592,262600000.0,38200.0,-19.93
NGC 373,E0,1.1161,32.3089,244900000.0,14250.0,-18.48
NGC 374,Sa,1.1181,32.7947,213000000.0,34080.0,-19.67
NGC 375,E2,1.1181,32.3486,255000000.0,18540.0,-18.97
NGC 377,Sc,1.1097,-20.3314,293400000.0,34140.0,-19.07
NGC 378,SBc,1.1033,-30.1781,417200000.0,91020.0,-21.73
NGC 379,S0,1.1208,32.5203,219100000.0,44620.0,-20.24
NGC 380,E2,1.1214,32.4828,219100000.0,41430.0,-20.54
NGC 382,E0,1.1231,32.4033,248700000.0,25320.0,-20.21
NGC 383,S0,1.1233,32.4122,219100000.0,63750.0,-20.94
NGC 384,E3,1.1236,32.2928,183100000.0,29300.0,-19.75
NGC 385,S0,1.1242,32.3194,219100000.0,35060.0,-20.14
NGC 386,E3,1.1253,32.3625,234700000.0,13650.0,-18.79
NGC 387,E0,1.1258,32.3908,209100000.0,12160.0,-17.53
NGC 388,E1,1.1297,32.3106,215000000.0,18770.0,-18.5
NGC 389,Sa,1.1414,39.695,237200000.0,44840.0,-19.41
NGC 391,S0,1.1228,0.9258,236600000.0,30980.0,-19.8
NGC 392,S0,1.1397,33.1333,219100000.0,38250.0,-20.44
NGC 393,S0,1.1433,39.6439,272800000.0,67460.0,-21.21
NGC 394,S0,1.1406,33.1478,223200000.0,19480.0,-19.18
NGC 396,S0,1.1356,4.5308,559900000.0,32580.0,-19.67
NGC 397,E0,1.1419,33.1097,219100000.0,22310.0,-18.34
NGC 398,S0,1.1481,32.515,221000000.0,25710.0,-18.65
NGC 399,SBa,1.1497,32.6336,219600000.0,28750.0,-19.64
NGC 403,Sa,1.1539,32.7517,212900000.0,55730.0,-20.67
NGC 404,S0,1.1572,35.7183,9726000.0,4951.0,-16.37
NGC 406,Sc,1.1233,-69.8761,63900000.0,24160.0,-18.46
NGC 407,Sa,1.1767,33.1253,237300000.0,62130.0,-19.91
NGC 409,E0,1.1592,-35.8056,281400000.0,53200.0,-20.68
NGC 410,E0,1.1828,33.1525,219100000.0,76500.0,-21.64
NGC 413,Sc,1.2086,-2.7933,244900000.0,42740.0,-19.48
NGC 414,S0,1.1881,33.1136,210100000.0,21390.0,-19.54
NGC 415,SBb,1.1681,-35.4903,280800000.0,61260.0,-20.37
NGC 417,S0,1.1847,-18.1486,561500000.0,49000.0,-20.88
NGC 418,SBc,1.1764,-30.2211,243000000.0,70690.0,-21.26
NGC 420,S0,1.2025,32.1231,208900000.0,60780.0,-20.83
NGC 423,Sa,1.1894,-29.2344,70330000.0,10230.0,-17.27
NGC 424,SBa,1.1908,-38.0836,143700000.0,48070.0,-19.42
NGC 425,S0,1.2172,38.7692,271400000.0,39470.0,-21.0
NGC 426,E0,1.2133,-0.2897,220600000.0,44910.0,-20.35
NGC 427,SBa,1.2053,-32.0611,435100000.0,63280.0,-20.53
NGC 428,Irr,1.2153,0.9814,37740000.0,21960.0,-18.42
NGC 429,S0,1.2158,-0.345,237500000.0,48370.0,-19.91
NGC 430,E0,1.2164,-0.2525,221500000.0,41870.0,-20.66
NGC 431,S0,1.2344,33.7053,412700000.0,84030.0,-21.61
NGC 432,S0,1.1961,-61.5275,354800000.0,67080.0,-21.18
NGC 434,SBb,1.2039,-58.2472,213400000.0,68290.0,-21.28
NGC 434A,SBa,1.2083,-58.2078,209100000.0,36500.0,-18.23
NGC 435,Sc,1.2331,2.0711,454700000.0,72750.0,-20.82
NGC 437,Sa,1.2394,5.9264,221700000.0,41920.0,-20.26
NGC 438,SBb,1.2261,-37.9014,144000000.0,29320.0,-19.62
NGC 439,S0,1.2297,-31.7472,245800000.0,89370.0,-21.88
NGC 440,Sc,1.2133,-58.2828,217500000.0,37960.0,-20.42
NGC 441,SBa,1.2308,-31.7889,241100000.0,49100.0,-20.54
NGC 442,Sa,1.2439,-1.0206,236500000.0,34400.0,-19.8
NGC 443,S0,1.2519,33.3778,205700000.0,23930.0,-19.5
NGC 444,Sc,1.2636,31.0806,197900000.0,54700.0,-19.01
NGC 445,S0,1.2478,1.9175,506800000.0,36850.0,-20.66
NGC 446,S0,1.2675,4.2944,228500000.0,66480.0,-20.43
NGC 447,SBa,1.2603,33.0664,236900000.0,75790.0,-19.8
NGC 448,S0,1.2544,-1.6253,98830000.0,23000.0,-19.21
NGC 449,Sb,1.2686,33.0889,202300000.0,23540.0,-18.96
NGC 450,SBc,1.2583,-0.8614,70850000.0,30910.0,-19.38
NGC 451,Sc,1.27,33.0636,205100000.0,20880.0,-19.09
NGC 452,SBb,1.2708,31.0333,229900000.0,83610.0,-19.94
NGC 454-1,S0,1.2392,-55.4006,155800000.0,38530.0,-20.3
NGC 454-2,S0,1.24,-55.3972,155800000.0,22660.0,-18.9
NGC 455,Irr,1.2658,5.1783,220800000.0,64240.0,-20.55
NGC 459,Sc,1.3022,17.5625,552500000.0,56250.0,-20.64
NGC 461,SBc,1.2889,-33.8411,243600000.0,42520.0,-20.27
NGC 462,E0,1.3028,4.2264,478700000.0,27850.0,-20.13
NGC 463,Sa,1.3161,16.3253,279300000.0,40630.0,-19.56
NGC 466,Sa,1.2869,-58.9097,230900000.0,57090.0,-20.65
NGC 467,S0,1.3194,3.3014,231000000.0,57120.0,-21.15
NGC 468,Sa,1.33,32.7672,225000000.0,22910.0,-18.89
NGC 469,S0,1.3258,14.8719,182500000.0,18580.0,-18.64
NGC 470,Sb,1.3289,3.4092,165000000.0,69610.0,-21.02
NGC 471,S0,1.3331,14.7858,170700000.0,24830.0,-19.39
NGC 472,Sa,1.3411,32.7083,235600000.0,44540.0,-20.29
NGC 473,SBa,1.3317,16.545,81450000.0,22510.0,-18.69
NGC 474,S0,1.335,3.4161,91520000.0,94510.0,-19.94
NGC 475,E0,1.3336,14.8617,709400000.0,41270.0,-20.69
NGC 476,S0,1.3386,16.0206,279300000.0,20310.0,-19.26
NGC 477,SBc,1.3556,40.4886,249600000.0,54460.0,-20.62
NGC 478,S0,1.3356,-22.3781,300500000.0,39340.0,-20.22
NGC 479,Sc,1.3542,3.8628,219600000.0,35140.0,-19.34
NGC 480,Sa,1.3428,-9.8803,569300000.0,41400.0,-20.11
NGC 481,S0,1.3533,-9.2111,245600000.0,46440.0,-19.88
NGC 482,Sb,1.3389,-40.9661,283700000.0,90790.0,-20.2
NGC 483,S0,1.3656,33.5206,199100000.0,20270.0,-19.93
NGC 484,S0,1.3261,-58.5244,225900000.0,62430.0,-22.0
NGC 485,S0,1.3575,7.0181,86530000.0,22650.0,-18.02
NGC 487,Sa,1.3653,-16.37,263400000.0,42150.0,-20.24
NGC 488,Sb,1.3628,5.2558,95000000.0,74610.0,-21.12
NGC 489,S0,1.3647,9.2064,98830000.0,24440.0,-18.91
NGC 490,S0,1.3672,5.3678,85370000.0,8692.0,-16.89
NGC 491,SBb,1.3556,-34.0636,162700000.0,33130.0,-20.29
NGC 491A,SBc,1.3347,-33.9006,149700000.0,41370.0,-19.01
NGC 492,SBa,1.3703,5.4169,627000000.0,63840.0,-20.02
NGC 493,SBc,1.3692,0.9464,95620000.0,47290.0,-19.43
NGC 494,Sb,1.3819,33.1728,222400000.0,64710.0,-20.37
NGC 495,SBa,1.3822,33.4708,284100000.0,49580.0,-20.8
NGC 496,Sc,1.3864,33.5281,255400000.0,59430.0,-20.27
NGC 497,SBc,1.3731,-0.8747,348000000.0,106300.0,-21.34
NGC 498,S0,1.3864,33.49,272900000.0,19850.0,-19.31
NGC 499,S0,1.3864,33.4597,245900000.0,60800.0,-21.19
NGC 500,S0,1.3775,5.3878,544400000.0,63340.0,-20.91
NGC 501,E0,1.3894,33.4336,205500000.0,14940.0,-18.5
NGC 502,S0,1.3819,9.0494,97720000.0,15630.0,-18.68
NGC 503,S0,1.3911,33.3322,254100000.0,33260.0,-19.36
NGC 504,S0,1.3911,33.2039,169900000.0,42020.0,-19.58
NGC 505,S0,1.3825,9.4689,246900000.0,32320.0,-19.4
NGC 507,S0,1.3944,33.2567,245900000.0,89410.0,-22.09
NGC 508,E0,1.3944,33.2803,234100000.0,37450.0,-20.18
NGC 509,SBa,1.39,9.4333,87650000.0,20400.0,-17.55
NGC 511,E0,1.3917,11.2908,494500000.0,79110.0,-21.0
NGC 512,Sb,1.3997,33.9072,200900000.0,46750.0,-19.85
NGC 513,Sc,1.4072,33.7989,252900000.0,33110.0,-20.85
NGC 514,SBc,1.4008,12.9172,112200000.0,60380.0,-20.38
NGC 515,S0,1.4106,33.4722,184500000.0,37570.0,-19.66
NGC 516,SBa,1.4022,9.5519,94690000.0,19280.0,-18.11
NGC 517,S0,1.4119,33.4289,177600000.0,36170.0,-20.18
NGC 518,Sa,1.4047,9.3308,106800000.0,24850.0,-18.28
NGC 519,E0,1.4078,-1.6414,224100000.0,16300.0,-18.78
NGC 520,Sa,1.4094,3.7942,85110000.0,42090.0,-19.88
NGC 521,SBc,1.4092,1.7314,210900000.0,82840.0,-21.55
NGC 522,Sc,1.4125,9.995,111400000.0,45370.0,-18.67
NGC 524,Sa,1.4131,9.5386,77080000.0,31390.0,-20.57
NGC 525,S0,1.4144,9.7039,81990000.0,17890.0,-17.7
NGC 526A,S0,1.3983,-35.0656,251600000.0,43920.0,-20.04
NGC 526B,S0,1.3989,-35.0692,250200000.0,29110.0,-20.42
NGC 527-1,SBa,1.3994,-35.1153,246500000.0,57350.0,-20.29
NGC 527-2,S0,1.3997,-35.1281,246500000.0,21510.0,-19.29
NGC 528,S0,1.4258,33.6706,201400000.0,35140.0,-20.35
NGC 529,S0,1.4278,34.7131,201800000.0,70440.0,-20.76
NGC 530,Sa,1.4114,-1.5869,250700000.0,54680.0,-20.43
NGC 531,SBa,1.4383,34.7542,219000000.0,57340.0,-19.23
NGC 532,Sb,1.4214,9.2642,92150000.0,41550.0,-18.35
NGC 533,E3,1.4253,1.7592,207800000.0,114900.0,-21.62
NGC 534,S0,1.4122,-38.1289,249900000.0,36350.0,-20.02
NGC 535,Sa,1.4253,-1.4089,206600000.0,30040.0,-19.11
NGC 536,SBb,1.4392,34.7033,201900000.0,96900.0,-20.76
NGC 537,Sc,1.4222,34.0253,179400000.0,65230.0,-20.2
NGC 538,Sb,1.4239,-1.5508,207800000.0,39290.0,-19.42
NGC 539,SBc,1.4225,-18.1644,418000000.0,97260.0,-21.34
NGC 540,S0,1.4522,-20.0367,447100000.0,58520.0,-19.88
NGC 541,S0,1.4289,-1.3794,207800000.0,54410.0,-20.82
NGC 542,Sb,1.4417,34.6761,195600000.0,28450.0,-18.29
NGC 543,S0,1.4306,-1.2925,219900000.0,19190.0,-19.84
NGC 544,S0,1.4197,-38.0944,257300000.0,56140.0,-20.08
NGC 545,S0,1.4331,-1.3406,207800000.0,78590.0,-20.72
NGC 546,SBb,1.42,-38.0692,282800000.0,57580.0,-20.19
NGC 547,E1,1.4333,-1.345,207800000.0,57430.0,-20.72
NGC 548,E0,1.4339,-1.2253,207800000.0,24180.0,-19.32
NGC 549,Sa,1.4186,-38.0072,265000000.0,19270.0,-19.05
NGC 550,Sa,1.445,2.0222,248100000.0,50520.0,-20.81
NGC 551,SBc,1.4611,37.1831,206700000.0,54100.0,-20.51
NGC 553,S0,1.4367,33.4047,227600000.0,19860.0,-19.12
NGC 554A,S0,1.4525,-22.7256,193800000.0,25370.0,-19.07
NGC 554B,S0,1.4525,-22.7236,193800000.0,8458.0,-19.07
NGC 555,SBa,1.4531,-22.7617,448400000.0,45650.0,-20.39
NGC 556,S0,1.4533,-22.6972,431300000.0,25090.0,-19.71
NGC 557,SBa,1.4403,-1.6383,246200000.0,64460.0,-19.79
NGC 558,E0,1.4544,-1.9706,210200000.0,12230.0,-19.05
NGC 560,S0,1.4569,-1.9125,230900000.0,63810.0,-20.35
NGC 561,SBa,1.4717,34.3083,196100000.0,45620.0,-19.99
NGC 562,Sc,1.4747,48.3869,446800000.0,84480.0,-21.38
NGC 564,E0,1.4633,-1.8786,207800000.0,39290.0,-20.52
NGC 565,Sa,1.4694,-1.3058,187000000.0,35360.0,-19.29
NGC 566,S0,1.4839,32.3322,239700000.0,55780.0,-19.83
NGC 567,S0,1.4506,-10.2647,306100000.0,44530.0,-19.66
NGC 568,S0,1.4656,-35.7175,240600000.0,76990.0,-20.74
NGC 569,Sc,1.4853,11.1317,243700000.0,35450.0,-19.67
NGC 570,SBa,1.4828,-0.9486,231400000.0,53850.0,-20.55
NGC 571,S0,1.4989,32.5008,195400000.0,36940.0,-19.19
NGC 572,S0,1.4767,-39.3072,402300000.0,46800.0,-20.26
NGC 573,S0,1.5136,41.2572,123700000.0,7198.0,-19.2
NGC 574,SBb,1.4842,-35.5986,244400000.0,39110.0,-20.17
NGC 575,SBc,1.5128,21.4403,127300000.0,31480.0,-19.36
NGC 576,SBa,1.4825,-51.5981,133300000.0,19390.0,-18.66
NGC 577,SBa,1.5111,-1.9942,251900000.0,69620.0,-20.54
NGC 578,SBc,1.5078,-22.6667,90720000.0,63340.0,-20.72
NGC 579,Sc,1.5294,33.6144,210500000.0,45930.0,-20.15
NGC 582,SBb,1.5328,33.4756,206400000.0,66040.0,-19.91
NGC 583,S0,1.4956,-18.3394,308400000.0,31400.0,-19.68
NGC 584,E4,1.5222,-6.8672,65560000.0,39090.0,-20.01
NGC 585,Sa,1.5283,-0.9328,225600000.0,72190.0,-20.1
NGC 586,Sa,1.5267,-6.8931,75660000.0,18710.0,-17.73
NGC 587,SBb,1.5425,35.3583,192700000.0,61650.0,-20.26
NGC 589,Sa,1.5442,-12.0422,218100000.0,34890.0,-19.13
NGC 590,SBa,1.5611,44.9292,214900000.0,81250.0,-20.19
NGC 591,SBa,1.5586,35.6683,191100000.0,36130.0,-19.94
NGC 593,S0,1.5389,-12.3544,229900000.0,40130.0,-18.64
NGC 594,Sc,1.5492,-16.5353,229300000.0,46680.0,-19.93
NGC 596,E0,1.5478,-7.0319,70170000.0,32660.0,-19.76
NGC 597,SBc,1.5372,-33.4969,215800000.0,43950.0,-20.1
Triangulum Galaxy,Sc,1.5642,30.6581,2814000.0,28120.0,-18.46
NGC 599,S0,1.5481,-12.1908,241100000.0,49090.0,-19.84
NGC 600,SBc,1.5514,-7.3122,69150000.0,28160.0,-18.53
NGC 601,E0,1.5517,-12.2083,248800000.0,14480.0,-18.31
NGC 605,S0,1.5839,41.2478,226900000.0,72620.0,-20.21
NGC 606,SBc,1.5806,21.4181,431400000.0,87850.0,-21.41
NGC 608,Sb,1.5911,33.6564,215500000.0,59550.0,-19.9
NGC 612,Sa,1.5658,-36.4931,388100000.0,84660.0,-21.48
NGC 613,SBc,1.5717,-29.4186,106100000.0,84870.0,-21.86
NGC 614,S0,1.5978,33.6819,218100000.0,44410.0,-20.43
NGC 615,Sb,1.5847,-7.3403,99590000.0,39110.0,-19.92
NGC 617,Sb,1.5672,-9.7736,540500000.0,39300.0,-20.8
NGC 619,SBb,1.5808,-36.4894,369700000.0,80650.0,-20.97
NGC 620,E0,1.6164,42.3228,112000000.0,16290.0,-18.78
NGC 621,S0,1.6133,35.5125,135600000.0,23670.0,-19.29
NGC 622,SBc,1.6,0.6636,216600000.0,50400.0,-20.31
NGC 623,E0,1.585,-36.49,389400000.0,113300.0,-21.78
NGC 624,Sb,1.5975,-10.0031,248900000.0,54300.0,-20.31
NGC 625,Irr,1.5844,-41.4375,11510000.0,9713.0,-16.04
NGC 626,SBc,1.5864,-39.1461,241400000.0,77230.0,-20.95
M 74,Sc,1.6114,15.7833,20310000.0,31020.0,-19.17
NGC 630,S0,1.5933,-39.3578,254900000.0,59310.0,-21.56
NGC 631,E0,1.6131,5.8358,237900000.0,34590.0,-19.31
NGC 632,S0,1.6214,5.8772,152000000.0,22110.0,-19.94
NGC 633,SBb,1.6064,-37.3208,220500000.0,44890.0,-20.65
NGC 634,Sa,1.6383,35.3647,208500000.0,63690.0,-20.13
NGC 635,Sb,1.6381,-22.9289,621800000.0,45220.0,-21.1
NGC 636,E3,1.6517,-7.5122,93630000.0,38130.0,-19.79
NGC 638,Sb,1.6603,7.2372,148300000.0,17250.0,-18.79
NGC 639,Sa,1.6497,-29.925,249100000.0,36230.0,-19.71
NGC 640,Sa,1.6567,-9.4011,332300000.0,33830.0,-19.14
NGC 641,S0,1.6442,-42.5275,227100000.0,46250.0,-21.11
NGC 642,SBc,1.6517,-29.9153,253800000.0,73820.0,-21.45
NGC 643B,S0,1.6536,-75.0114,174900000.0,38170.0,-19.15
NGC 643C,Sc,1.6967,-75.2675,293400000.0,55470.0,-19.07
NGC 644,SBc,1.6478,-42.5856,521800000.0,98660.0,-21.22
NGC 645,SBb,1.6689,5.7261,134300000.0,50800.0,-19.57
NGC 646-1,SBc,1.6225,-64.8953,362700000.0,105500.0,-21.03
NGC 646-2,S0,1.625,-64.8958,362700000.0,21100.0,-19.23
NGC 647,S0,1.6656,-9.2419,562800000.0,122800.0,-21.68
NGC 648,S0,1.6442,-17.8311,468100000.0,47660.0,-20.38
NGC 649,Sa,1.6686,-9.2717,330900000.0,43320.0,-19.83
NGC 652,S0,1.6786,7.9833,224400000.0,32630.0,-19.49
NGC 653,Sb,1.7069,35.6386,243400000.0,53090.0,-20.06
NGC 655,S0,1.6986,-13.0825,386300000.0,78670.0,-20.37
NGC 656,S0,1.7075,26.1433,163400000.0,35640.0,-20.1
NGC 658,Sb,1.7025,12.6014,123700000.0,53990.0,-19.79
NGC 660,SBa,1.7169,13.6436,25130000.0,30340.0,-17.73
NGC 661,E0,1.7372,28.7067,128200000.0,29830.0,-19.77
NGC 662,Sc,1.7431,37.6964,245800000.0,28600.0,-19.99
NGC 664,Sb,1.7292,4.2225,228800000.0,36610.0,-20.53
NGC 665,S0,1.7489,10.4231,228600000.0,79790.0,-21.03
NGC 666,S0,1.7683,34.3747,203000000.0,20660.0,-19.77
NGC 667,S0,1.7489,-22.9192,532600000.0,46480.0,-20.86
NGC 668,Sb,1.7728,36.46,120400000.0,31510.0,-19.13
NGC 669,Sb,1.7878,35.5631,337000000.0,152000.0,-21.77
NGC 670,S0,1.79,27.8861,153300000.0,46830.0,-19.76
NGC 671,S0,1.7831,13.1253,230500000.0,50300.0,-20.05
NGC 672,SBc,1.7983,27.4328,23480000.0,20490.0,-17.88
NGC 673,Sc,1.8061,11.5214,222400000.0,67940.0,-20.97
NGC 675,S0,1.8189,13.0597,236900000.0,34450.0,-19.0
NGC 676,Sa,1.8158,5.9061,54580000.0,31760.0,-18.32
NGC 677,E0,1.8206,13.0558,214600000.0,62420.0,-20.89
NGC 678,SBb,1.8233,21.9969,114100000.0,74660.0,-19.42
NGC 679,S0,1.8286,35.7861,187100000.0,51710.0,-20.49
NGC 680,E0,1.8297,21.9711,123500000.0,32340.0,-19.99
NGC 681,SBb,1.8194,-10.4272,149100000.0,58540.0,-20.5
NGC 682,S0,1.8178,-14.9744,247000000.0,50290.0,-20.0
NGC 683,S0,1.8294,11.7019,221900000.0,32270.0,-19.56
NGC 684,Sb,1.8372,27.6461,145700000.0,25430.0,-19.95
NGC 685,SBc,1.795,-52.7619,54090000.0,28320.0,-19.2
NGC 686,S0,1.8156,-23.7981,196600000.0,48620.0,-20.5
NGC 687,S0,1.8425,36.3708,187100000.0,38100.0,-20.49
NGC 688,SBb,1.8456,35.2847,225000000.0,78550.0,-20.89
NGC 689,Sb,1.8308,-27.4664,187800000.0,27320.0,-19.2
NGC 690,SBc,1.7967,-16.7214,218400000.0,38110.0,-18.93
NGC 691,Sc,1.8447,21.7603,106500000.0,52660.0,-20.27
NGC 692,SBc,1.8117,-48.6481,271700000.0,82980.0,-21.5
NGC 693,Sa,1.8417,6.1447,57030000.0,18250.0,-18.01
NGC 694,S0,1.8494,21.9969,119200000.0,10400.0,-18.51
NGC 695,S0,1.8539,22.5828,421600000.0,49060.0,-21.66
NGC 696,SBa,1.8253,-34.905,348300000.0,86120.0,-20.74
NGC 697,SBc,1.8547,22.3575,125600000.0,73080.0,-20.13
NGC 698,SBb,1.8286,-34.8314,363500000.0,47580.0,-20.44
NGC 699,Sc,1.8453,-12.0356,236900000.0,55120.0,-19.4
NGC 700,S0,1.8711,36.0367,183400000.0,21340.0,-18.15
NGC 701,SBc,1.8508,-9.7033,69470000.0,26270.0,-18.74
NGC 702,SBc,1.8553,-4.0556,460300000.0,80340.0,-21.85
NGC 703,S0,1.8775,36.1722,200700000.0,26280.0,-19.65
NGC 704-1,S0,1.8769,36.1269,205100000.0,17900.0,-20.09
NGC 704-2,E0,1.8772,36.1244,205100000.0,11930.0,-18.39
NGC 705,Sa,1.8781,36.1444,191300000.0,33390.0,-19.24
NGC 706,Sc,1.8639,6.2961,209500000.0,57890.0,-20.84
NGC 707-1,S0,1.8575,-8.5061,243100000.0,45970.0,-19.76
NGC 707-2,E0,1.8575,-8.5069,243100000.0,10610.0,-19.36
NGC 708,E0,1.8794,36.1522,204300000.0,89160.0,-21.08
NGC 709,S0,1.8806,36.2231,138700000.0,20170.0,-17.94
NGC 710,Sc,1.8817,36.0533,261000000.0,49350.0,-20.32
NGC 711,S0,1.8742,17.5131,207200000.0,48230.0,-19.71
NGC 712,S0,1.8856,36.8197,223400000.0,32490.0,-20.38
NGC 713,Sb,1.9225,-9.0833,232900000.0,33880.0,-19.07
NGC 714,Sa,1.8914,36.2214,187600000.0,40940.0,-19.7
NGC 715,Sb,1.8867,-12.8733,248800000.0,28950.0,-19.61
NGC 716,SBa,1.8831,12.7083,207200000.0,54260.0,-20.11
NGC 717,Sa,1.8986,36.2297,210400000.0,39780.0,-19.15
NGC 718,SBa,1.8869,4.1956,64790000.0,21670.0,-18.89
NGC 719,S0,1.8939,19.8408,404900000.0,82440.0,-20.97
NGC 720,E5,1.8833,-13.7386,78320000.0,53540.0,-20.7
NGC 721,SBc,1.9125,39.3831,238600000.0,59000.0,-20.22
NGC 722,Sc,1.9128,20.6983,206300000.0,51000.0,-19.6
NGC 723,Sc,1.8958,-23.7572,55740000.0,12160.0,-17.86
NGC 725,Sc,1.8764,-16.5175,464000000.0,53990.0,-20.77
NGC 726,Irr,1.9253,-10.7994,227000000.0,39620.0,-19.31
NGC 727,SBb,1.8969,-35.8558,439000000.0,70230.0,-20.74
NGC 731,E0,1.9153,-9.0114,173800000.0,42970.0,-20.53
NGC 732,S0,1.9408,36.8022,251600000.0,51240.0,-19.84
NGC 734,SBa,1.9158,-17.0797,657100000.0,66900.0,-19.72
NGC 735,Sb,1.9439,34.1775,195600000.0,51200.0,-19.79
NGC 736,E0,1.9447,33.0444,187100000.0,40830.0,-20.59
NGC 738,S0,1.9458,33.0589,194500000.0,11310.0,-17.88
NGC 739,Sa,1.9483,33.2672,185400000.0,24270.0,-18.77
NGC 740,SBb,1.9486,33.0156,194200000.0,39540.0,-18.97
NGC 741,E0,1.9389,5.6286,225900000.0,98550.0,-21.9
NGC 742,S0,1.94,5.6258,228600000.0,9976.0,-18.93
NGC 745-1,Sa,1.9019,-56.6936,259800000.0,49130.0,-21.21
NGC 745-2,S0,1.9031,-56.6853,259800000.0,26450.0,-19.51
NGC 745-3,E0,1.9019,-56.6875,259800000.0,7558.0,-18.51
NGC 746,Irr,1.9642,44.9183,21740000.0,5376.0,-15.52
NGC 747,Sb,1.9583,-9.4628,238200000.0,34650.0,-19.52
NGC 748,Sb,1.9392,-4.4672,249800000.0,83580.0,-21.02
NGC 749,SBa,1.9278,-29.9222,185900000.0,51380.0,-20.38
NGC 750,E0,1.9589,33.2097,187100000.0,43550.0,-20.79
NGC 751,E0,1.9592,33.2025,218900000.0,38210.0,-20.93
NGC 753,SBc,1.9617,35.9158,206800000.0,90230.0,-21.01
NGC 754,E0,1.9056,-56.7611,380200000.0,33180.0,-20.13
NGC 755,SBb,1.9394,-9.0625,73390000.0,35220.0,-18.36
NGC 756,S0,1.9081,-16.7075,530000000.0,61660.0,-20.55
NGC 758,S0,1.9283,-3.0661,255500000.0,33450.0,-19.07
NGC 759,E0,1.9639,36.3431,206600000.0,42060.0,-20.21
NGC 761,SBa,1.9636,33.3764,213000000.0,43370.0,-19.57
NGC 762,SBa,1.9492,-5.4022,202700000.0,41280.0,-20.07
NGC 765,SBc,1.98,24.8922,216300000.0,88080.0,-20.31
NGC 766,E0,1.9783,8.3472,348800000.0,101500.0,-21.25
NGC 767,Sb,1.9806,-9.5872,228500000.0,36550.0,-18.93
NGC 768,Sc,1.9778,0.5289,298500000.0,73800.0,-20.71
NGC 769,Sc,1.9931,30.9097,188000000.0,21880.0,-20.2
NGC 770,E1,1.9869,18.955,96780000.0,15480.0,-18.36
NGC 772,Sb,1.9886,19.0075,122900000.0,128700.0,-21.78
NGC 773,Sa,1.9808,-11.5153,238200000.0,48500.0,-20.32
NGC 774,S0,1.9928,14.0083,192600000.0,42010.0,-19.76
NGC 775,SBc,1.9756,-26.2939,192700000.0,47640.0,-20.46
NGC 776,SBb,1.9983,23.6442,207500000.0,51310.0,-20.72
NGC 777,E1,2.0039,31.4297,187100000.0,68040.0,-21.29
NGC 778,S0,2.0053,31.3131,241200000.0,38590.0,-20.14
NGC 779,SBb,1.995,-5.9642,74860000.0,44640.0,-19.8
NGC 780,Sb,2.0097,28.2258,231600000.0,43790.0,-19.46
NGC 781,Sb,2.0022,12.6556,143000000.0,31200.0,-19.11
NGC 782,SBb,1.9611,-57.7908,262200000.0,91530.0,-22.03
NGC 783,Sc,2.0183,31.8819,220100000.0,51220.0,-21.25
NGC 784,SBc,2.0214,28.8381,16310000.0,15650.0,-16.39
NGC 785,S0,2.0278,31.8267,212700000.0,46400.0,-20.27
NGC 786,S0,2.0233,15.6461,189400000.0,19280.0,-19.42
NGC 787,Sb,2.0133,-9.0025,209600000.0,76230.0,-20.34
NGC 788,Sa,2.0183,-6.8156,171300000.0,39870.0,-20.6
NGC 789,Irr,2.0406,32.0722,223300000.0,38970.0,-19.98
NGC 790,S0,2.0225,-5.3706,236800000.0,44770.0,-20.3
NGC 791,E0,2.0289,8.4997,356100000.0,82860.0,-20.89
NGC 792,S0,2.0375,15.7122,193600000.0,47870.0,-19.67
NGC 794,S0,2.0414,18.3728,354600000.0,67040.0,-21.38
NGC 795,S0,1.9969,-55.8244,256800000.0,44810.0,-20.28
NGC 797,SBa,2.0575,38.1175,241500000.0,56200.0,-20.75
NGC 798,E0,2.0553,32.0775,226000000.0,39440.0,-19.6
NGC 799,SBa,2.0367,-0.1003,247800000.0,72090.0,-20.1
NGC 800,Sc,2.0364,-0.1308,253100000.0,36810.0,-20.65
NGC 801,Sc,2.0622,38.2594,246300000.0,111000.0,-20.49
NGC 802,SBa,1.985,-67.8703,63990000.0,8376.0,-17.76
NGC 803,Sc,2.0622,16.0311,69150000.0,30170.0,-18.43
NGC 804,S0,2.0672,30.8325,233900000.0,47630.0,-19.58
NGC 805,S0,2.0747,28.8128,201900000.0,32310.0,-18.66
NGC 806-1,Sc,2.0586,-9.9328,164000000.0,28630.0,-18.71
NGC 806-2,S0,2.0589,-9.9294,164000000.0,9542.0,-18.01
NGC 807,E0,2.0819,28.9878,199600000.0,52250.0,-20.43
NGC 808,SBc,2.0656,-23.3122,221000000.0,38570.0,-20.05
NGC 809,S0,2.0717,-8.735,229900000.0,40120.0,-19.44
NGC 810-1,E0,2.0911,13.2511,339200000.0,83870.0,-20.18
NGC 810-2,E0,2.0914,13.2511,339200000.0,9867.0,-18.58
NGC 811,S0,2.075,-9.1058,85380000.0,7451.0,-16.79
NGC 812,Sc,2.1142,44.5725,220800000.0,70660.0,-21.75
NGC 813,SBa,2.0267,-68.4392,360700000.0,68200.0,-21.42
NGC 814,S0,2.1769,-15.7733,72060000.0,14670.0,-16.92
NGC 815,E0,2.1775,-15.8128,691900000.0,40250.0,-20.13
NGC 816,E0,2.1356,29.2564,489200000.0,28460.0,-20.68
NGC 817,S0,2.1258,17.2019,189600000.0,19310.0,-19.72
NGC 818,SBc,2.1456,38.7772,179000000.0,75510.0,-20.5
NGC 819,S0,2.1428,29.2347,282000000.0,24610.0,-20.38
NGC 820,Sb,2.14,14.3497,185300000.0,37730.0,-20.07
NGC 821,E6,2.1392,10.9942,78040000.0,27240.0,-20.09
NGC 822,E0,2.1108,-41.1569,183400000.0,29340.0,-19.65
NGC 823,S0,2.1222,-25.4417,187500000.0,46360.0,-20.0
NGC 824,SBc,2.1147,-36.4533,251500000.0,51220.0,-20.34
NGC 825,Sa,2.1422,6.3233,139200000.0,40480.0,-18.95
NGC 826-1,S0,2.1569,30.7394,215700000.0,25100.0,-18.7
NGC 826-2,S0,2.1567,30.7436,215700000.0,9411.0,-18.1
NGC 827,Sc,2.1489,7.9717,142200000.0,41370.0,-19.4
NGC 828,Sa,2.1692,39.1911,229100000.0,83290.0,-21.13
NGC 829,Sc,2.145,-7.7903,169400000.0,27100.0,-19.18
NGC 830,S0,2.1494,-7.7675,161900000.0,32960.0,-19.18
NGC 831,S0,2.1594,6.0967,319000000.0,18560.0,-19.65
NGC 833,Sa,2.1556,-10.1328,164100000.0,35790.0,-19.81
NGC 834,Sc,2.1836,37.6661,194800000.0,31160.0,-20.08
NGC 835,SBb,2.1567,-10.1353,172300000.0,32580.0,-20.61
NGC 836,Sa,2.1733,-22.055,195600000.0,34140.0,-19.49
NGC 837,Sb,2.1711,-22.4314,247500000.0,32400.0,-19.6
NGC 838,S0,2.1606,-10.1458,160000000.0,27920.0,-19.45
NGC 839,S0,2.1617,-10.1833,159700000.0,32510.0,-19.35
NGC 840,SBb,2.1711,7.8458,374100000.0,97940.0,-21.0
NGC 841,SBb,2.1881,37.4975,192000000.0,50280.0,-20.45
NGC 842,S0,2.1639,-7.7625,153700000.0,35760.0,-19.67
NGC 844,E0,2.1706,6.05,201100000.0,11700.0,-18.95
NGC 845,Sb,2.2053,37.4775,200800000.0,49660.0,-19.55
NGC 846,SBb,2.2033,44.5681,218200000.0,60310.0,-21.03
NGC 848,SBb,2.1714,-10.3206,162200000.0,35380.0,-19.68
NGC 849,S0,2.1697,-22.3231,244900000.0,17810.0,-18.58
NGC 850,Sa,2.1869,-1.485,352100000.0,61450.0,-21.27
NGC 851,Sa,2.1867,3.7797,126900000.0,18460.0,-18.35
NGC 852,SBc,2.1486,-56.7367,280500000.0,53040.0,-20.47
NGC 853,Irr,2.1947,-9.3053,54760000.0,12740.0,-17.62
NGC 854,SBc,2.1917,-35.8356,268600000.0,70330.0,-20.78
NGC 855,E0,2.2342,27.8778,31740000.0,12000.0,-16.64
NGC 857,S0,2.2103,-31.9444,146700000.0,32010.0,-19.86
NGC 858-1,SBc,2.2083,-22.4714,540500000.0,102200.0,-21.9
NGC 858-2,S0,2.2092,-22.4694,540500000.0,23590.0,-19.6
NGC 859,Sa,2.2272,-0.7167,255700000.0,48340.0,-20.27
NGC 860,E0,2.25,30.7794,391700000.0,28480.0,-20.2
NGC 861,Sb,2.2642,35.9139,355200000.0,77490.0,-20.48
NGC 862,E0,2.2172,-42.0336,229100000.0,26660.0,-21.33
NGC 863,Sa,2.2425,-0.7661,341300000.0,54610.0,-21.2
NGC 864,SBc,2.2575,6.0019,58010000.0,39660.0,-19.55
NGC 865,S0,2.2708,28.6008,123200000.0,26880.0,-18.79
NGC 867,Sa,2.2844,1.2447,275100000.0,48020.0,-20.63
NGC 868,S0,2.2661,-0.7128,356000000.0,67320.0,-20.09
NGC 870,E0,2.2858,14.5228,751200000.0,32780.0,-20.31
NGC 871,SBc,2.2861,14.5475,155200000.0,24820.0,-19.29
NGC 872,Sc,2.2569,-17.7819,183800000.0,40090.0,-19.25
NGC 873,Sc,2.2756,-11.3486,168100000.0,39110.0,-20.26
NGC 874,Sb,2.2672,-23.3058,535200000.0,70060.0,-20.98
NGC 876,Sc,2.2981,14.5211,160700000.0,46740.0,-18.96
NGC 877,SBc,2.2997,14.5439,163000000.0,56910.0,-20.89
NGC 878,Sa,2.2983,-23.3844,501000000.0,58300.0,-21.33
NGC 879,Irr,2.2808,-8.9636,175900000.0,17900.0,-18.36
NGC 880,S0,2.3075,-4.2053,554900000.0,32280.0,-20.65
NGC 881,Sc,2.3125,-6.6394,232900000.0,77900.0,-21.07
NGC 882,S0,2.3275,15.8147,175000000.0,30550.0,-18.75
NGC 883,S0,2.3181,-6.7906,241500000.0,42150.0,-20.75
NGC 887,SBc,2.3256,-16.0692,181800000.0,52870.0,-20.33
NGC 888,E1,2.2908,-59.8606,387700000.0,45120.0,-20.88
NGC 889,E0,2.3183,-41.7492,227000000.0,33020.0,-19.81
NGC 890,S0,2.3669,33.2664,168300000.0,61210.0,-21.26
NGC 891,Sb,2.3758,42.3472,32320000.0,55000.0,-19.08
NGC 892,Sb,2.3478,-23.1136,440500000.0,38440.0,-19.95
NGC 893,Sc,2.3328,-41.4028,216300000.0,40890.0,-20.51
NGC 895,Sc,2.36,-5.5211,119400000.0,62510.0,-20.42
NGC 897,Sa,2.3517,-33.7208,205600000.0,62810.0,-21.1
NGC 898,Sb,2.3889,41.9517,231300000.0,60570.0,-20.35
NGC 899,Irr,2.3647,-20.8231,60380000.0,15810.0,-18.24
NGC 900,S0,2.3922,26.5119,434200000.0,69460.0,-20.52
NGC 901,E0,2.3928,26.5567,432600000.0,25170.0,-19.81
NGC 902,SBc,2.3725,-16.6789,299600000.0,26150.0,-20.02
NGC 903,S0,2.4,27.3569,223700000.0,16260.0,-17.48
NGC 904,E0,2.4014,27.3431,238000000.0,41530.0,-19.21
NGC 905,Sa,2.3786,-8.7186,602100000.0,43790.0,-20.33
NGC 906,SBb,2.4211,42.0903,199000000.0,52110.0,-20.13
NGC 907,SBc,2.3836,-20.7114,67020000.0,17540.0,-18.36
NGC 908,SBc,2.3844,-21.2333,60010000.0,53250.0,-20.42
NGC 909,E0,2.4228,42.0361,209100000.0,27370.0,-19.33
NGC 910,E0,2.4239,41.8242,219200000.0,51010.0,-20.94
NGC 911,E0,2.4283,41.9567,240500000.0,45480.0,-20.54
NGC 912,S0,2.4283,41.7781,195800000.0,25630.0,-18.79
NGC 913,S0,2.4289,41.7992,222300000.0,16170.0,-18.17
NGC 914,Sc,2.4347,42.1447,237800000.0,51870.0,-20.61
NGC 915,S0,2.4292,27.2217,195800000.0,19930.0,-18.69
NGC 916,S0,2.4297,27.2431,426000000.0,55760.0,-19.48
NGC 917,Sb,2.4353,31.9122,239600000.0,87110.0,-19.83
NGC 918,SBc,2.4306,18.4958,70050000.0,35660.0,-18.56
NGC 919,Sb,2.4378,27.2114,450800000.0,78670.0,-20.3
NGC 920,SBb,2.4642,45.9469,267400000.0,58350.0,-19.37
NGC 921,Sc,2.4425,-15.8475,300600000.0,61210.0,-19.82
NGC 922,SBc,2.4175,-24.7892,128600000.0,37390.0,-20.48
NGC 923,Sb,2.4594,41.9781,241600000.0,28110.0,-19.85
NGC 924,S0,2.4461,20.4972,197000000.0,65900.0,-20.4
NGC 925,SBc,2.4544,33.5789,29950000.0,45740.0,-19.21
NGC 926,SBc,2.435,-0.3325,278100000.0,72820.0,-20.65
NGC 927,SBc,2.4436,12.1553,357100000.0,62330.0,-21.0
NGC 928,S0,2.4611,27.2208,218000000.0,22190.0,-19.32
NGC 929,Sa,2.455,-12.0872,213000000.0,30980.0,-18.97
NGC 931,Sc,2.4706,31.3111,212400000.0,120500.0,-19.77
NGC 932,Sa,2.465,20.3331,181200000.0,50070.0,-20.32
NGC 933,S0,2.4881,45.9119,218900000.0,41380.0,-19.03
NGC 934,S0,2.4589,-0.2442,272300000.0,51480.0,-20.51
NGC 935,Sc,2.4697,19.5992,133400000.0,32980.0,-19.36
NGC 936,SBa,2.4603,-1.1564,67520000.0,46150.0,-20.48
NGC 937,SBc,2.4911,42.2497,249900000.0,39990.0,-19.52
NGC 938,E0,2.4758,20.2839,171500000.0,39920.0,-20.1
NGC 939,E0,2.4392,-44.4464,226000000.0,39440.0,-20.1
NGC 940,S0,2.4908,31.6414,216700000.0,37830.0,-20.61
NGC 941,SBc,2.4742,-1.1511,60960000.0,23940.0,-18.46
NGC 942,Sa,2.4861,-10.8356,200400000.0,81620.0,-20.04
NGC 943,E0,2.4858,-10.8281,209300000.0,85250.0,-20.14
NGC 944,Sa,2.4447,-14.5158,167400000.0,26780.0,-18.65
NGC 945,SBc,2.4769,-10.5389,189600000.0,63410.0,-21.02
NGC 946,S0,2.5106,42.2331,243000000.0,53020.0,-19.66
NGC 947,SBc,2.4758,-19.0422,213700000.0,65270.0,-20.78
NGC 948,SBc,2.4792,-10.5139,190800000.0,38840.0,-19.43
NGC 949,Sb,2.5133,37.1358,36860000.0,16080.0,-17.86
NGC 950,Sb,2.4864,-11.025,199000000.0,37630.0,-19.33
NGC 951,SBb,2.4822,-22.3492,264800000.0,38510.0,-19.05
NGC 953,E0,2.5192,29.5889,211300000.0,39960.0,-19.56
NGC 954,SBc,2.4808,-41.4025,231600000.0,53890.0,-20.56
NGC 955,Sb,2.5092,-1.1083,56410000.0,23790.0,-18.29
NGC 958,SBc,2.5117,-2.9408,245200000.0,103400.0,-21.48
NGC 959,Irr,2.54,35.495,57350000.0,19180.0,-18.32
NGC 960,Sb,2.5281,-9.3003,218300000.0,38100.0,-19.13
NGC 962,E0,2.5442,28.0708,206400000.0,42030.0,-20.01
NGC 963,Irr,2.5086,-4.2156,65350000.0,6653.0,-17.01
NGC 964,Sb,2.5181,-36.0347,205400000.0,62730.0,-20.49
NGC 965,Sc,2.5403,-18.6403,301800000.0,43900.0,-19.93
NGC 966,S0,2.5297,-19.8817,449700000.0,65410.0,-21.4
NGC 967,S0,2.5367,-17.2164,379100000.0,88220.0,-21.73
NGC 968,E0,2.5683,34.4806,152500000.0,59900.0,-19.75
NGC 969,S0,2.5689,32.9464,191700000.0,47410.0,-20.55
NGC 970,S0,2.5697,32.9764,293400000.0,29870.0,-19.07
NGC 972,Sb,2.5703,29.3103,58860000.0,28250.0,-19.18
NGC 973,Sb,2.5722,32.5056,206500000.0,111100.0,-20.41
NGC 974,Sb,2.5736,32.955,191600000.0,47390.0,-20.24
NGC 975,Sa,2.5561,9.6019,261700000.0,41870.0,-20.42
NGC 976,Sc,2.5664,20.9772,182200000.0,42400.0,-20.44
NGC 977,Sa,2.5508,-10.7594,192600000.0,56020.0,-19.46
NGC 978,S0,2.5797,32.845,200100000.0,37840.0,-20.74
NGC 978B,S0,2.58,32.8425,196000000.0,11400.0,-18.39
NGC 979,S0,2.5272,-44.5242,211700000.0,27710.0,-20.26
NGC 980,S0,2.5883,40.9269,259300000.0,64120.0,-20.4
NGC 981,Sc,2.5497,-10.9736,201700000.0,29340.0,-19.26
NGC 982,Sa,2.59,40.8694,247000000.0,53880.0,-21.0
NGC 984,Sa,2.5786,23.4136,183800000.0,53470.0,-19.25
NGC 985,S0,2.5769,-8.785,566000000.0,82320.0,-21.7
NGC 986,SBb,2.5594,-39.0458,82210000.0,47830.0,-20.41
NGC 986A,Irr,2.545,-39.2953,55560000.0,14550.0,-16.56
NGC 987,SBa,2.6136,33.3272,192500000.0,44810.0,-20.45
NGC 988,SBc,2.5908,-9.355,41880000.0,24970.0,-18.84
NGC 989,S0,2.5628,-16.5114,222600000.0,25900.0,-19.07
NGC 990,E0,2.605,11.6422,145900000.0,38190.0,-19.75
NGC 991,SBc,2.5922,-7.155,58280000.0,25430.0,-18.86
NGC 992,Sc,2.6236,21.1003,174300000.0,22820.0,-18.74
NGC 993,S0,2.6128,2.0503,301300000.0,39430.0,-20.13
NGC 995,S0,2.6419,41.5289,177500000.0,33570.0,-19.18
NGC 996,E0,2.6442,41.6472,203600000.0,35540.0,-19.88
NGC 997,E0,2.6206,7.3061,288500000.0,46160.0,-20.33
NGC 998,S0,2.6211,7.3358,263300000.0,30630.0,-18.93
NGC 999,SBa,2.6464,41.6711,195800000.0,34170.0,-19.39
NGC 1000,E0,2.6469,41.4603,457100000.0,46540.0,-20.13
NGC 1001,Sc,2.6533,41.6717,206400000.0,21010.0,-18.41
NGC 1002,SBb,2.6486,34.6219,203800000.0,35560.0,-19.98
NGC 1003,Sc,2.6544,40.8728,43580000.0,27250.0,-18.63
NGC 1004,E0,2.6281,1.9756,278400000.0,56690.0,-20.86
NGC 1005,S0,2.6575,41.4933,191800000.0,27900.0,-19.05
NGC 1007,Irr,2.6311,2.1556,313700000.0,27380.0,-18.12
NGC 1008,E0,2.6319,2.0803,283500000.0,32980.0,-19.8
NGC 1009,Sb,2.6383,2.31,249500000.0,50800.0,-19.12
NGC 1010,Sc,2.6261,-11.0253,209400000.0,24370.0,-19.24
NGC 1011,Sa,2.6272,-11.005,218600000.0,19080.0,-18.93
NGC 1012,Sa,2.6539,30.1514,33910000.0,12330.0,-16.98
NGC 1013,Sa,2.6306,-11.5067,366200000.0,42600.0,-20.35
NGC 1015,SBa,2.6364,-1.3183,107100000.0,31150.0,-19.48
NGC 1016,E0,2.6386,2.1192,226100000.0,65760.0,-21.6
NGC 1017,Irr,2.6303,-11.0106,216500000.0,22050.0,-19.11
NGC 1018,SBa,2.6361,-9.5442,577200000.0,83950.0,-20.54
NGC 1019,SBc,2.6408,1.9081,312800000.0,45500.0,-20.51
NGC 1020,S0,2.6456,2.2311,316700000.0,36850.0,-19.74
NGC 1021,Sc,2.6464,2.2172,256800000.0,26150.0,-19.38
NGC 1022,SBa,2.6422,-6.6775,56810000.0,19830.0,-19.0
NGC 1023,S0,2.6733,39.0633,34480000.0,37110.0,-19.62
NGC 1023A,Irr,2.6767,39.0603,24240000.0,4583.0,-15.16
NGC 1024,Sb,2.6531,10.8478,152000000.0,86220.0,-20.24
NGC 1025,SBb,2.6053,-54.8636,278200000.0,36410.0,-20.75
NGC 1026,S0,2.6553,6.5444,175900000.0,43500.0,-19.96
NGC 1028,SBc,2.6603,10.8433,380300000.0,49790.0,-19.83
NGC 1029,Sa,2.66,10.7933,150700000.0,30680.0,-19.22
NGC 1030,Sc,2.6639,18.0239,370900000.0,86320.0,-20.98
NGC 1031,SBa,2.6106,-54.8589,245500000.0,67850.0,-20.98
NGC 1032,Sa,2.6564,1.0939,108000000.0,53390.0,-19.9
NGC 1033,Sc,2.6711,-8.7764,325200000.0,56760.0,-20.49
NGC 1034,Irr,2.6369,-15.8092,65520000.0,7624.0,-16.91
NGC 1035,Sc,2.6581,-8.1325,58710000.0,18790.0,-18.38
NGC 1036,Irr,2.6747,19.2969,24770000.0,5405.0,-15.7
NGC 1038,Sa,2.6683,1.5094,269000000.0,46950.0,-20.18
NGC 1040-1,S0,2.72,41.5003,214400000.0,53000.0,-20.19
NGC 1040-2,S0,2.72,41.515,214400000.0,12470.0,-17.79
NGC 1041,S0,2.6736,-5.44,312900000.0,77380.0,-20.61
NGC 1042,SBc,2.6731,-8.4342,51460000.0,32190.0,-19.29
NGC 1043,Sb,2.6794,1.3431,305800000.0,40030.0,-19.06
NGC 1044,S0,2.685,8.7386,275900000.0,20060.0,-20.24
NGC 1045,S0,2.6747,-11.2778,205200000.0,47750.0,-20.59
NGC 1046,S0,2.6867,8.72,264000000.0,15360.0,-19.74
NGC 1047,Sa,2.6756,-8.1472,49950000.0,9444.0,-16.53
NGC 1048,SBa,2.6769,-8.5336,501400000.0,72920.0,-20.43
NGC 1048A,SBc,2.6764,-8.5478,511400000.0,52060.0,-20.48
NGC 1050,SBa,2.7097,34.7642,163900000.0,40530.0,-20.01
NGC 1051,Irr,2.6839,-6.9356,48120000.0,13300.0,-17.44
NGC 1052,E4,2.6844,-8.2547,66480000.0,27070.0,-20.05
NGC 1054,Sc,2.7042,18.2175,424900000.0,55610.0,-20.87
NGC 1055,SBb,2.6958,0.4428,72080000.0,79680.0,-20.32
NGC 1056,Sa,2.7133,28.5744,59350000.0,20720.0,-17.9
NGC 1057,S0,2.7172,32.4917,256800000.0,44820.0,-18.58
NGC 1058,Sc,2.7247,37.3414,34570000.0,12570.0,-18.23
NGC 1060,S0,2.7208,32.4247,239100000.0,79970.0,-21.32
NGC 1061,Irr,2.7208,32.4672,170100000.0,22270.0,-18.49
NGC 1063,SBc,2.7025,-5.5683,405800000.0,82630.0,-20.87
NGC 1064,Sc,2.7064,-9.3628,409800000.0,65560.0,-20.5
NGC 1065,S0,2.7017,-15.0917,327900000.0,38160.0,-19.91
NGC 1066,E0,2.7303,32.4756,193100000.0,47750.0,-19.06
NGC 1067,Sc,2.7306,32.5117,192700000.0,30830.0,-19.36
M 77,Sb,2.7111,-0.0128,61970000.0,64000.0,-21.69
NGC 1069,Sc,2.7164,-8.2889,417400000.0,85000.0,-21.04
NGC 1070,Sb,2.7228,4.9686,172100000.0,57580.0,-20.81
NGC 1071,Sa,2.7186,-8.7742,499700000.0,87220.0,-20.63
NGC 1072,SBb,2.7253,0.3069,347500000.0,75810.0,-20.94
NGC 1073,SBc,2.7278,1.3761,44020000.0,31370.0,-19.15
NGC 1074,Sb,2.7267,-16.2969,343000000.0,99780.0,-20.01
NGC 1075,SBa,2.7258,-16.2011,346800000.0,40350.0,-19.63
NGC 1076,Sa,2.7247,-14.755,84480000.0,24570.0,-18.47
NGC 1077-1,Sb,2.7667,40.09,168800000.0,27010.0,-19.07
NGC 1077-2,SBb,2.7672,40.0933,559000000.0,40650.0,-19.07
NGC 1078,S0,2.7356,-9.4519,390400000.0,51100.0,-20.09
NGC 1079,SBa,2.7289,-29.0028,114800000.0,91840.0,-20.33
NGC 1080,SBc,2.7528,-4.7108,340000000.0,54400.0,-20.89
NGC 1081,Sb,2.7514,-15.5875,169200000.0,39370.0,-19.47
NGC 1082-1,S0,2.7614,-8.18,393000000.0,51450.0,-20.4
NGC 1082-2,E0,2.7617,-8.1831,393000000.0,11430.0,-18.9
NGC 1083,Sb,2.7611,-15.3572,182200000.0,42410.0,-18.54
NGC 1084,Sc,2.7664,-7.5778,61480000.0,25040.0,-19.98
NGC 1085,Sc,2.7736,3.6078,292700000.0,76630.0,-21.56
NGC 1086,Sc,2.7989,41.2467,171800000.0,37480.0,-20.01
NGC 1087,SBc,2.7736,-0.4992,57930000.0,32860.0,-19.75
NGC 1088,Sa,2.7842,16.2003,319700000.0,46500.0,-20.46
NGC 1089,E0,2.7694,-15.0736,359200000.0,47020.0,-20.61
NGC 1090,SBc,2.7761,-0.2478,96740000.0,54870.0,-19.76
NGC 1091,SBa,2.7561,-17.5333,390400000.0,51100.0,-20.19
NGC 1092,E0,2.7581,-17.5425,384800000.0,50370.0,-20.36
NGC 1093,Sb,2.8044,34.42,235900000.0,48030.0,-20.2
NGC 1094,SBb,2.7908,-0.2853,277800000.0,52530.0,-21.15
NGC 1095,SBc,2.7936,4.6381,273800000.0,51760.0,-20.52
NGC 1096,SBc,2.7303,-59.9139,294200000.0,81290.0,-21.18
NGC 1097,SBb,2.7719,-30.2756,45000000.0,61520.0,-20.4
NGC 1097A,E0,2.7692,-30.2286,51910000.0,6040.0,-16.91
NGC 1098,S0,2.7481,-17.6594,320200000.0,79180.0,-21.26
NGC 1099,SBb,2.7547,-17.7086,330400000.0,91290.0,-20.93
NGC 1100,SBa,2.7597,-17.6886,327800000.0,81040.0,-21.01
NGC 1101,S0,2.8039,4.5786,266800000.0,50450.0,-20.56
NGC 1102,SBb,2.7867,-22.2089,489200000.0,56920.0,-20.58
NGC 1103,SBb,2.8017,-13.9594,176100000.0,56350.0,-19.96
NGC 1104,SBa,2.8106,-0.2714,288600000.0,50370.0,-20.23
NGC 1105,Sb,2.7281,-15.7058,342800000.0,34900.0,-20.01
NGC 1106,S0,2.8444,41.6722,179100000.0,33870.0,-20.2
NGC 1107,S0,2.8219,8.0933,142800000.0,37390.0,-19.71
NGC 1108,S0,2.8106,-7.9506,412800000.0,48030.0,-20.61
NGC 1109,E0,2.7953,13.2556,394200000.0,34400.0,-20.21
NGC 1110,Irr,2.8192,-7.8381,50040000.0,21110.0,-16.43
NGC 1111,S0,2.8108,13.2592,336900000.0,24500.0,-19.07
NGC 1112,SBc,2.8167,13.2236,371900000.0,64910.0,-20.68
NGC 1114,Sc,2.8186,-16.9939,181200000.0,47430.0,-20.12
NGC 1115,S0,2.8403,13.2669,378300000.0,38510.0,-19.62
NGC 1116,Sb,2.8431,13.335,333500000.0,67900.0,-19.75
NGC 1117-1,E0,2.8536,13.1858,337500000.0,34370.0,-19.77
NGC 1117-2,E0,2.8536,13.1878,337500000.0,4909.0,-18.57
NGC 1117A,S0,2.8533,13.1925,203000000.0,14760.0,-19.07
NGC 1118,S0,2.8328,-12.1639,185500000.0,59360.0,-19.57
NGC 1119,S0,2.8047,-17.9881,193100000.0,14040.0,-19.06
NGC 1120,S0,2.8178,-14.4703,377300000.0,71350.0,-20.72
NGC 1121,S0,2.8442,-1.7342,106200000.0,13910.0,-18.66
NGC 1123,SBb,2.8808,42.2053,152300000.0,39880.0,-20.35
NGC 1124,S0,2.86,-25.7014,299200000.0,43510.0,-19.91
NGC 1125,SBa,2.8611,-16.6508,146600000.0,38370.0,-19.76
NGC 1126,Sb,2.8717,-1.2964,327000000.0,38040.0,-19.51
NGC 1127,SBb,2.8808,13.2569,426000000.0,43370.0,-20.08
NGC 1128-1,E0,2.9614,6.0267,308400000.0,22430.0,-19.38
NGC 1128-2,E0,2.9614,6.0225,308400000.0,22430.0,-19.38
NGC 1129,E0,2.9075,41.5797,223700000.0,94370.0,-21.28
NGC 1130,E0,2.9067,41.6061,273500000.0,19890.0,-18.52
NGC 1131,E0,2.9094,41.5592,237400000.0,13810.0,-18.71
NGC 1132,E0,2.8808,-1.2744,300300000.0,109200.0,-21.52
NGC 1133,Sa,2.8783,-8.8044,235600000.0,30840.0,-19.39
NGC 1134,Sb,2.8947,13.0147,128200000.0,46610.0,-19.87
NGC 1135,Sc,2.8464,-54.9294,588900000.0,59960.0,-20.08
NGC 1136,SBa,2.8481,-54.9761,244300000.0,49740.0,-20.57
NGC 1137,Sb,2.9006,2.9619,126100000.0,40330.0,-19.63
NGC 1138,S0,2.9433,43.0472,103000000.0,16480.0,-18.5
NGC 1139,SBa,2.8794,-14.5289,457600000.0,79870.0,-19.83
NGC 1140,Irr,2.9092,-10.0281,58330000.0,15270.0,-18.16
NGC 1141,S0,2.9192,-0.1781,367700000.0,48130.0,-21.16
NGC 1142,S0,2.92,-0.1839,376000000.0,49220.0,-21.51
NGC 1145,Sc,2.9092,-18.6358,79400000.0,36960.0,-18.33
NGC 1148,Irr,2.9511,-7.6856,230300000.0,46890.0,-18.74
NGC 1149,S0,2.9564,-0.3089,388300000.0,33890.0,-20.18
NGC 1150,S0,2.9503,-15.0486,395700000.0,51790.0,-20.32
NGC 1151,E0,2.9511,-15.0133,549600000.0,31970.0,-20.13
NGC 1152,S0,2.9592,-7.7597,234300000.0,30670.0,-18.78
NGC 1153,Sa,2.9694,3.3619,130100000.0,22710.0,-19.6
NGC 1154,Sc,2.9686,-10.3636,206600000.0,30050.0,-19.71
NGC 1155,S0,2.9703,-10.3503,202100000.0,29390.0,-19.56
NGC 1156,Irr,2.995,25.2372,25440000.0,9621.0,-17.16
NGC 1157,Sb,2.9683,-15.1181,391700000.0,34180.0,-19.8
NGC 1158,S0,2.9531,-14.395,307200000.0,40210.0,-19.07
NGC 1159,S0,3.0128,43.1628,117300000.0,8533.0,-18.38
NGC 1160,Sc,3.0203,44.9556,79260000.0,17290.0,-18.43
NGC 1161,S0,3.0206,44.8975,78960000.0,32150.0,-19.82
NGC 1162,E0,2.9819,-12.3983,135000000.0,27500.0,-19.58
NGC 1163,SBc,3.0061,-17.1528,97760000.0,31280.0,-17.68
NGC 1164,SBb,3.0331,42.5856,178300000.0,33710.0,-19.29
NGC 1165,SBa,2.9797,-32.0994,211200000.0,76800.0,-20.36
NGC 1166,Sb,3.0094,11.8428,333700000.0,48530.0,-20.05
NGC 1167,S0,3.0283,35.2058,212500000.0,102000.0,-20.67
NGC 1168,Sb,3.0131,11.7722,330700000.0,52910.0,-19.93
NGC 1169,SBb,3.0594,46.3864,166000000.0,96560.0,-21.13
NGC 1171,Sc,3.0661,43.3978,90350000.0,24970.0,-18.81
NGC 1172,E0,3.0267,-14.8367,75950000.0,25410.0,-18.93
NGC 1175,Sa,3.0756,42.3403,239300000.0,66120.0,-20.53
NGC 1177,S0,3.0769,42.3628,241200000.0,14030.0,-18.94
NGC 1179,SBc,3.0439,-18.8978,71430000.0,48830.0,-19.1
NGC 1180,S0,3.0308,-15.0303,321700000.0,28070.0,-19.07
NGC 1181,Sb,3.0283,-15.0528,369400000.0,42980.0,-19.07
NGC 1182,Sa,3.0578,-9.6706,145200000.0,19010.0,-17.64
NGC 1184,Sa,3.2792,80.7931,98990000.0,40310.0,-19.01
NGC 1185,Sb,3.0497,-9.1331,205900000.0,35940.0,-18.4
NGC 1186,SBc,3.0917,42.8356,111000000.0,51640.0,-20.16
NGC 1187,SBc,3.0436,-22.8672,71430000.0,43630.0,-20.4
NGC 1188,S0,3.0619,-15.4847,116000000.0,16870.0,-17.95
NGC 1189,SBc,3.0567,-15.6231,113500000.0,28060.0,-18.21
NGC 1190,S0,3.0572,-15.6622,108900000.0,14260.0,-17.42
NGC 1191,S0,3.0583,-15.6856,408200000.0,35630.0,-20.19
NGC 1192,E0,3.0594,-15.6789,415600000.0,42310.0,-19.73
NGC 1194,Sa,3.0636,-1.1033,178400000.0,46710.0,-19.79
NGC 1195,S0,3.0589,-12.0392,173800000.0,15170.0,-18.13
NGC 1196,S0,3.0597,-12.0758,150500000.0,30640.0,-19.12
NGC 1198,S0,3.1036,41.8489,63670000.0,12970.0,-17.65
NGC 1199,E3,3.0606,-15.6133,109100000.0,36490.0,-20.22
NGC 1200,S0,3.065,-11.9914,180000000.0,75930.0,-20.21
NGC 1201,S0,3.0686,-26.0689,65890000.0,34500.0,-19.83
NGC 1202,Sb,3.0839,-6.4919,395700000.0,34530.0,-19.92
NGC 1203-1,E0,3.0872,-14.3808,316300000.0,32200.0,-20.13
NGC 1203-2,E0,3.0872,-14.3772,549600000.0,23980.0,-20.13
NGC 1204,Sa,3.0775,-12.3417,190200000.0,33200.0,-19.63
NGC 1206,E0,3.1025,-8.8328,453700000.0,32990.0,-20.22
NGC 1207,Sb,3.1375,38.3822,205600000.0,68770.0,-20.5
NGC 1208,Sa,3.1031,-9.5408,197000000.0,54450.0,-20.5
NGC 1209,E6,3.1006,-15.6111,109400000.0,34990.0,-20.23
NGC 1210,S0,3.1125,-25.7164,168000000.0,24430.0,-19.96
NGC 1211,SBa,3.1144,-0.7942,133900000.0,40910.0,-19.77
NGC 1212,Sa,3.1617,40.8931,267600000.0,38920.0,-19.07
NGC 1213,Irr,3.1547,38.6492,145100000.0,37980.0,-17.94
NGC 1214,Sa,3.1156,-9.5442,207500000.0,39240.0,-19.02
NGC 1215,Sa,3.1192,-9.5928,211600000.0,55400.0,-19.06
NGC 1216,Sa,3.1217,-9.6125,215300000.0,25050.0,-18.1
NGC 1217-1,Sa,3.1017,-39.0358,272200000.0,71250.0,-21.31
NGC 1217-2,Sb,3.1014,-39.0206,272200000.0,19790.0,-19.61
NGC 1218,Sa,3.1406,4.1114,376600000.0,71200.0,-21.01
NGC 1219,Sc,3.1411,2.1081,263300000.0,38290.0,-20.73
NGC 1221,Sa,3.1375,-4.2597,380800000.0,66460.0,-20.34
NGC 1222,S0,3.1489,-2.9556,101400000.0,16230.0,-18.96
NGC 1223,E0,3.1386,-4.1386,386400000.0,67440.0,-20.37
NGC 1224,S0,3.1869,41.3633,217700000.0,31660.0,-19.12
NGC 1225,Sb,3.1464,-4.1017,382600000.0,55650.0,-19.95
NGC 1226,E0,3.1847,35.3864,272800000.0,63490.0,-20.61
NGC 1227,SBa,3.1853,35.3253,244000000.0,35490.0,-19.07
NGC 1228,SBa,3.1364,-22.9225,455500000.0,106000.0,-21.52
NGC 1229,SBb,3.1361,-22.9606,464700000.0,94630.0,-20.87
NGC 1230,S0,3.1378,-22.9839,474700000.0,41430.0,-20.41
NGC 1231,Sc,3.1081,-15.5692,105400000.0,12260.0,-17.65
NGC 1232,SBc,3.1625,-20.5792,60180000.0,64770.0,-20.83
NGC 1232A,Irr,3.1669,-20.5994,282100000.0,36930.0,-19.38
NGC 1233,Sb,3.2092,39.3192,191500000.0,50140.0,-19.94
NGC 1234,SBc,3.1608,-7.8458,165200000.0,43260.0,-18.62
NGC 1236,S0,3.1908,10.8089,267600000.0,35030.0,-19.07
NGC 1238,E0,3.1811,-10.7475,222900000.0,51880.0,-19.87
NGC 1239,S0,3.1814,-2.5525,382500000.0,66750.0,-20.75
NGC 1241,SBb,3.1872,-8.9222,175600000.0,86860.0,-20.65
NGC 1242,SBc,3.1886,-8.9031,167500000.0,29230.0,-19.15
NGC 1244,Sb,3.1086,-66.7758,238000000.0,65780.0,-20.42
NGC 1246,E5,3.1172,-66.9383,234700000.0,44380.0,-20.39
NGC 1247,Sc,3.2039,-10.4811,231400000.0,114400.0,-20.75
NGC 1248,S0,3.2133,-5.2247,91880000.0,16040.0,-18.75
NGC 1249,SBc,3.1669,-53.3361,57930000.0,39600.0,-19.05
NGC 1250,S0,3.2558,41.3556,267100000.0,81590.0,-20.57
NGC 1253,SBc,3.2358,-2.8231,52190000.0,40230.0,-18.62
NGC 1253A,Irr,3.2397,-2.8011,73520000.0,13900.0,-17.26
NGC 1254,S0,3.2397,2.6778,505800000.0,58850.0,-20.65
NGC 1255,SBc,3.2256,-25.7244,76860000.0,46950.0,-20.36
NGC 1256,S0,3.2328,-21.9864,185100000.0,29620.0,-19.17
NGC 1258,SBc,3.2347,-21.7744,58460000.0,11050.0,-17.27
NGC 1259,S0,3.2881,41.3856,282100000.0,28720.0,-18.98
NGC 1260,Sa,3.2908,41.4053,257400000.0,41190.0,-20.29
NGC 1262,Sc,3.2592,-15.88,1508000000.0,197400.0,-23.32
NGC 1263,SBa,3.2608,-15.0983,212500000.0,21640.0,-19.07
NGC 1264,SBb,3.2997,41.5203,191400000.0,27840.0,-18.74
NGC 1265,E0,3.3042,41.8578,328800000.0,86080.0,-21.82
NGC 1266,S0,3.2667,-2.4267,97620000.0,22720.0,-18.38
NGC 1267,E0,3.3122,41.4675,218400000.0,34950.0,-20.03
NGC 1268,Sb,3.3125,41.4892,132200000.0,17310.0,-18.44
NGC 1270,E0,3.3161,41.4703,257400000.0,33700.0,-20.19
NGC 1271,S0,3.3197,41.3536,248600000.0,18080.0,-19.21
NGC 1272,E0,3.3225,41.4906,257400000.0,82370.0,-21.49
NGC 1273,S0,3.3239,41.54,257400000.0,29950.0,-20.19
NGC 1274,E3,3.3278,41.5494,257400000.0,29950.0,-19.39
NGC 1275,S0,3.33,41.5114,227400000.0,76080.0,-21.52
NGC 1277,Sa,3.3308,41.5742,215000000.0,25020.0,-19.4
NGC 1278,E0,3.3317,41.5636,257400000.0,52420.0,-20.89
NGC 1279,S0,3.3331,41.4797,323000000.0,28190.0,-19.18
NGC 1280,SBc,3.2992,-0.1689,298200000.0,39030.0,-20.7
NGC 1281,E5,3.335,41.6297,180200000.0,23590.0,-18.91
NGC 1282,E0,3.3367,41.3669,257400000.0,44930.0,-20.79
NGC 1283,E1,3.3375,41.3986,257400000.0,26210.0,-19.69
NGC 1284,S0,3.2958,-10.2886,397900000.0,75240.0,-20.63
NGC 1285,SBb,3.2981,-7.2975,226000000.0,49300.0,-20.6
NGC 1286,S0,3.2967,-7.6164,193100000.0,25280.0,-19.06
NGC 1287,Sa,3.3092,-2.7306,379800000.0,44190.0,-20.53
NGC 1288,SBc,3.2869,-32.5764,196300000.0,65660.0,-21.1
NGC 1289,S0,3.3136,-1.9731,118500000.0,31020.0,-19.3
NGC 1290,E0,3.3236,-13.9892,501200000.0,36450.0,-20.13
NGC 1291,SBa,3.2883,-41.1072,30000000.0,48000.0,-20.41
NGC 1292,Sc,3.3039,-27.6106,74190000.0,32370.0,-19.08
NGC 1293,E0,3.36,41.3933,257400000.0,33700.0,-19.99
NGC 1294,S0,3.3611,41.3606,285400000.0,45670.0,-20.31
NGC 1295,S0,3.3342,-13.9978,244000000.0,31940.0,-19.07
NGC 1296,Sb,3.3136,-13.0622,412800000.0,66040.0,-20.51
NGC 1297,S0,3.3206,-19.1,93280000.0,31210.0,-19.48
NGC 1298,E0,3.3369,-2.1136,283100000.0,45300.0,-19.89
NGC 1299,Sb,3.3358,-6.2619,103200000.0,18010.0,-18.7
NGC 1300,SBc,3.3278,-19.4114,66930000.0,60350.0,-20.46
NGC 1301,SBc,3.3431,-18.7158,171700000.0,54950.0,-19.51
NGC 1302,SBa,3.3308,-26.0606,69600000.0,39480.0,-20.04
NGC 1303,S0,3.3444,-7.3942,243500000.0,28340.0,-19.57
NGC 1304,S0,3.3533,-4.5836,176500000.0,35930.0,-19.17
NGC 1305,S0,3.3561,-2.3164,275300000.0,60070.0,-21.23
NGC 1306,Sb,3.3508,-25.5122,63430000.0,7381.0,-17.84
NGC 1308,Sa,3.3744,-2.7572,281700000.0,49170.0,-20.08
NGC 1309,Sc,3.3683,-15.4,88180000.0,29500.0,-19.86
NGC 1310,SBc,3.3508,-37.1022,72270000.0,19970.0,-18.93
NGC 1311,Irr,3.335,-52.1872,17730000.0,7738.0,-15.28
NGC 1313,SBc,3.3044,-66.4953,13350000.0,17860.0,-18.26
NGC 1313A,SBb,3.3347,-66.7019,240900000.0,42040.0,-19.64
NGC 1314,Sc,3.3781,-4.1864,161800000.0,35310.0,-18.58
NGC 1315,SBa,3.385,-21.3747,69510000.0,16180.0,-18.14
NGC 1316,S0,3.3781,-37.2078,60010000.0,96020.0,-21.92
NGC 1316A,Sa,3.3936,-36.9039,541800000.0,55160.0,-21.2
NGC 1316B,Sb,3.3942,-36.9086,861900000.0,50140.0,-22.01
NGC 1316C,S0,3.4161,-37.0092,82970000.0,19310.0,-17.63
NGC 1317,SBa,3.3789,-37.1033,81360000.0,33130.0,-19.98
NGC 1319,S0,3.3989,-21.5272,174400000.0,32970.0,-19.74
NGC 1320,Sa,3.4133,-3.0425,120800000.0,33380.0,-19.44
NGC 1321,Sa,3.4133,-3.0153,120000000.0,15710.0,-18.33
NGC 1322,S0,3.415,-2.9186,270300000.0,39320.0,-20.19
NGC 1323,S0,3.4156,-2.8217,352700000.0,46170.0,-19.07
NGC 1324,Sb,3.4169,-5.7453,245900000.0,75110.0,-20.89
NGC 1325,SBc,3.4069,-21.5431,79310000.0,55370.0,-19.73
NGC 1325A,SBb,3.4133,-21.3364,52980000.0,16180.0,-17.65
NGC 1326,S0,3.3989,-36.4642,57210000.0,32450.0,-19.72
NGC 1326A,Irr,3.4189,-36.3644,55060000.0,15220.0,-17.34
NGC 1326B,SBc,3.4219,-36.3844,39570000.0,20720.0,-17.12
NGC 1327,SBb,3.4231,-25.6794,565400000.0,82240.0,-20.59
NGC 1328,S0,3.4275,-4.1244,271400000.0,39470.0,-19.6
NGC 1329,Sa,3.4339,-17.5917,183900000.0,37450.0,-20.26
NGC 1331,E2,3.4411,-21.3556,74690000.0,9777.0,-17.4
NGC 1332,S0,3.4381,-21.3344,79260000.0,51870.0,-20.63
NGC 1334,Sc,3.5003,41.8325,182200000.0,39740.0,-19.13
NGC 1335,S0,3.5053,41.5733,236000000.0,37760.0,-18.9
NGC 1336,S0,3.4422,-35.7133,64090000.0,19580.0,-18.37
NGC 1337,SBc,3.4681,-8.3883,61620000.0,51090.0,-18.78
NGC 1338,Sb,3.4817,-12.1531,104600000.0,21300.0,-18.83
NGC 1339,E0,3.4683,-32.2856,71900000.0,15690.0,-19.22
NGC 1341,SBb,3.4661,-37.1494,77980000.0,13610.0,-19.59
NGC 1343,SBb,3.6303,72.5714,95040000.0,35940.0,-18.72
NGC 1344,E5,3.4719,-31.0681,57330000.0,40030.0,-19.82
NGC 1345,SBc,3.4919,-17.7792,61760000.0,13470.0,-17.19
NGC 1346,Sb,3.5036,-5.5431,179800000.0,26160.0,-19.31
NGC 1347-1,SBc,3.4947,-22.2792,73030000.0,15930.0,-18.05
NGC 1347-2,S0,3.4947,-22.2908,73030000.0,3187.0,-15.75
NGC 1349,S0,3.5242,4.3814,286600000.0,33350.0,-20.52
NGC 1350,SBb,3.5186,-33.6272,73550000.0,63120.0,-20.56
NGC 1351,S0,3.5094,-34.8533,71190000.0,28990.0,-19.19
NGC 1351A,SBc,3.48,-35.1778,55160000.0,20860.0,-16.94
NGC 1352,S0,3.5256,-19.2778,188400000.0,27410.0,-19.51
NGC 1353,SBb,3.5342,-20.8189,90350000.0,44680.0,-19.91
NGC 1354,Sa,3.5414,-15.2208,74010000.0,24760.0,-18.58
NGC 1355,S0,3.5564,-4.9983,174500000.0,38080.0,-19.34
NGC 1356,SBc,3.5111,-50.3092,507800000.0,125600.0,-22.16
NGC 1357,Sb,3.5547,-13.6644,82830000.0,38550.0,-19.62
NGC 1358,SBa,3.5608,-5.0889,172400000.0,52640.0,-20.61
NGC 1359,Irr,3.5631,-19.4908,81590000.0,29670.0,-19.39
NGC 1361,E0,3.5714,-6.2644,234300000.0,54520.0,-19.38
NGC 1362,S0,3.5647,-20.2822,48970000.0,8547.0,-17.18
NGC 1363,Sc,3.5803,-9.8422,423400000.0,55420.0,-21.67
NGC 1364,Sc,3.5831,-9.8389,415400000.0,30210.0,-20.13
NGC 1365,SBb,3.56,-36.1408,58780000.0,94040.0,-20.98
NGC 1366,S0,3.5647,-31.1933,64910000.0,19820.0,-19.49
NGC 1368,Sa,3.5828,-15.6556,419400000.0,79300.0,-20.35
NGC 1369,SBa,3.6125,-36.2556,58510000.0,12760.0,-17.47
NGC 1370,E0,3.5872,-20.3733,41930000.0,9148.0,-17.14
NGC 1371,SBa,3.5836,-24.9333,103700000.0,84480.0,-20.91
NGC 1372,E0,3.6164,-15.8817,408800000.0,35680.0,-20.19
NGC 1373,E0,3.5831,-35.1711,64250000.0,11210.0,-18.07
NGC 1374,E0,3.5878,-35.2258,65980000.0,25910.0,-19.53
NGC 1375,S0,3.5878,-35.2658,63710000.0,21310.0,-18.25
NGC 1376,Sc,3.6183,-5.0428,178900000.0,54640.0,-20.9
NGC 1377,S0,3.6108,-20.9014,74100000.0,19400.0,-18.38
NGC 1379,E0,3.6008,-35.4408,60460000.0,21100.0,-19.64
NGC 1380,S0,3.6075,-34.9753,59910000.0,34850.0,-20.42
NGC 1380A,S0,3.6131,-34.7397,49740000.0,17360.0,-17.62
NGC 1381,S0,3.6086,-35.2953,56590000.0,21400.0,-18.7
NGC 1382,S0,3.6192,-35.1956,71270000.0,15550.0,-17.8
NGC 1383,S0,3.6275,-18.3394,82250000.0,22730.0,-18.51
NGC 1384,Sc,3.6536,15.8194,430400000.0,56340.0,-20.1
NGC 1385,SBc,3.6244,-24.5028,47010000.0,24610.0,-19.19
NGC 1386,Sa,3.6128,-35.9989,51860000.0,25650.0,-18.91
NGC 1387,S0,3.6158,-35.5058,64250000.0,26170.0,-19.67
NGC 1388,E0,3.6367,-15.8994,193100000.0,19660.0,-19.06
NGC 1389,S0,3.6197,-35.7456,61970000.0,20730.0,-18.99
NGC 1390,SBa,3.6311,-19.0075,48300000.0,9835.0,-15.95
NGC 1391,S0,3.6478,-18.3544,192800000.0,33640.0,-19.46
NGC 1393,S0,3.6439,-18.4286,91570000.0,22640.0,-19.24
NGC 1394,S0,3.6517,-18.2922,187600000.0,35470.0,-20.0
NGC 1395,E2,3.6414,-23.0272,68760000.0,50000.0,-20.82
NGC 1396,S0,3.635,-35.4397,35330000.0,3597.0,-15.37
NGC 1397,SBa,3.6631,-4.6697,245700000.0,60750.0,-19.78
NGC 1398,SBb,3.6478,-26.3372,55000000.0,57600.0,-20.53
NGC 1399,E1,3.6411,-35.4497,63670000.0,63900.0,-21.05
NGC 1400,S0,3.6583,-18.6881,84770000.0,30820.0,-20.17
NGC 1401,S0,3.6558,-22.7244,63500000.0,22160.0,-18.35
NGC 1402,S0,3.6583,-18.5269,186500000.0,21700.0,-19.49
NGC 1403,S0,3.6528,-22.3889,162100000.0,21220.0,-19.78
NGC 1404,E1,3.6475,-35.5928,62690000.0,30090.0,-20.42
NGC 1405,S0,3.6719,-15.5308,222600000.0,48550.0,-19.07
NGC 1406,SBc,3.6564,-31.3222,68710000.0,38970.0,-19.12
NGC 1407,E0,3.6697,-18.5803,80370000.0,53770.0,-21.26
NGC 1409,S0,3.6861,-1.3019,328200000.0,47730.0,-20.31
NGC 1410,E0,3.6861,-1.2986,328900000.0,33480.0,-20.02
NGC 1411,S0,3.6456,-44.1006,64580000.0,16910.0,-19.18
NGC 1412,S0,3.6747,-26.8619,79660000.0,20860.0,-18.44
NGC 1413,E0,3.6697,-15.6103,416800000.0,60620.0,-20.23
NGC 1414,SBc,3.6825,-21.7133,63850000.0,13930.0,-16.86
NGC 1415,Sa,3.6822,-22.5642,65190000.0,34130.0,-18.7
NGC 1416,E1,3.6839,-22.7192,91170000.0,15910.0,-18.13
NGC 1417,SBb,3.6992,-4.7053,184700000.0,61780.0,-20.86
NGC 1418,SBb,3.7044,-4.7317,180100000.0,26200.0,-19.31
NGC 1419,E0,3.6783,-37.5111,69480000.0,9095.0,-18.14
NGC 1421,SBc,3.7081,-13.4878,91210000.0,45100.0,-20.03
NGC 1422,SBb,3.6919,-21.6808,66700000.0,22310.0,-17.55
NGC 1423,SBa,3.7111,-6.3817,289500000.0,37900.0,-19.84
NGC 1424,SBb,3.7206,-4.7303,245100000.0,57030.0,-19.78
NGC 1425,Sb,3.7031,-29.8942,70640000.0,59590.0,-20.28
NGC 1426,E4,3.7136,-22.1078,74660000.0,28230.0,-19.5
NGC 1427,E0,3.7053,-35.3928,72880000.0,40280.0,-19.94
NGC 1427A,Irr,3.6692,-35.6233,85950000.0,28750.0,-18.7
NGC 1428,S0,3.7061,-35.1539,68310000.0,10930.0,-17.8
NGC 1431,S0,3.7444,2.8356,408300000.0,59380.0,-20.29
NGC 1433,SBa,3.7003,-47.2219,40000000.0,37820.0,-19.74
NGC 1434,Sa,3.77,-9.6831,233000000.0,27120.0,-19.07
NGC 1436,SBb,3.7269,-35.8542,48610000.0,21920.0,-18.37
NGC 1437A,SBc,3.7172,-36.2731,39860000.0,10430.0,-16.43
NGC 1437B,Sc,3.765,-36.3586,66720000.0,25230.0,-17.75
NGC 1438,SBa,3.7547,-23.0022,62780000.0,18260.0,-18.22
NGC 1439,E1,3.7469,-21.9203,86280000.0,30120.0,-19.81
NGC 1441,SBb,3.7619,-4.0917,182200000.0,45060.0,-19.84
NGC 1442,S0,3.7506,-18.2664,61580000.0,19700.0,-18.78
NGC 1445,E0,3.7489,-9.8558,436500000.0,57140.0,-20.63
NGC 1447,S0,3.7631,-9.0183,293400000.0,42670.0,-19.07
NGC 1449,S0,3.7675,-4.1381,177100000.0,20600.0,-19.17
NGC 1450-1,S0,3.76,-9.2347,489200000.0,56920.0,-20.78
NGC 1450-2,E0,3.76,-9.2328,489200000.0,14230.0,-19.88
NGC 1451,S0,3.7686,-4.0692,168900000.0,19650.0,-19.17
NGC 1452,SBa,3.7561,-18.6331,72140000.0,29380.0,-18.92
NGC 1453,E2,3.7742,-3.9689,186100000.0,64980.0,-21.18
NGC 1457,Sc,3.7419,-44.6458,63110000.0,69760.0,-20.03
NGC 1459,SBc,3.7825,-25.5214,182700000.0,45180.0,-20.14
NGC 1460,S0,3.7703,-36.6967,55830000.0,11370.0,-17.67
NGC 1461,S0,3.8075,-16.3928,57610000.0,25140.0,-18.43
NGC 1462,S0,3.8397,6.9731,360300000.0,47170.0,-20.02
NGC 1463,Sa,3.7708,-59.8103,263400000.0,49810.0,-20.34
NGC 1464,S0,3.8567,-15.4022,77390000.0,9004.0,-16.38
NGC 1465,Sa,3.8919,32.4928,96020000.0,23740.0,-17.64
NGC 1467,Sa,3.8644,-8.8378,299800000.0,47960.0,-19.82
NGC 1468,S0,3.87,-6.3486,437900000.0,76420.0,-20.44
NGC 1469,S0,4.0075,68.5775,47420000.0,13100.0,-16.61
NGC 1470,Sb,3.8692,-9.0,282500000.0,53420.0,-19.69
NGC 1472,S0,3.8964,-8.5681,255500000.0,26020.0,-19.07
NGC 1473,Irr,3.7906,-68.2206,59800000.0,13050.0,-17.72
NGC 1474,SBa,3.9083,10.7069,227100000.0,36330.0,-19.41
NGC 1476,Sa,3.8689,-44.5322,74720000.0,15210.0,-17.8
NGC 1477,E0,3.9006,-8.5744,380200000.0,33180.0,-20.13
NGC 1478,S0,3.9019,-8.555,443100000.0,38670.0,-19.87
NGC 1481,S0,3.9078,-20.4267,77040000.0,11210.0,-17.07
NGC 1482,Sa,3.9106,-20.5019,73920000.0,25800.0,-18.68
NGC 1483,SBc,3.8797,-47.4783,48030000.0,11180.0,-17.74
NGC 1484,Sb,3.9047,-36.9708,42020000.0,15280.0,-16.95
NGC 1485,Sb,4.0842,70.9967,45090000.0,13770.0,-17.1
NGC 1486,SBc,3.9383,-21.8208,329600000.0,43150.0,-19.82
NGC 1487,Irr,3.9292,-42.3678,33950000.0,11850.0,-17.89
NGC 1489,SBb,3.9606,-19.2172,505700000.0,103000.0,-21.35
NGC 1490,E1,3.8928,-66.0181,239700000.0,45320.0,-20.93
NGC 1492,Sa,3.9703,-35.4458,200300000.0,26220.0,-19.64
NGC 1493,SBc,3.9575,-46.2117,44340000.0,18060.0,-18.87
NGC 1494,SBc,3.9617,-48.9094,64880000.0,31140.0,-19.19
NGC 1495,Sc,3.9725,-44.4658,52760000.0,23020.0,-17.74
NGC 1497,S0,4.035,23.1333,269500000.0,58800.0,-20.29
NGC 1500,S0,3.9706,-52.3283,442500000.0,70800.0,-20.96
NGC 1503,SBa,3.9425,-66.0406,258100000.0,33790.0,-20.09
NGC 1504,S0,4.0414,-9.335,431300000.0,43910.0,-20.21
NGC 1505,S0,4.0433,-9.3219,429800000.0,56260.0,-20.9
NGC 1506,S0,4.0058,-52.5733,504600000.0,88070.0,-21.55
NGC 1507,Irr,4.0742,-2.1886,43710000.0,22890.0,-17.73
NGC 1508,Sc,4.0964,25.4092,317700000.0,32350.0,-19.64
NGC 1509,Sa,4.0653,-11.1786,393400000.0,51500.0,-20.81
NGC 1510,S0,4.0589,-43.3997,41530000.0,19330.0,-17.12
NGC 1511,Sa,3.9933,-67.6347,59660000.0,30370.0,-19.41
NGC 1511A,SBa,4.0053,-67.8072,60020000.0,15710.0,-17.02
NGC 1511B,SBc,4.015,-67.6119,57390000.0,15020.0,-16.03
NGC 1512,SBa,4.065,-43.3489,30000000.0,38830.0,-18.72
NGC 1515,SBc,4.0672,-54.1,50530000.0,39690.0,-18.85
NGC 1515A,SBb,4.0639,-54.1131,589500000.0,85730.0,-20.88
NGC 1516-1,SBc,4.1353,-8.8294,439200000.0,89420.0,-23.05
NGC 1517,Sc,4.1531,8.6489,150400000.0,24070.0,-19.12
NGC 1518,SBc,4.1136,-21.1794,37430000.0,15790.0,-18.0
NGC 1519,SBb,4.1353,-17.1928,78020000.0,23830.0,-18.29
NGC 1521,E0,4.1383,-21.0517,208500000.0,81890.0,-21.43
NGC 1522,S0,4.1019,-52.6694,43440000.0,7582.0,-16.72
NGC 1525,Sc,4.1356,-8.8347,436500000.0,57140.0,-21.13
NGC 1526,SBc,4.0867,-65.84,236900000.0,27560.0,-19.71
NGC 1527,S0,4.14,-47.8967,58880000.0,33400.0,-19.58
NGC 1529,S0,4.1219,-62.8994,229600000.0,40080.0,-19.84
NGC 1530,SBb,4.3906,75.2944,60340000.0,38620.0,-19.03
NGC 1531,S0,4.1997,-32.8508,50130000.0,8749.0,-18.23
NGC 1532,SBb,4.2008,-32.8731,45000000.0,75920.0,-20.1
NGC 1533,S0,4.1642,-56.1178,69800000.0,28430.0,-19.95
NGC 1534,Sa,4.1461,-62.7972,236900000.0,58580.0,-20.51
NGC 1536,SBc,4.1833,-56.4825,68580000.0,20950.0,-18.31
NGC 1537,S0,4.2278,-31.6456,66520000.0,37730.0,-20.05
NGC 1538,S0,4.2489,-13.1914,357400000.0,31190.0,-19.2
NGC 1539-1,E0,4.3169,26.8275,246200000.0,17900.0,-18.79
NGC 1539-2,E0,4.3172,26.8294,246200000.0,10740.0,-16.79
NGC 1540,Sa,4.2528,-28.4828,243400000.0,38950.0,-19.56
NGC 1540A,Sb,4.2528,-28.4794,247500000.0,28800.0,-19.9
NGC 1541,Sa,4.2833,0.8353,222400000.0,42060.0,-19.57
NGC 1542,Sb,4.2872,4.7819,161200000.0,30470.0,-18.57
NGC 1543,S0,4.2119,-57.7372,57720000.0,31900.0,-19.94
NGC 1544,S0,5.0433,86.2228,199600000.0,37740.0,-19.43
NGC 1546,Sa,4.2433,-56.0603,50620000.0,23560.0,-19.05
NGC 1547,SBc,4.2867,-17.8575,424400000.0,80240.0,-21.17
NGC 1549,E0,4.2625,-55.5914,56880000.0,40530.0,-20.61
NGC 1551,S0,4.3272,2.4094,160300000.0,51300.0,-20.36
NGC 1552,Sa,4.3381,-0.6925,215500000.0,56410.0,-20.1
NGC 1553,S0,4.2694,-55.7794,47700000.0,31220.0,-20.82
NGC 1556,Sb,4.2956,-50.1642,42730000.0,10570.0,-17.09
NGC 1558,SBc,4.3375,-45.0311,204800000.0,74480.0,-20.69
NGC 1559,SBc,4.2933,-62.7839,44850000.0,22830.0,-19.59
NGC 1560,Sc,4.5464,71.8794,10740000.0,15310.0,-15.49
NGC 1561,S0,4.3836,-15.8453,399600000.0,63930.0,-20.54
NGC 1562,S0,4.3631,-15.7553,407500000.0,35560.0,-20.18
NGC 1563,E0,4.3814,-15.7328,414100000.0,42160.0,-19.52
NGC 1564,S0,4.3833,-15.7389,407500000.0,41490.0,-19.88
NGC 1565,Sc,4.3897,-15.7447,407500000.0,53350.0,-20.78
NGC 1566,SBc,4.3333,-54.9372,45000000.0,53670.0,-20.5
NGC 1567,E0,4.3522,-48.2547,201200000.0,38040.0,-21.45
NGC 1568-1,Sa,4.4056,-0.7381,267600000.0,19460.0,-19.07
NGC 1568-2,Sa,4.4069,-0.7461,336900000.0,53890.0,-19.07
NGC 1569,Irr,4.5136,64.8481,7746000.0,4169.0,-15.08
NGC 1570,E0,4.3689,-43.63,194300000.0,42380.0,-20.57
NGC 1572,SBa,4.3783,-40.6011,266100000.0,92890.0,-21.16
NGC 1573,E0,4.5844,73.2631,198600000.0,54890.0,-21.02
NGC 1573A,SBc,4.8072,73.4694,199900000.0,46530.0,-19.14
NGC 1574,S0,4.3661,-56.9744,65250000.0,37960.0,-20.2
NGC 1576,S0,4.4383,-3.6208,154000000.0,24630.0,-19.07
NGC 1577,SBa,4.4389,-10.0989,415500000.0,90640.0,-22.02
NGC 1578,Sa,4.3961,-51.5994,271100000.0,47320.0,-20.7
NGC 1580,Sc,4.4717,-5.1792,189600000.0,24820.0,-19.32
NGC 1581,S0,4.4122,-54.9422,67280000.0,17610.0,-18.07
NGC 1583,S0,4.4722,-17.5961,185100000.0,18850.0,-19.07
NGC 1584,S0,4.4694,-17.5239,212500000.0,18550.0,-19.07
NGC 1585,Sc,4.4592,-42.165,205400000.0,35840.0,-19.8
NGC 1586,Sc,4.5106,-0.3053,154300000.0,38140.0,-19.27
NGC 1587,E0,4.5111,0.6625,120600000.0,29820.0,-20.14
NGC 1588,E0,4.5119,0.6653,120600000.0,19290.0,-18.64
NGC 1589,Sb,4.5125,0.8633,165800000.0,77190.0,-20.73
NGC 1590,S0,4.5194,7.6308,170200000.0,22280.0,-19.09
NGC 1591,SBb,4.4917,-26.7128,181700000.0,31710.0,-19.93
NGC 1592,S0,4.4944,-27.4081,39120000.0,9673.0,-15.89
NGC 1593,S0,4.535,0.5678,167900000.0,39070.0,-18.76
NGC 1594,SBc,4.5142,-5.7978,192000000.0,50270.0,-20.05
NGC 1595,E3,4.4725,-47.8153,168500000.0,31860.0,-19.87
NGC 1596,S0,4.4606,-55.0264,52740000.0,28380.0,-18.94
NGC 1597,S0,4.5203,-11.29,443100000.0,58000.0,-20.67
NGC 1598,SBc,4.4758,-47.7825,226500000.0,46130.0,-20.41
NGC 1599,Sc,4.5272,-4.5886,179600000.0,23510.0,-19.3
NGC 1600,E3,4.5275,-5.0872,171000000.0,62190.0,-21.6
NGC 1601,S0,4.5281,-5.0597,171000000.0,14920.0,-18.8
NGC 1602,Irr,4.465,-55.0567,69690000.0,19260.0,-18.15
NGC 1603,S0,4.5303,-5.0939,171000000.0,19900.0,-18.8
NGC 1604,S0,4.5328,-5.3694,201800000.0,29360.0,-19.26
NGC 1606,SBa,4.5342,-5.0319,307200000.0,22340.0,-19.07
NGC 1607,Sa,4.5342,-4.4606,185200000.0,26930.0,-19.57
NGC 1609,Sa,4.5458,-4.3719,161200000.0,25790.0,-19.07
NGC 1611,Sa,4.5514,-4.2969,191800000.0,55790.0,-19.55
NGC 1612,Sa,4.5536,-4.1719,154000000.0,29110.0,-19.07
NGC 1613,Sa,4.5569,-4.265,176800000.0,25710.0,-19.07
NGC 1614,SBc,4.5664,-8.5792,209900000.0,39680.0,-20.44
NGC 1615,S0,4.6003,19.9508,149900000.0,26160.0,-19.31
NGC 1616,Sc,4.5447,-43.715,198200000.0,51880.0,-20.62
NGC 1617,SBa,4.5275,-54.6019,46880000.0,29320.0,-19.39
NGC 1618,SBb,4.6017,-3.1486,216100000.0,75450.0,-20.61
NGC 1620,Sc,4.6103,-0.1442,147000000.0,62000.0,-20.17
NGC 1622,SBb,4.61,-3.1883,215400000.0,115900.0,-20.2
NGC 1623,SBa,4.5922,-13.5564,448400000.0,52170.0,-19.19
NGC 1625,SBb,4.6183,-3.3039,206700000.0,63130.0,-20.91
NGC 1626,E0,4.6069,-4.9867,199100000.0,40550.0,-19.33
NGC 1627,Sc,4.6269,-4.8881,169600000.0,39480.0,-19.88
NGC 1628,Sb,4.6267,-4.7158,162000000.0,44770.0,-19.28
NGC 1630-1,Sa,4.6208,-18.9019,410200000.0,41760.0,-20.1
NGC 1630-2,S0,4.6206,-18.9061,410200000.0,11930.0,-18.0
NGC 1631,SBa,4.64,-20.6503,417100000.0,90990.0,-21.23
NGC 1632,Sa,4.6661,-9.4558,222300000.0,32340.0,-18.87
NGC 1633,SBb,4.6692,7.3497,219300000.0,31900.0,-19.74
NGC 1634,S0,4.6692,7.3389,331400000.0,19280.0,-19.93
NGC 1635,SBa,4.6686,-0.5472,147200000.0,29980.0,-19.87
NGC 1636,Sb,4.6778,-8.6078,185600000.0,32390.0,-19.98
NGC 1637,SBc,4.6911,-2.8578,34430000.0,16520.0,-18.62
NGC 1638,S0,4.6933,-1.8083,145400000.0,38060.0,-20.24
NGC 1640,SBb,4.7039,-20.4347,69730000.0,27380.0,-19.25
NGC 1642,Sc,4.715,0.6189,204000000.0,50440.0,-20.68
NGC 1643,Sc,4.7286,-5.3189,215400000.0,37590.0,-20.0
NGC 1645,Sa,4.735,-5.465,211800000.0,64700.0,-20.16
NGC 1646-1,S0,4.7397,-8.5314,213900000.0,68450.0,-20.08
NGC 1646-2,E0,4.7397,-8.535,213900000.0,9335.0,-18.08
NGC 1646-3,E0,4.7406,-8.5353,213900000.0,12450.0,-17.28
NGC 1648,S0,4.7428,-8.4783,280200000.0,24450.0,-19.07
NGC 1650,E0,4.7531,-15.87,480900000.0,160900.0,-22.14
NGC 1653,E0,4.7631,-2.3928,191900000.0,41860.0,-20.95
NGC 1654,Sa,4.7633,-2.0833,201800000.0,23480.0,-19.56
NGC 1656,Sa,4.7647,-5.1364,167400000.0,36520.0,-19.75
NGC 1657,SBc,4.7686,-2.0769,191300000.0,33390.0,-19.14
NGC 1658,Sc,4.7336,-41.4636,230600000.0,50310.0,-19.85
NGC 1659,Sc,4.775,-4.7886,202000000.0,44080.0,-20.66
NGC 1660,Sa,4.7364,-41.4978,203000000.0,29520.0,-19.07
NGC 1661,Sc,4.7853,-2.055,393500000.0,80120.0,-21.31
NGC 1665,S0,4.8047,-5.4272,120000000.0,31430.0,-19.03
NGC 1666,SBa,4.8089,-6.5694,123000000.0,25040.0,-19.28
NGC 1667,SBc,4.8103,-6.3203,201000000.0,40930.0,-21.15
NGC 1668,S0,4.7681,-44.7328,448400000.0,104400.0,-21.89
NGC 1669,Sa,4.7167,-65.8142,247500000.0,28800.0,-19.5
NGC 1670,S0,4.8283,-2.76,204600000.0,38680.0,-20.19
NGC 1671,S0,4.8258,0.2533,282900000.0,37030.0,-20.79
NGC 1672,SBb,4.7617,-59.2478,45000000.0,43850.0,-20.2
NGC 1678,S0,4.8597,-2.6228,211700000.0,33870.0,-19.76
NGC 1679,Irr,4.8319,-31.9672,46430000.0,18230.0,-18.77
NGC 1680,SBb,4.8092,-47.8167,188200000.0,32840.0,-19.41
NGC 1681,Sb,4.8639,-5.8031,122400000.0,23130.0,-19.17
NGC 1682,S0,4.8719,-3.1053,195200000.0,25550.0,-19.38
NGC 1683,Sa,4.8714,-3.0242,280200000.0,40750.0,-19.07
NGC 1684,E0,4.8753,-3.1056,198000000.0,63340.0,-20.91
NGC 1685,SBa,4.8761,-2.9497,200100000.0,37830.0,-18.94
NGC 1686,Sc,4.8817,-15.3464,254500000.0,62930.0,-19.96
NGC 1687,SBb,4.8558,-33.9392,243500000.0,46050.0,-19.67
NGC 1688,SBc,4.8064,-59.8,55210000.0,19270.0,-18.84
NGC 1690,E0,4.9053,1.6406,388100000.0,56450.0,-20.08
NGC 1691,SBa,4.9106,3.2678,202400000.0,67720.0,-20.86
NGC 1692,S0,4.9231,-20.5711,461700000.0,87300.0,-21.75
NGC 1694,Sc,4.9211,-4.6522,212500000.0,37100.0,-19.07
NGC 1699,Sb,4.9497,-4.7572,172500000.0,22580.0,-18.92
NGC 1700,E4,4.9489,-4.8653,141200000.0,67780.0,-20.98
NGC 1701,Sb,4.9308,-29.8836,258300000.0,45080.0,-20.89
NGC 1703,SBb,4.8808,-59.7428,68530000.0,28910.0,-19.61
NGC 1705,S0,4.9036,-53.3606,16530000.0,4567.0,-15.72
NGC 1706,Sb,4.8753,-62.9861,218500000.0,44490.0,-20.53
NGC 1710,S0,4.9544,-15.2889,232800000.0,44020.0,-20.27
NGC 1713,E0,4.9817,-0.4886,286900000.0,58410.0,-20.82
NGC 1716,SBc,4.9703,-20.3633,303100000.0,61720.0,-20.94
NGC 1717,S0,4.9789,-0.4778,209500000.0,27430.0,-18.84
NGC 1719,Sa,4.9928,-0.2606,184300000.0,29490.0,-19.26
NGC 1720,SBb,4.9889,-7.8592,185200000.0,53880.0,-19.87
NGC 1721,S0,4.9881,-11.1183,202700000.0,56000.0,-20.17
NGC 1723,SBa,4.9903,-10.9806,107000000.0,40460.0,-19.88
NGC 1725,S0,4.9894,-11.1319,172600000.0,30130.0,-19.82
NGC 1726,S0,4.9947,-7.755,279100000.0,69000.0,-21.96
NGC 1728,Sa,4.9908,-11.1233,199900000.0,58150.0,-19.14
NGC 1729,Sc,5.0042,-3.3531,161300000.0,39870.0,-19.87
NGC 1730,SBa,4.9919,-15.8233,175900000.0,58830.0,-20.46
NGC 1738,SBc,5.0294,-18.1575,176700000.0,33410.0,-19.97
NGC 1739,Sc,5.0297,-18.1672,172900000.0,35200.0,-19.42
NGC 1740,S0,5.0317,-3.2958,128100000.0,27940.0,-19.07
NGC 1741A,Irr,5.0272,-4.2589,179600000.0,23510.0,-18.7
NGC 1741B,Irr,5.0264,-4.2633,185300000.0,24260.0,-18.57
NGC 1744,SBc,4.9992,-26.0228,46160000.0,49680.0,-18.95
NGC 1752,SBc,5.0358,-8.2408,164400000.0,62180.0,-20.21
NGC 1753,Sa,5.0422,-3.3447,173200000.0,35270.0,-18.13
NGC 1759,E0,5.0136,-38.6736,716000000.0,125000.0,-22.61
NGC 1762,Sc,5.0603,1.5733,205400000.0,50790.0,-20.6
NGC 1765,S0,4.9733,-62.0278,387900000.0,67700.0,-21.48
NGC 1771,Sc,4.9819,-63.2983,224800000.0,58860.0,-19.99
NGC 1779,SBa,5.0883,-9.1478,158100000.0,57480.0,-20.43
NGC 1780,S0,5.1056,-19.4669,211700000.0,27710.0,-19.36
NGC 1781,S0,5.1319,-18.19,222200000.0,42020.0,-20.47
NGC 1784,SBc,5.0908,-11.8711,112600000.0,67170.0,-20.29
NGC 1792,SBc,5.0869,-37.9797,43400000.0,32820.0,-19.82
NGC 1796,SBb,5.045,-61.1397,44020000.0,11530.0,-17.75
NGC 1796A,Sb,5.0842,-61.4839,388700000.0,96100.0,-20.48
NGC 1796B-1,Sc,5.1314,-61.1906,257700000.0,41230.0,-18.69
NGC 1796B-2,S0,5.1319,-61.1936,257700000.0,22490.0,-17.99
NGC 1797,Sa,5.1289,-8.0189,254400000.0,59200.0,-20.06
NGC 1799,S0,5.1289,-7.9689,199400000.0,31900.0,-19.23
NGC 1800,Irr,5.1069,-31.9544,35820000.0,10420.0,-17.1
NGC 1803,SBc,5.0906,-49.5675,184600000.0,34900.0,-20.36
NGC 1808,SBa,5.1283,-37.5133,35000000.0,33090.0,-19.35
NGC 1809,Sc,5.0347,-69.5683,59130000.0,27520.0,-18.09
NGC 1811,Sa,5.145,-29.2764,176200000.0,43570.0,-19.16
NGC 1812,Sa,5.1478,-29.2517,174700000.0,30490.0,-20.04
NGC 1819,S0,5.1961,5.2008,198700000.0,37570.0,-20.42
NGC 1821,Irr,5.1961,-15.1344,160400000.0,27990.0,-18.96
NGC 1824,Irr,5.1156,-59.7253,57300000.0,26670.0,-18.12
NGC 1827,SBc,5.1678,-36.9603,47370000.0,20670.0,-17.51
NGC 1832,SBc,5.2008,-15.6889,51050000.0,19300.0,-18.87
NGC 1843,Sc,5.235,-10.6267,116400000.0,35560.0,-19.36
NGC 1853,SBc,5.2044,-57.3994,63670000.0,18520.0,-17.85
NGC 1875,S0,5.3625,6.6889,401000000.0,46660.0,-20.75
NGC 1879,Irr,5.33,-32.1425,56590000.0,20580.0,-18.0
NGC 1886,Sc,5.3633,-23.81,78720000.0,35490.0,-18.31
NGC 1888,SBc,5.3761,-11.5003,133400000.0,58210.0,-20.26
NGC 1889,E0,5.3764,-11.4969,111300000.0,9709.0,-18.56
NGC 1892,Sc,5.2858,-64.9603,58150000.0,24530.0,-18.45
NGC 1906,Sc,5.4131,-15.9428,131400000.0,17200.0,-18.23
NGC 1924,SBc,5.4669,-5.3103,103100000.0,23990.0,-19.2
NGC 1930,S0,5.4322,-46.7283,170400000.0,47090.0,-20.19
NGC 1947,S0,5.4464,-63.7608,53340000.0,23270.0,-19.27
NGC 1954,Sc,5.5467,-14.0622,140900000.0,86070.0,-20.58
NGC 1956,Sa,5.3264,-77.7297,217500000.0,60100.0,-20.12
NGC 1957,E0,5.5486,-14.1325,331200000.0,52980.0,-20.13
NGC 1961,SBc,5.7008,69.3786,174300000.0,114100.0,-21.94
NGC 1964,SBb,5.5558,-21.9453,81050000.0,66020.0,-20.37
NGC 1979,S0,5.5669,-23.3103,77800000.0,20370.0,-19.09
NGC 1989,S0,5.5731,-30.8006,482300000.0,98200.0,-21.75
NGC 1992,Sa,5.5753,-30.8969,473100000.0,75690.0,-21.11
NGC 1993,S0,5.5903,-17.815,140000000.0,30540.0,-19.76
NGC 1998,S0,5.5542,-48.6953,233000000.0,30510.0,-19.07
NGC 2007,Sc,5.5828,-50.9217,203600000.0,50340.0,-19.88
NGC 2008,Sc,5.5842,-50.9661,462800000.0,94240.0,-21.86
NGC 2012,S0,5.3764,-79.8519,218300000.0,34930.0,-20.03
NGC 2049,Sa,5.7208,-30.0781,132600000.0,38570.0,-19.34
NGC 2073,S0,5.7647,-21.9992,133300000.0,29080.0,-19.66
NGC 2076,Sa,5.7797,-16.7828,98470000.0,31510.0,-18.5
NGC 2082,SBb,5.6972,-64.3014,45660000.0,8634.0,-18.13
NGC 2087,SBa,5.7378,-55.5331,198400000.0,23090.0,-19.22
NGC 2089,S0,5.7975,-17.6028,133400000.0,36880.0,-20.16
NGC 2090,Sc,5.7836,-34.2508,39860000.0,28410.0,-18.43
NGC 2101,Irr,5.7728,-52.09,55650000.0,16190.0,-17.46
NGC 2104,Irr,5.7844,-51.5531,55210000.0,16060.0,-17.94
NGC 2106,S0,5.8461,-21.5669,85310000.0,33500.0,-18.99
NGC 2110,S0,5.8697,-7.4564,104400000.0,25800.0,-19.02
NGC 2115,Sa,5.8553,-50.5833,140400000.0,16340.0,-19.07
NGC 2115A,Sa,5.8558,-50.5922,336900000.0,29400.0,-19.07
NGC 2119,E0,5.9572,11.9489,157500000.0,27500.0,-18.82
NGC 2124,Sb,5.9644,-20.085,137200000.0,53890.0,-19.72
NGC 2128,S0,6.0761,57.6275,140400000.0,30620.0,-19.57
NGC 2131,Irr,5.9797,-26.6531,77800000.0,12450.0,-17.29
NGC 2139,SBc,6.0189,-23.6728,85510000.0,29850.0,-19.79
NGC 2144,Sa,5.6822,-82.1189,212000000.0,43170.0,-20.16
NGC 2146,SBb,6.3106,78.3558,69800000.0,54820.0,-20.35
NGC 2146A,SBc,6.3983,78.53,85640000.0,37370.0,-18.6
NGC 2148,Sb,5.9792,-59.1264,449300000.0,71880.0,-21.09
NGC 2150,SBb,5.9294,-69.5608,200300000.0,34960.0,-19.94
NGC 2152,SBa,6.0153,-50.7408,193800000.0,31010.0,-19.07
NGC 2178,E1,6.0464,-63.7639,360500000.0,47190.0,-21.62
NGC 2179,SBa,6.1339,-21.7461,128500000.0,20550.0,-19.78
NGC 2187,Sa,6.0644,-69.5778,177200000.0,33500.0,-20.47
NGC 2187A,Sa,6.0622,-69.5881,175900000.0,43480.0,-20.76
NGC 2188,Irr,6.1692,-34.105,37210000.0,22730.0,-18.18
NGC 2191,S0,6.1397,-52.5122,204600000.0,50580.0,-21.59
NGC 2196,Sa,6.2025,-21.8061,107500000.0,43770.0,-20.79
NGC 2199,Sa,6.0789,-73.4,201700000.0,58660.0,-20.16
NGC 2200,SBc,6.2214,-43.6631,218300000.0,28580.0,-19.23
NGC 2201,SBb,6.2253,-43.705,205400000.0,32870.0,-19.7
NGC 2205,S0,6.1756,-62.5386,376800000.0,76720.0,-21.61
NGC 2206,SBc,6.2664,-26.7653,284100000.0,99160.0,-21.8
NGC 2207,SBc,6.2725,-21.3728,126700000.0,71860.0,-21.15
NGC 2208,S0,6.3761,51.91,252100000.0,58670.0,-20.14
NGC 2211,S0,6.3083,-18.5378,88050000.0,17930.0,-18.46
NGC 2212,SBa,6.3097,-18.52,89380000.0,19500.0,-17.69
NGC 2216,SBb,6.3583,-22.0872,127700000.0,26000.0,-19.26
NGC 2217,SBa,6.3608,-27.2342,76770000.0,52480.0,-20.26
NGC 2221,Sa,6.3375,-57.5786,112600000.0,32750.0,-18.79
NGC 2222,SBa,6.3378,-57.5333,119600000.0,20880.0,-18.62
NGC 2223,SBb,6.4097,-22.8386,126100000.0,55000.0,-20.63
NGC 2227,SBc,6.4325,-22.0047,105600000.0,32270.0,-19.25
NGC 2228,S0,6.3542,-64.4592,326900000.0,38030.0,-20.4
NGC 2229,SBa,6.3564,-64.9567,373200000.0,81420.0,-20.89
NGC 2230,S0,6.3575,-64.9928,357400000.0,62370.0,-21.1
NGC 2233,S0,6.3611,-65.0333,320400000.0,41930.0,-20.06
NGC 2235,E2,6.3728,-64.9347,369300000.0,75190.0,-21.27
NGC 2255,SBc,6.5661,-34.8117,303200000.0,66140.0,-20.64
NGC 2256,S0,6.7872,74.2369,232200000.0,77670.0,-20.66
NGC 2258,S0,6.7961,74.4814,206100000.0,68930.0,-21.0
NGC 2263,SBb,6.6411,-24.8486,120400000.0,45550.0,-19.94
NGC 2267,S0,6.6808,-32.4822,66720000.0,16500.0,-18.35
NGC 2268,SBc,7.2381,84.3822,100300000.0,39390.0,-20.24
NGC 2271,S0,6.7144,-23.4758,103000000.0,31470.0,-19.5
NGC 2272,S0,6.7114,-27.4597,94710000.0,33060.0,-19.51
NGC 2273,SBa,6.8356,60.8458,103100000.0,53970.0,-20.0
NGC 2273A,Sc,6.6686,60.0806,93370000.0,36670.0,-18.98
NGC 2273B,SBc,6.7753,60.3403,113900000.0,44720.0,-19.51
NGC 2274,E0,6.7881,33.5675,229900000.0,40130.0,-20.84
NGC 2275,Sb,6.7881,33.5992,220700000.0,41720.0,-20.05
NGC 2276,SBc,7.4536,85.755,106700000.0,35680.0,-20.57
NGC 2280,Sc,6.7467,-27.6389,80340000.0,73610.0,-20.76
NGC 2283,SBc,6.7644,-18.2103,42820000.0,22420.0,-17.69
NGC 2288,E0,6.8478,33.4622,224200000.0,13040.0,-18.79
NGC 2289,S0,6.8481,33.4792,219700000.0,35140.0,-19.64
NGC 2290,Sa,6.8489,33.4381,229100000.0,39980.0,-20.03
NGC 2291,S0,6.8494,33.5256,231600000.0,33690.0,-20.06
NGC 2292,S0,6.7942,-26.7464,105700000.0,61500.0,-20.75
NGC 2293,SBa,6.795,-26.7547,82640000.0,48080.0,-19.92
NGC 2294,E6,6.8531,33.5269,226000000.0,26300.0,-19.3
NGC 2295,Sb,6.7897,-26.7361,81380000.0,24860.0,-18.38
NGC 2297,SBc,6.74,-63.7175,155400000.0,42940.0,-19.99
NGC 2300,S0,7.5389,85.7092,137700000.0,56080.0,-21.03
NGC 2303,E0,6.9381,45.4933,282300000.0,61580.0,-20.79
NGC 2305,E2,6.8103,-64.2728,126800000.0,38740.0,-20.15
NGC 2307,SBb,6.8142,-64.335,207200000.0,51240.0,-20.91
NGC 2308,Sb,6.9769,45.2111,264500000.0,69230.0,-20.34
NGC 2310,S0,6.8981,-40.8636,58910000.0,36840.0,-18.58
NGC 2314,E3,7.1753,75.3278,215000000.0,34400.0,-20.89
NGC 2315,Sa,7.0425,50.5908,277600000.0,52500.0,-20.15
NGC 2320,E0,7.0947,50.5808,282400000.0,57510.0,-21.59
NGC 2321,SBa,7.0994,50.7567,279100000.0,56830.0,-19.86
NGC 2322,SBa,7.1,50.5106,278500000.0,44550.0,-20.06
NGC 2325,E4,7.0444,-28.6978,79890000.0,34860.0,-19.94
NGC 2326,SBb,7.1361,50.6822,270100000.0,74640.0,-20.59
NGC 2326A,Irr,7.1428,50.6317,272900000.0,39690.0,-19.31
NGC 2328,S0,7.0433,-42.0681,57970000.0,10960.0,-18.45
NGC 2329,S0,7.1519,48.6158,295900000.0,55940.0,-21.29
NGC 2330,E0,7.1578,50.1531,214400000.0,12470.0,-18.29
NGC 2332,S0,7.1592,50.1819,262200000.0,57210.0,-20.73
NGC 2333,Sa,7.1392,35.17,215800000.0,31390.0,-19.9
NGC 2334,E0,7.1925,50.2489,283000000.0,37040.0,-19.99
NGC 2336,SBc,7.4508,80.1778,127100000.0,131200.0,-21.85
NGC 2336A,Sc,7.9375,78.0131,102100000.0,25260.0,-18.08
NGC 2337,Irr,7.1703,44.4569,25770000.0,7870.0,-16.49
NGC 2339,SBc,7.1389,18.7794,101100000.0,39710.0,-19.96
NGC 2340,E0,7.1861,50.1747,295900000.0,77460.0,-21.89
NGC 2341,Sc,7.1533,20.6033,239300000.0,27850.0,-20.43
NGC 2342,Sc,7.155,20.6369,241300000.0,49140.0,-21.15
NGC 2344,SBc,7.2078,47.1672,47370000.0,10330.0,-18.01
NGC 2347,Sb,7.2678,64.7114,199000000.0,52090.0,-20.73
NGC 2350,Sa,7.22,12.2664,90810000.0,18490.0,-18.22
NGC 2357,Sc,7.2944,23.3564,127600000.0,66820.0,-18.56
NGC 2363,Irr,7.4747,69.1928,3119000.0,725.8,-9.402
NGC 2365,SBa,7.3728,22.0833,133400000.0,54330.0,-19.46
NGC 2366,Irr,7.4817,69.2161,11000000.0,12960.0,-16.14
NGC 2369,SBa,7.2769,-62.3439,151100000.0,76890.0,-20.13
NGC 2369A,SBc,7.3119,-62.9367,148300000.0,38820.0,-19.59
NGC 2369B,SBc,7.3414,-62.0539,134100000.0,29260.0,-19.07
NGC 2370,SBc,7.4169,23.7836,252100000.0,29330.0,-20.04
NGC 2373,Sc,7.4433,33.8242,352900000.0,30800.0,-20.37
NGC 2375,SBb,7.4525,33.8325,356400000.0,67380.0,-20.59
NGC 2376,Sc,7.4431,23.0733,239600000.0,20910.0,-19.13
NGC 2377,Sc,7.4156,-9.6606,118000000.0,29170.0,-19.29
NGC 2379,S0,7.4572,33.8119,185800000.0,24320.0,-19.28
NGC 2381,SBa,7.3325,-63.0669,141500000.0,28810.0,-19.79
NGC 2382,S0,7.3983,-27.5286,81200000.0,24800.0,-19.68
NGC 2385,S0,7.4744,33.8381,184800000.0,26870.0,-18.57
NGC 2387,S0,7.4825,36.8797,878800000.0,76690.0,-21.85
NGC 2388,S0,7.4814,33.8189,190400000.0,27700.0,-19.13
NGC 2389,SBc,7.4844,33.8608,206800000.0,60150.0,-20.61
NGC 2393,Sc,7.5011,34.0278,224000000.0,39100.0,-19.48
NGC 2397,Sb,7.3553,-69.0014,62870000.0,22860.0,-18.72
NGC 2397A,Sc,7.3519,-69.1153,195800000.0,31320.0,-19.09
NGC 2397B,Irr,7.3653,-68.8458,61390000.0,8036.0,-16.37
NGC 2398-1,S0,7.5044,24.4881,394300000.0,22940.0,-20.11
NGC 2398-2,E0,7.5036,24.4914,394300000.0,28680.0,-19.91
NGC 2402-1,E0,7.5128,9.6475,363100000.0,42250.0,-20.13
NGC 2402-2,S0,7.5131,9.6539,336900000.0,34300.0,-19.07
NGC 2403,SBc,7.6139,65.6017,10600000.0,36080.0,-18.65
NGC 2405-1,S0,7.5369,25.9061,251500000.0,18290.0,-19.54
NGC 2405-2,E0,7.5375,25.9058,251500000.0,10970.0,-18.94
NGC 2406,E0,7.5297,18.2886,367900000.0,37460.0,-20.06
NGC 2407,S0,7.5322,18.3336,372300000.0,59560.0,-20.49
NGC 2410,SBb,7.5839,32.8225,210700000.0,73550.0,-20.25
NGC 2411,E0,7.5767,18.2819,225000000.0,29450.0,-19.59
NGC 2415,Irr,7.6156,35.2419,175100000.0,22920.0,-20.85
NGC 2416,Sc,7.5947,11.6125,235800000.0,34300.0,-20.0
NGC 2417,Sc,7.5033,-62.2525,147400000.0,60030.0,-20.37
NGC 2418,E0,7.6103,17.8839,233500000.0,61130.0,-20.87
NGC 2424,SBb,7.6775,39.2333,145200000.0,76010.0,-19.64
NGC 2426,E0,7.7217,52.3181,265500000.0,42480.0,-20.35
NGC 2427,Irr,7.6075,-47.6358,42870000.0,30550.0,-18.39
NGC 2429,Sc,7.7297,52.3575,247400000.0,53970.0,-19.8
NGC 2429B,S0,7.7308,52.3481,672100000.0,29330.0,-19.07
NGC 2431,SBa,7.7536,53.0756,257500000.0,33710.0,-20.09
NGC 2434,E0,7.5808,-69.2844,74360000.0,25950.0,-19.49
NGC 2435,Sa,7.7369,31.6506,193900000.0,62050.0,-20.27
NGC 2441,SBb,7.865,73.0153,157800000.0,45890.0,-20.52
NGC 2442,SBc,7.6053,-69.525,69240000.0,60430.0,-20.43
NGC 2443,SBc,7.6083,-69.5183,69240000.0,60430.0,-20.43
NGC 2444,S0,7.7814,39.0325,186100000.0,43310.0,-19.88
NGC 2445,S0,7.7819,39.0156,184600000.0,45640.0,-19.86
NGC 2446,Sb,7.8108,54.6117,257100000.0,71040.0,-20.78
NGC 2449,Sb,7.7889,26.9306,220900000.0,41760.0,-19.85
NGC 2450,Sc,7.7922,27.0194,213500000.0,27950.0,-18.58
NGC 2454,S0,7.8428,16.3692,214400000.0,24940.0,-19.29
NGC 2456,E0,7.9028,55.4953,341800000.0,54680.0,-20.9
NGC 2457,Sc,7.9125,55.5472,369400000.0,26860.0,-19.07
NGC 2458,S0,7.9308,56.7108,267600000.0,15570.0,-19.07
NGC 2460,Sb,7.9478,60.3494,131100000.0,47680.0,-20.32
NGC 2462,S0,7.9419,56.6867,381100000.0,22170.0,-21.24
NGC 2463,E0,7.9533,56.6769,373400000.0,32580.0,-20.09
NGC 2466,Sc,7.7542,-71.4108,243400000.0,56640.0,-20.86
NGC 2468,S0,7.9672,56.3592,390800000.0,73900.0,-20.39
NGC 2469,Sb,7.9675,56.68,147600000.0,21470.0,-19.88
NGC 2470,Sb,7.9056,4.46,193200000.0,56210.0,-20.16
NGC 2472,S0,7.9781,56.7011,255500000.0,18580.0,-18.27
NGC 2473,S0,7.9264,56.7364,336900000.0,24500.0,-19.07
NGC 2474,E0,7.9667,52.8622,255700000.0,29750.0,-20.37
NGC 2475,E0,7.9661,52.8572,253600000.0,22130.0,-20.15
NGC 2476,E0,7.9458,39.9278,173000000.0,35220.0,-20.02
NGC 2480,SBc,7.9528,23.7797,112300000.0,21240.0,-17.68
NGC 2481,Sa,7.9536,23.7675,112100000.0,22830.0,-19.08
NGC 2484,S0,7.9744,37.7867,585900000.0,76700.0,-21.97
NGC 2485,Sa,7.9467,7.4775,215300000.0,50100.0,-20.9
NGC 2486,Sa,7.9656,25.1611,215700000.0,53330.0,-19.9
NGC 2487,SBb,7.9722,25.1492,224000000.0,87980.0,-20.98
NGC 2488,S0,8.0292,56.5528,387500000.0,78910.0,-21.77
NGC 2490,E0,7.9881,27.0778,300500000.0,26220.0,-19.22
NGC 2491,S0,7.9742,7.9844,280200000.0,12230.0,-19.07
NGC 2492,S0,7.9914,27.0264,305400000.0,44410.0,-21.06
NGC 2493,S0,8.0064,39.8308,182200000.0,50360.0,-20.74
NGC 2494,SBa,7.9853,-0.6375,158300000.0,20730.0,-19.13
NGC 2495,Irr,8.0092,39.8406,381000000.0,22170.0,-19.54
NGC 2496,E0,7.9769,8.0281,426200000.0,68180.0,-21.58
NGC 2497,S0,8.0364,56.9422,368500000.0,75040.0,-21.06
NGC 2498,SBa,7.9939,24.9833,219000000.0,35040.0,-19.73
NGC 2499,SBa,7.9808,7.4928,432600000.0,50330.0,-20.71
NGC 2500,SBc,8.0314,50.7367,28340000.0,11950.0,-17.49
NGC 2501,S0,7.975,-14.3542,96040000.0,19560.0,-17.84
NGC 2502,S0,7.9308,-52.3069,56320000.0,17200.0,-17.99
NGC 2503,SBc,8.01,22.4,254300000.0,36990.0,-19.66
NGC 2504,Irr,7.9978,5.6078,126700000.0,9216.0,-18.95
NGC 2505,SBa,8.0683,53.5497,431500000.0,75310.0,-21.51
NGC 2507,Sa,8.0269,15.7103,212900000.0,77410.0,-20.47
NGC 2508,E0,8.0325,8.5519,205200000.0,41780.0,-20.09
NGC 2510,S0,8.0361,9.4861,178500000.0,25960.0,-19.19
NGC 2511,S0,8.0375,9.3953,209200000.0,27380.0,-18.93
NGC 2512,SBb,8.0519,23.3917,218500000.0,44490.0,-20.23
NGC 2513,E0,8.04,9.4139,198300000.0,72090.0,-21.32
NGC 2514,SBc,8.0469,15.8078,226100000.0,42750.0,-20.2
NGC 2517,S0,8.0464,-12.3172,77170000.0,15710.0,-19.07
NGC 2518,S0,8.1222,51.1322,240100000.0,41910.0,-19.73
NGC 2521,S0,8.1469,57.7697,239800000.0,41860.0,-20.23
NGC 2522,Sa,8.1036,17.7067,208400000.0,30320.0,-19.53
NGC 2523,SBc,8.25,73.5789,125200000.0,52830.0,-20.32
NGC 2523A,SBc,8.0689,74.0481,170800000.0,24850.0,-19.1
NGC 2523B,Sb,8.2156,73.5636,172400000.0,50140.0,-18.81
NGC 2523C,E0,8.2956,73.3181,164500000.0,35890.0,-19.21
NGC 2524,Sa,8.1358,39.1578,186900000.0,38060.0,-20.19
NGC 2525,SBc,8.0939,-11.4275,81410000.0,35520.0,-19.69
NGC 2526,Sb,8.1161,8.0042,215700000.0,37640.0,-19.4
NGC 2528,Sb,8.1236,39.1947,182300000.0,39780.0,-20.34
NGC 2530,SBc,8.1319,17.8183,233800000.0,47620.0,-19.78
NGC 2532,SBc,8.1708,33.9561,242500000.0,67010.0,-21.36
NGC 2534,E1,8.215,55.6719,168700000.0,24530.0,-19.97
NGC 2535,Sc,8.1869,25.2072,191900000.0,69770.0,-20.55
NGC 2536,SBc,8.1878,25.1797,193800000.0,22550.0,-19.07
NGC 2537,Irr,8.2206,45.9914,22510000.0,5565.0,-16.89
NGC 2537A,SBc,8.2281,45.9933,530000000.0,46250.0,-19.95
NGC 2538,SBa,8.1897,3.6331,186600000.0,40700.0,-20.19
NGC 2540,SBc,8.2128,26.3614,289900000.0,54820.0,-20.34
NGC 2541,SBc,8.2444,49.0619,39040000.0,35770.0,-18.19
NGC 2543,SBb,8.2158,36.2536,118000000.0,39490.0,-20.09
NGC 2544,SBa,8.3611,73.9883,127600000.0,20410.0,-19.06
NGC 2545,SBb,8.2372,21.3561,224000000.0,71670.0,-20.98
NGC 2549,S0,8.3161,57.8031,41100000.0,22710.0,-18.3
NGC 2550,Sb,8.4092,74.0119,100000000.0,14550.0,-19.03
NGC 2550A,Sc,8.4775,73.7481,164000000.0,38160.0,-20.11
NGC 2551,Sa,8.4139,73.4125,102600000.0,23870.0,-19.39
NGC 2552,Irr,8.3219,50.0069,29140000.0,15260.0,-17.15
NGC 2553,S0,8.2931,20.9033,220300000.0,54480.0,-19.25
NGC 2554,Sa,8.2981,23.4722,194700000.0,90630.0,-20.98
NGC 2555,SBb,8.2989,0.745,207400000.0,57310.0,-20.72
NGC 2556,S0,8.3167,20.9375,216600000.0,12600.0,-18.81
NGC 2557,S0,8.3194,21.4361,226800000.0,39580.0,-19.81
NGC 2558,Sb,8.32,20.5114,232400000.0,60850.0,-20.46
NGC 2559,SBc,8.285,-27.4569,61970000.0,27040.0,-19.69
NGC 2560,Sa,8.3308,20.9847,229500000.0,46740.0,-19.64
NGC 2561,SBc,8.3267,4.6567,192700000.0,30830.0,-19.76
NGC 2562,Sa,8.3397,21.1317,232800000.0,33860.0,-20.37
NGC 2563,S0,8.3431,21.0681,249900000.0,72710.0,-21.12
NGC 2564,S0,8.3083,-21.8161,106500000.0,18590.0,-19.07
NGC 2565,SBc,8.33,22.0314,170000000.0,46990.0,-20.18
NGC 2566,SBb,8.3125,-25.5006,84440000.0,35610.0,-20.26
NGC 2569,S0,8.3558,20.8681,237500000.0,20730.0,-19.01
NGC 2570,Sb,8.3561,20.9106,318900000.0,51030.0,-19.85
NGC 2572,Sa,8.3567,19.1478,352900000.0,66730.0,-20.47
NGC 2573,SBc,1.6981,-89.3342,102100000.0,28200.0,-18.38
NGC 2573A,SBb,23.2039,-89.1242,109400000.0,33400.0,-17.93
NGC 2573B,Irr,23.1256,-89.1153,113300000.0,24730.0,-17.6
NGC 2574,Sb,8.3467,-8.9183,139400000.0,46630.0,-19.45
NGC 2575,Sc,8.3792,24.2969,182300000.0,45070.0,-20.24
NGC 2576,Sb,8.3825,25.7394,381900000.0,94420.0,-20.04
NGC 2577,S0,8.3786,22.5536,105600000.0,27650.0,-19.05
NGC 2578,SBa,8.3567,-13.3181,203700000.0,65190.0,-20.48
NGC 2581,SBa,8.4083,18.5969,273900000.0,43820.0,-20.32
NGC 2582,SBb,8.42,20.3342,208100000.0,36330.0,-20.12
NGC 2583,E0,8.3853,-5.0025,275000000.0,36000.0,-20.23
NGC 2584,Sc,8.3875,-4.9708,257100000.0,44880.0,-19.88
NGC 2585,Sb,8.3906,-4.9153,304500000.0,79710.0,-20.35
NGC 2590,Sc,8.4172,-0.5911,234300000.0,74970.0,-20.38
NGC 2591,Sc,8.6236,78.0256,75570000.0,32970.0,-18.92
NGC 2592,E0,8.4522,25.9708,83820000.0,20730.0,-18.65
NGC 2593,Sa,8.4464,17.3744,283500000.0,37110.0,-19.8
NGC 2594,S0,8.4547,25.8786,105400000.0,12260.0,-17.45
NGC 2595,SBc,8.4614,21.4794,263600000.0,122700.0,-21.54
NGC 2596,Sb,8.4572,17.2844,252400000.0,55060.0,-20.24
NGC 2598,SBa,8.5006,21.4883,215600000.0,40770.0,-19.2
NGC 2599,Sa,8.5364,22.5608,222000000.0,61360.0,-21.06
NGC 2600,Sb,8.5789,52.7153,595600000.0,103900.0,-21.31
NGC 2601,SBa,8.425,-68.1178,150400000.0,35010.0,-19.92
NGC 2602,S0,8.5844,52.8314,590300000.0,25760.0,-20.89
NGC 2603,E0,8.5753,52.8403,753800000.0,32890.0,-20.32
NGC 2604,SBc,8.5561,29.5386,92910000.0,22970.0,-18.97
NGC 2604B,Sc,8.5597,29.4994,93620000.0,12250.0,-16.79
NGC 2605,S0,8.5814,52.8044,583800000.0,33960.0,-19.86
NGC 2606,Sc,8.5928,52.7886,587700000.0,59840.0,-21.18
NGC 2607,Sc,8.5656,26.9731,167200000.0,21890.0,-18.85
NGC 2608,SBb,8.5881,28.4733,104900000.0,28990.0,-19.54
NGC 2611,S0,8.5914,25.0278,232900000.0,23720.0,-18.97
NGC 2612,S0,8.5639,-13.1742,76050000.0,30970.0,-18.14
NGC 2613,Sb,8.5561,-22.9728,108800000.0,102800.0,-21.41
NGC 2614,Sc,8.7131,72.9767,156100000.0,45420.0,-19.7
NGC 2615,SBb,8.5758,-2.5472,182000000.0,50310.0,-20.33
NGC 2616,S0,8.5928,-1.8508,413200000.0,66110.0,-21.81
NGC 2617,Sa,8.5939,-4.0878,189100000.0,30260.0,-19.12
NGC 2618,Sb,8.5981,0.7078,178300000.0,64830.0,-20.19
NGC 2619,SBc,8.6256,28.705,178400000.0,46710.0,-20.29
NGC 2620,S0,8.6244,24.9469,359600000.0,104600.0,-20.61
NGC 2621,S0,8.6267,25.0003,383800000.0,44650.0,-19.65
NGC 2622,Sb,8.6361,24.8953,391500000.0,45560.0,-20.5
NGC 2623,Sb,8.64,25.7547,332700000.0,116100.0,-21.04
NGC 2624,S0,8.6358,19.7261,183200000.0,15980.0,-19.05
NGC 2625,E0,8.6397,19.7161,212000000.0,21580.0,-18.76
NGC 2628,Sc,8.6728,23.5397,172000000.0,27520.0,-19.61
NGC 2629,S0,8.7875,72.9856,164800000.0,35950.0,-20.22
NGC 2633,SBb,8.8011,74.0992,98160000.0,32840.0,-19.59
NGC 2634,E1,8.8069,73.9672,142300000.0,35180.0,-20.4
NGC 2634A,SBc,8.8106,73.9386,94910000.0,24850.0,-18.02
NGC 2636,E0,8.8067,73.6717,86490000.0,5032.0,-17.42
NGC 2638,Sa,8.7069,37.2208,175100000.0,43300.0,-19.95
NGC 2639,Sa,8.7269,50.2061,153000000.0,40060.0,-20.76
NGC 2640,S0,8.6233,-55.1236,55160000.0,17650.0,-18.44
NGC 2641,S0,8.7992,72.8964,138600000.0,26210.0,-18.14
NGC 2642,SBc,8.6789,-4.1222,206200000.0,59970.0,-20.6
NGC 2644,Sc,8.6922,4.9808,98650000.0,30130.0,-19.0
NGC 2646,S0,8.8392,73.4628,166000000.0,31390.0,-20.33
NGC 2647,E0,8.7119,19.6511,726400000.0,84520.0,-21.64
NGC 2648,Sa,8.7108,14.285,103300000.0,48070.0,-19.6
NGC 2649,SBc,8.7356,34.7175,198400000.0,43290.0,-20.82
NGC 2650,SBb,8.8328,70.2994,173200000.0,40320.0,-19.53
NGC 2651,S0,8.7319,11.7711,385100000.0,33610.0,-19.96
NGC 2654,SBb,8.82,60.2208,64650000.0,39490.0,-18.78
NGC 2655,SBa,8.9269,78.2236,75000000.0,53450.0,-20.81
NGC 2656,S0,8.7981,53.8761,610200000.0,88750.0,-21.46
NGC 2657,Irr,8.7542,9.6458,196600000.0,28600.0,-20.1
NGC 2661,Sc,8.7664,12.6197,195100000.0,39730.0,-20.18
NGC 2662,E0,8.7589,-15.1211,199500000.0,34830.0,-20.13
NGC 2663,E0,8.7522,-33.795,95150000.0,48440.0,-20.42
NGC 2665,SBa,8.7667,-19.3033,75930000.0,22090.0,-18.33
NGC 2667,S0,8.8075,19.0197,177200000.0,20620.0,-18.77
NGC 2668,SBb,8.8228,36.7108,344700000.0,75200.0,-20.22
NGC 2672,E1,8.8225,19.0744,171800000.0,74940.0,-21.01
NGC 2673,E0,8.8233,19.0747,171800000.0,29980.0,-19.61
NGC 2674,Sa,8.8203,-14.2936,307200000.0,26810.0,-19.07
NGC 2675,E0,8.8681,53.6172,417600000.0,91110.0,-21.34
NGC 2676,S0,8.8597,47.5583,275200000.0,48040.0,-20.23
NGC 2677,S0,8.8336,19.0103,191800000.0,16740.0,-18.35
NGC 2679,S0,8.8589,30.865,99050000.0,23050.0,-18.31
NGC 2680,E0,8.8592,30.8658,436600000.0,12700.0,-20.13
NGC 2681,SBa,8.8922,51.3131,56100000.0,29370.0,-20.08
NGC 2683,Sb,8.8781,33.42,30630000.0,41430.0,-19.36
NGC 2684,Sc,8.9147,49.1603,134700000.0,17630.0,-19.28
NGC 2685,SBa,8.9261,58.7347,44690000.0,29900.0,-18.58
NGC 2686-1,E0,8.9161,49.1425,602600000.0,43820.0,-20.13
NGC 2686-2,E0,8.9167,49.1422,955100000.0,41670.0,-20.13
NGC 2687-1,S0,8.9181,49.1561,808100000.0,23510.0,-19.07
NGC 2687-2,S0,8.9181,49.1561,424100000.0,18500.0,-19.07
NGC 2688,S0,8.9197,49.1225,688500000.0,30040.0,-19.82
NGC 2689,S0,8.9236,49.1153,613000000.0,26750.0,-19.07
NGC 2690,Sb,8.8772,-2.6036,70640000.0,19520.0,-17.58
NGC 2691,Sa,8.9128,39.5392,186300000.0,24380.0,-19.88
NGC 2692,SBb,8.9492,52.0658,185900000.0,35140.0,-19.68
NGC 2693,E1,8.9497,51.3478,209200000.0,79120.0,-21.34
NGC 2694,E1,8.9497,51.3325,235100000.0,41040.0,-18.59
NGC 2695,S0,8.9075,-3.0669,114000000.0,28200.0,-19.82
NGC 2696,E0,8.845,-5.0094,251200000.0,47500.0,-20.13
NGC 2697,Sa,8.9164,-2.9878,81380000.0,21310.0,-18.48
NGC 2698,Sa,8.9267,-3.1842,82720000.0,18050.0,-18.52
NGC 2699,E0,8.93,-3.1272,87540000.0,14010.0,-18.54
NGC 2701,SBc,8.9847,53.7706,162600000.0,52030.0,-20.79
NGC 2704,SBb,8.9464,39.3825,326200000.0,47440.0,-20.7
NGC 2706,Sc,8.9367,-2.5633,171900000.0,45000.0,-19.81
NGC 2708,Sb,8.9353,-3.3606,150400000.0,59050.0,-20.52
NGC 2709,S0,8.9367,-3.2425,85380000.0,9935.0,-17.39
NGC 2710,SBb,8.9967,55.7058,119100000.0,34660.0,-19.11
NGC 2711,SBc,8.9564,17.2881,285900000.0,37420.0,-20.11
NGC 2712,SBb,8.9917,44.9139,89290000.0,36360.0,-19.49
NGC 2713,SBb,8.9556,2.9214,187800000.0,98340.0,-21.1
NGC 2714,E0,8.8914,-59.2175,120800000.0,19320.0,-18.84
NGC 2715,SBc,9.1347,78.0858,80890000.0,56470.0,-20.17
NGC 2716,SBa,8.9597,3.0903,170600000.0,32250.0,-20.49
NGC 2717,S0,8.9503,-24.6739,117300000.0,35840.0,-19.48
NGC 2718,SBb,8.9806,6.2939,184100000.0,56220.0,-20.76
NGC 2719,Irr,9.0042,35.7278,150600000.0,24090.0,-19.42
NGC 2719A,Irr,9.0042,35.7206,147000000.0,8555.0,-18.77
NGC 2720,S0,8.9856,11.1497,398000000.0,63680.0,-21.43
NGC 2721,Sc,8.9822,-4.9014,206300000.0,72030.0,-21.01
NGC 2722,Sc,8.9794,-3.7097,148200000.0,43120.0,-19.79
NGC 2723,S0,9.0039,3.1783,179000000.0,20830.0,-19.5
NGC 2724,SBc,9.0169,35.7625,153200000.0,40120.0,-18.96
NGC 2725,Irr,9.0175,11.0975,105100000.0,10700.0,-18.24
NGC 2726,Sa,9.0822,59.9333,72810000.0,16940.0,-18.44
NGC 2728,Sb,9.0278,11.0836,268800000.0,43000.0,-19.98
NGC 2729,S0,9.0244,3.7211,171900000.0,20000.0,-19.71
NGC 2730,Irr,9.0375,16.8383,182900000.0,45210.0,-20.14
NGC 2731,Sc,9.0356,8.3006,128000000.0,14890.0,-18.57
NGC 2732,S0,9.2236,79.1878,88890000.0,27150.0,-19.28
NGC 2734,E0,9.0503,16.8642,691900000.0,60380.0,-20.13
NGC 2735,SBb,9.0439,25.9347,120400000.0,21010.0,-18.74
NGC 2735A,Irr,9.0447,25.9389,123400000.0,7180.0,-16.99
NGC 2737,Sb,9.0664,21.9064,140400000.0,18370.0,-18.27
NGC 2738,Sc,9.0667,21.9683,150200000.0,30590.0,-19.42
NGC 2739,Sb,9.1006,51.7444,391700000.0,51270.0,-19.9
NGC 2740,Sb,9.1014,51.7356,403700000.0,58720.0,-20.46
NGC 2741,S0,9.0544,18.2606,145300000.0,8452.0,-17.24
NGC 2742,Sc,9.1258,60.4794,62560000.0,27300.0,-19.31
NGC 2742A,SBb,9.1658,62.2469,343600000.0,79960.0,-21.11
NGC 2743,Irr,9.0817,25.0042,145100000.0,23220.0,-18.94
NGC 2744,SBb,9.0775,18.4642,164800000.0,38360.0,-19.62
NGC 2744A,Irr,9.0772,18.4561,691900000.0,20130.0,-20.13
NGC 2745,S0,9.0775,18.2578,163900000.0,9535.0,-18.21
NGC 2746,SBa,9.0997,35.3772,324700000.0,75570.0,-20.89
NGC 2747,S0,9.0883,18.4428,187800000.0,10930.0,-18.5
NGC 2748,Sc,9.2286,76.4758,66480000.0,29970.0,-19.25
NGC 2749,E3,9.0892,18.3136,199400000.0,49300.0,-21.23
NGC 2750,Sc,9.0967,25.4375,130500000.0,41750.0,-20.31
NGC 2751,Sc,9.0922,18.2619,191800000.0,22320.0,-18.75
NGC 2752,SBb,9.095,18.3397,178700000.0,46790.0,-18.99
NGC 2753-1,E0,9.1189,25.3411,137600000.0,16020.0,-17.63
NGC 2753-2,E0,9.1189,25.3442,137600000.0,6006.0,-18.13
NGC 2754,S0,9.0864,-19.0847,250200000.0,29110.0,-19.12
NGC 2755,Sb,9.1328,41.7086,345200000.0,60260.0,-20.92
NGC 2756,Sb,9.15,53.8486,170300000.0,42100.0,-20.39
NGC 2758,Sc,9.0919,-19.0428,100400000.0,27740.0,-18.44
NGC 2759,S0,9.1436,37.6214,319100000.0,46410.0,-20.95
NGC 2761,S0,9.125,18.435,386600000.0,33740.0,-20.17
NGC 2762,S0,9.165,50.4183,209100000.0,9122.0,-17.53
NGC 2763,SBc,9.1136,-15.4992,110700000.0,37040.0,-19.95
NGC 2764,S0,9.1381,21.4431,133100000.0,29030.0,-19.45
NGC 2765,S0,9.1267,3.3928,183800000.0,56150.0,-20.55
NGC 2766,Sb,9.1464,29.8653,197400000.0,40190.0,-19.41
NGC 2767,S0,9.1697,50.4019,227600000.0,29800.0,-19.62
NGC 2768,E6,9.1936,60.0364,62920000.0,58570.0,-20.52
NGC 2769,Sa,9.1756,50.4336,222200000.0,58160.0,-20.27
NGC 2770,Sc,9.1592,33.1242,120200000.0,64670.0,-20.13
NGC 2770A,Sa,9.1553,33.1222,336900000.0,29400.0,-19.07
NGC 2771,SBb,9.1775,50.3792,232500000.0,77790.0,-20.56
NGC 2772,Sb,9.1281,-23.6194,260300000.0,56780.0,-20.31
NGC 2773,S0,9.1622,7.1742,258200000.0,26280.0,-19.99
NGC 2774,S0,9.1775,18.6967,387700000.0,50750.0,-20.68
NGC 2775,Sb,9.1722,7.0372,55000000.0,34400.0,-19.93
NGC 2776,SBc,9.2039,44.9547,125500000.0,51100.0,-20.82
NGC 2777,Sb,9.1781,7.2072,79580000.0,8102.0,-18.04
NGC 2778,E0,9.2067,35.0278,74690000.0,15210.0,-18.5
NGC 2779,SBa,9.2078,35.0539,93370000.0,9507.0,-16.38
NGC 2780,SBa,9.2122,34.9256,98470000.0,12890.0,-18.1
NGC 2781,SBa,9.1908,-14.8172,103800000.0,45280.0,-20.01
NGC 2782,SBa,9.2347,40.1136,123400000.0,66420.0,-20.59
NGC 2783,E0,9.2275,29.9931,309400000.0,99010.0,-21.68
NGC 2783B,Sb,9.2256,29.9997,299000000.0,69580.0,-19.71
NGC 2784,S0,9.2053,-24.1725,36660000.0,29330.0,-18.95
NGC 2785,Irr,9.2542,40.9181,131300000.0,28640.0,-18.22
NGC 2786,Sa,9.2264,12.4406,214400000.0,28060.0,-20.39
NGC 2787,SBa,9.3217,69.2036,24400000.0,11000.0,-17.57
NGC 2788,Sb,9.1508,-67.9325,76820000.0,20110.0,-18.56
NGC 2788A,Sb,9.0444,-68.2267,183200000.0,77290.0,-19.85
NGC 2788B,Sb,9.0597,-67.9664,62720000.0,13680.0,-16.92
NGC 2789,SBa,9.2497,29.7303,292000000.0,63700.0,-21.26
NGC 2790,Sc,9.2506,19.6975,361900000.0,31590.0,-20.03
NGC 2791,S0,9.2503,17.5928,374500000.0,43580.0,-19.8
NGC 2793,Irr,9.2794,34.4322,85330000.0,14890.0,-18.49
NGC 2794,SBa,9.2669,17.5894,402900000.0,70330.0,-21.46
NGC 2795,E0,9.2675,17.6283,394100000.0,80240.0,-21.51
NGC 2796,Sa,9.2781,30.9161,320700000.0,51310.0,-20.56
NGC 2797,Irr,9.2725,17.7272,343800000.0,30000.0,-20.61
NGC 2798,SBa,9.2894,42.0,86670000.0,35290.0,-19.12
NGC 2799,Irr,9.2919,41.9939,89070000.0,24610.0,-17.88
NGC 2800,E0,9.3097,52.5147,346800000.0,70610.0,-21.33
NGC 2801,Sc,9.2789,19.9353,356100000.0,56970.0,-20.09
NGC 2802,S0,9.2781,18.9639,402500000.0,64390.0,-20.36
NGC 2803,S0,9.2786,18.9544,407200000.0,65150.0,-20.38
NGC 2804,S0,9.2803,20.1983,374000000.0,76160.0,-21.5
NGC 2805,SBc,9.3389,64.1028,81850000.0,75000.0,-20.5
NGC 2807,S0,9.2833,20.0361,362600000.0,31650.0,-19.43
NGC 2807A,S0,9.2825,20.0292,368300000.0,26780.0,-19.26
NGC 2809,S0,9.285,20.0692,368100000.0,69600.0,-21.36
NGC 2810,E0,9.3678,71.8439,334700000.0,82750.0,-21.86
NGC 2810B,S0,9.3661,71.8667,533900000.0,15530.0,-19.07
NGC 2811,SBa,9.2697,-16.3125,125700000.0,45710.0,-20.63
NGC 2812,S0,9.2944,19.9192,400700000.0,29140.0,-19.55
NGC 2813,S0,9.2958,19.9069,384400000.0,72680.0,-20.06
NGC 2814,Sb,9.3531,64.2519,77490000.0,12400.0,-17.58
NGC 2815,SBb,9.2719,-23.6339,126500000.0,64370.0,-20.14
NGC 2817,SBc,9.2861,-4.7528,157200000.0,45740.0,-19.72
NGC 2819,E0,9.3025,16.1981,397600000.0,80950.0,-21.43
NGC 2820,SBc,9.3628,64.2586,74950000.0,44690.0,-18.61
NGC 2821,Sc,9.2797,-26.8167,108000000.0,31420.0,-18.7
NGC 2822,E0,9.2303,-69.6442,72060000.0,34580.0,-20.12
NGC 2823,SBa,9.3214,34.0083,326600000.0,42750.0,-19.5
NGC 2824,S0,9.3172,26.2703,134700000.0,17630.0,-18.88
NGC 2825,Sa,9.3228,33.7431,360300000.0,47160.0,-19.92
NGC 2826,Sa,9.3233,33.6236,289700000.0,67420.0,-20.14
NGC 2827,Sb,9.3217,33.8808,311200000.0,36210.0,-19.3
NGC 2828,S0,9.3261,33.8886,283300000.0,16480.0,-19.19
NGC 2829,S0,9.3311,33.6494,293400000.0,12800.0,-19.07
NGC 2830,SBa,9.3281,33.7381,337600000.0,58930.0,-20.27
NGC 2831,E0,9.3292,33.7447,238600000.0,17350.0,-19.92
NGC 2832,E2,9.3294,33.7497,334700000.0,146000.0,-22.25
NGC 2833,S0,9.3325,33.9275,324300000.0,42450.0,-19.39
NGC 2834,E0,9.3339,33.7106,309800000.0,27030.0,-19.39
NGC 2835,SBc,9.2978,-22.3553,42330000.0,40630.0,-19.56
NGC 2836,Sc,9.2292,-69.3331,76050000.0,29870.0,-19.24
NGC 2838,E0,9.3453,39.3164,366600000.0,47990.0,-20.45
NGC 2839,S0,9.3433,33.6511,364600000.0,47720.0,-20.04
NGC 2840,SBc,9.3478,35.3683,343600000.0,49970.0,-20.51
NGC 2841,Sb,9.3672,50.9764,51530000.0,60710.0,-20.89
NGC 2842,SBa,9.26,-63.0694,135000000.0,31410.0,-19.68
NGC 2843,S0,9.3411,18.9261,424100000.0,24670.0,-19.07
NGC 2844,Sa,9.3633,40.1519,75970000.0,18780.0,-18.14
NGC 2845,Sa,9.31,-38.0097,112000000.0,37470.0,-19.48
NGC 2848,SBc,9.3358,-16.5256,105200000.0,38240.0,-20.04
NGC 2850,S0,9.3489,-4.9394,329600000.0,43150.0,-19.82
NGC 2851,S0,9.3417,-16.4953,226300000.0,42790.0,-19.81
NGC 2852,SBa,9.3872,40.1644,91430000.0,13300.0,-18.04
NGC 2853,SBa,9.3881,40.2003,88800000.0,12920.0,-17.87
NGC 2854,SBb,9.4006,49.2039,130100000.0,30270.0,-19.2
NGC 2855,Sa,9.3575,-11.9103,99100000.0,36030.0,-19.81
NGC 2856,Sc,9.4044,49.2492,125500000.0,20070.0,-18.93
NGC 2857,Sc,9.4103,49.3572,225700000.0,72210.0,-21.0
NGC 2858,Sa,9.3817,3.1575,162100000.0,40070.0,-19.98
NGC 2859,SBa,9.405,34.5133,85600000.0,57270.0,-20.29
NGC 2860,SBa,9.4147,41.06,198800000.0,43370.0,-19.32
NGC 2861,SBc,9.3933,2.1361,242700000.0,52950.0,-20.56
NGC 2862,SBc,9.4153,26.7753,194400000.0,70670.0,-20.08
NGC 2863,Irr,9.3933,-10.4331,80050000.0,11640.0,-18.45
NGC 2864,S0,9.4042,5.94,157600000.0,22930.0,-17.92
NGC 2865,E3,9.3917,-23.1614,116600000.0,42390.0,-20.27
NGC 2868,S0,9.3908,-10.4289,502400000.0,43840.0,-20.64
NGC 2870,SBc,9.4647,57.3758,149500000.0,54360.0,-19.51
NGC 2872,E2,9.4283,11.4328,200900000.0,61360.0,-21.05
NGC 2873,Sb,9.43,11.4547,144000000.0,14660.0,-17.02
NGC 2874,SBc,9.4297,11.4258,181700000.0,58130.0,-20.33
NGC 2876,S0,9.4203,-6.7167,272700000.0,67430.0,-20.51
NGC 2877,Irr,9.4297,2.2286,324100000.0,33000.0,-19.69
NGC 2878,Sa,9.4297,2.09,319400000.0,37170.0,-20.25
NGC 2880,S0,9.4928,62.4911,71430000.0,20780.0,-19.2
NGC 2881-1,S0,9.4317,-11.9956,202200000.0,32350.0,-19.86
NGC 2881-2,S0,9.4314,-11.9925,202200000.0,23530.0,-19.86
NGC 2882,S0,9.4431,7.9542,109500000.0,23890.0,-19.13
NGC 2883,Irr,9.4217,-34.1022,65280000.0,20890.0,-16.51
NGC 2884,Sa,9.44,-11.5556,254500000.0,77740.0,-20.96
NGC 2885,Sa,9.455,23.02,349400000.0,35580.0,-20.35
NGC 2887,S0,9.39,-63.8122,124800000.0,38130.0,-20.21
NGC 2888,E0,9.4386,-28.0361,111400000.0,24300.0,-19.07
NGC 2889,SBc,9.4533,-11.6433,162900000.0,54500.0,-21.09
NGC 2890,S0,9.4414,-14.5289,227600000.0,26490.0,-18.72
NGC 2891,S0,9.4489,-24.7828,104000000.0,22700.0,-19.02
NGC 2892,E0,9.5478,67.6175,302100000.0,61520.0,-20.73
NGC 2893,SBa,9.5044,29.5403,87250000.0,13960.0,-18.34
NGC 2894,Sa,9.4917,7.7183,109500000.0,30250.0,-19.33
NGC 2895,SBc,9.54,57.4831,391700000.0,45580.0,-20.7
NGC 2896,S0,9.5044,23.6636,185200000.0,24240.0,-18.97
NGC 2897,S0,9.4958,2.2075,267600000.0,27240.0,-19.07
NGC 2898,Sa,9.4961,2.065,228600000.0,33250.0,-19.63
NGC 2900,SBc,9.5042,4.1436,252300000.0,47700.0,-20.24
NGC 2902,S0,9.5147,-14.7356,102900000.0,23950.0,-19.29
NGC 2903,SBc,9.5358,21.4992,31750000.0,58180.0,-20.34
NGC 2904,S0,9.5044,-30.385,76980000.0,13430.0,-18.36
NGC 2906,Sc,9.535,8.4422,109300000.0,22250.0,-19.42
NGC 2907,Sa,9.5267,-16.7336,107200000.0,31190.0,-19.88
NGC 2908,S0,9.7253,79.7014,267400000.0,31110.0,-20.37
NGC 2911,S0,9.5628,10.1528,155600000.0,90550.0,-20.89
NGC 2913,Sc,9.5672,9.4783,150200000.0,24020.0,-19.22
NGC 2914,SBb,9.5672,10.1092,155100000.0,20300.0,-19.29
NGC 2915,SBa,9.4369,-76.6267,12330000.0,3407.0,-14.69
NGC 2916,Sb,9.5825,21.7044,132400000.0,48150.0,-20.34
NGC 2917,Sa,9.5742,-2.5039,178200000.0,33690.0,-19.19
NGC 2918,E0,9.5956,31.7053,313900000.0,63920.0,-21.42
NGC 2919,SBc,9.5797,10.2839,162800000.0,37880.0,-19.79
NGC 2930,S0,9.6256,23.2036,306700000.0,31220.0,-19.77
NGC 2931,S0,9.6269,23.2406,330900000.0,38510.0,-19.93
NGC 2933,S0,9.6319,17.0147,193100000.0,28090.0,-18.36
NGC 2934,E0,9.6319,17.055,871000000.0,25340.0,-20.13
NGC 2935,SBb,9.6122,-21.1278,96060000.0,51690.0,-20.14
NGC 2936,E0,9.6289,2.7606,325800000.0,61600.0,-21.1
NGC 2937,E0,9.6292,2.7481,319100000.0,37130.0,-20.35
NGC 2938,SBc,9.64,76.3192,103600000.0,27130.0,-18.31
NGC 2939,Sc,9.6353,9.5236,162800000.0,56820.0,-20.09
NGC 2940,S0,9.6347,9.6172,398200000.0,52120.0,-20.83
NGC 2941,S0,9.64,17.0444,327000000.0,38040.0,-19.21
NGC 2942,Sc,9.6522,34.0061,208300000.0,57570.0,-20.83
NGC 2943,E0,9.6422,17.0311,386600000.0,123700.0,-21.67
NGC 2944-1,Sc,9.655,32.3106,313700000.0,45620.0,-20.11
NGC 2944-2,SBc,9.6544,32.3106,313700000.0,13690.0,-19.42
NGC 2945,S0,9.6281,-22.0344,220300000.0,51280.0,-20.95
NGC 2946,SBa,9.6503,17.0256,412300000.0,71960.0,-20.71
NGC 2947,SBc,9.6014,-12.4367,139900000.0,30510.0,-19.96
NGC 2948,SBc,9.6497,6.9558,236200000.0,48100.0,-20.5
NGC 2949-1,S0,9.6653,16.7844,255500000.0,22300.0,-19.07
NGC 2949-2,S0,9.6658,16.7869,255500000.0,22300.0,-19.07
NGC 2950,S0,9.7094,58.8514,48600000.0,19080.0,-18.97
NGC 2951-1,E0,9.6608,-0.2356,478700000.0,34810.0,-20.13
NGC 2951-2,E0,9.6611,-0.2344,416900000.0,30320.0,-20.13
NGC 2952,Irr,9.6269,-10.1844,363100000.0,42250.0,-20.13
NGC 2954,E0,9.6733,14.9225,183900000.0,32100.0,-20.46
NGC 2955,Sb,9.6878,35.8828,323400000.0,70550.0,-21.38
NGC 2956,Sb,9.6544,-19.1011,426600000.0,55850.0,-20.28
NGC 2957A,E1,9.7875,72.9867,301300000.0,13150.0,-19.03
NGC 2957B,E0,9.7881,72.9839,308100000.0,31370.0,-19.18
NGC 2958,Sc,9.6781,11.8886,310700000.0,45200.0,-20.99
NGC 2959,SBb,9.7522,68.595,201300000.0,38060.0,-20.25
NGC 2960,Sa,9.6767,3.5772,233800000.0,47620.0,-20.88
NGC 2961,Sb,9.7561,68.6092,205200000.0,23880.0,-18.29
NGC 2962,S0,9.6817,5.1658,115800000.0,43790.0,-19.85
NGC 2963,SBb,9.7969,72.9644,294100000.0,51330.0,-20.47
NGC 2964,SBc,9.715,31.8469,70400000.0,30720.0,-19.67
NGC 2965,S0,9.7219,36.2483,310800000.0,54250.0,-20.4
NGC 2966,SBc,9.7031,4.6736,105300000.0,33710.0,-18.74
NGC 2967,Sc,9.7008,0.3361,99010000.0,43200.0,-20.11
NGC 2968,Sa,9.7197,31.9286,76060000.0,23230.0,-19.04
NGC 2969,Sc,9.6983,-8.6033,235700000.0,47990.0,-20.49
NGC 2970,E1,9.7253,31.9775,85690000.0,4985.0,-17.4
NGC 2971,SBb,9.7294,36.1797,301800000.0,48290.0,-20.03
NGC 2974,E4,9.7092,-3.6992,80480000.0,39800.0,-20.06
NGC 2975,S0,9.6878,-16.6739,713400000.0,83000.0,-20.9
NGC 2976,Sc,9.7872,67.9175,11990000.0,10290.0,-17.03
NGC 2977,Sb,9.7294,74.8606,139100000.0,36420.0,-19.85
NGC 2978,Sc,9.7211,-9.7461,95000000.0,15200.0,-18.72
NGC 2979,Sa,9.7189,-10.3831,121000000.0,26390.0,-19.25
NGC 2980,SBc,9.7197,-9.6125,265300000.0,61730.0,-20.85
NGC 2981,SBc,9.7489,31.0981,475400000.0,82970.0,-21.02
NGC 2983,SBa,9.7281,-20.4775,104100000.0,37850.0,-19.72
NGC 2984,S0,9.7278,11.0614,290300000.0,29560.0,-20.35
NGC 2985,Sb,9.8392,72.2786,75000000.0,50180.0,-20.61
NGC 2986,E2,9.7375,-21.2781,134700000.0,62700.0,-21.38
NGC 2987,Sb,9.7614,4.9414,181200000.0,39540.0,-19.82
NGC 2988,Sc,9.7797,22.0122,336800000.0,44080.0,-19.27
NGC 2989,Sc,9.7569,-18.3744,200300000.0,49530.0,-20.34
NGC 2990,Sc,9.7714,5.7089,152100000.0,24340.0,-20.04
NGC 2991,S0,9.7803,22.0133,345200000.0,70290.0,-21.62
NGC 2992,Sa,9.7614,-14.3269,117800000.0,63400.0,-19.69
NGC 2993,Sa,9.7633,-14.3689,122200000.0,23100.0,-19.37
NGC 2994,S0,9.7878,22.0892,342200000.0,64700.0,-21.1
NGC 2996,Sa,9.775,-21.5711,405300000.0,88420.0,-21.87
NGC 2997,SBc,9.7606,-31.1906,45000000.0,58250.0,-20.6
NGC 2998,SBc,9.8119,44.0817,222200000.0,87260.0,-21.07
NGC 3001,SBc,9.7717,-30.4369,124200000.0,52380.0,-20.3
NGC 3003,SBc,9.8097,33.4219,80290000.0,66570.0,-19.65
NGC 3005,S0,9.8206,44.1306,202400000.0,32380.0,-18.66
NGC 3006,S0,9.8214,44.0256,207700000.0,21150.0,-18.12
NGC 3007,Sa,9.7958,-6.4378,289200000.0,54690.0,-20.24
NGC 3008,S0,9.8261,44.1028,213000000.0,15490.0,-18.57
NGC 3009,Sc,9.8364,44.2953,217300000.0,25280.0,-20.72
NGC 3010A,S0,9.8428,44.3236,197100000.0,17200.0,-18.51
NGC 3010B,S0,9.8425,44.3147,244000000.0,24840.0,-19.07
NGC 3010C,S0,9.8442,44.3308,207700000.0,12090.0,-18.22
NGC 3011,S0,9.8281,32.2217,79540000.0,10410.0,-17.34
NGC 3012,E0,9.8311,34.7147,515700000.0,75010.0,-21.09
NGC 3013,S0,9.8358,33.5697,360000000.0,41890.0,-19.21
NGC 3014,Sc,9.8186,-4.7428,273600000.0,39790.0,-19.82
NGC 3015,S0,9.8228,1.1453,351600000.0,25570.0,-20.66
NGC 3016,Sb,9.8306,12.6953,413700000.0,72210.0,-21.82
NGC 3017,E0,9.8175,-2.8214,276400000.0,40200.0,-20.14
NGC 3018,Sb,9.8281,0.6228,97760000.0,17060.0,-18.28
NGC 3019,Sc,9.8353,12.7461,394300000.0,45880.0,-19.41
NGC 3020,SBc,9.835,12.8136,78240000.0,34140.0,-19.0
NGC 3021,Sc,9.8492,33.5542,113500000.0,24760.0,-19.71
NGC 3022,S0,9.8275,-5.1664,277600000.0,64590.0,-20.45
NGC 3023-1,SBc,9.8311,0.6189,98470000.0,42970.0,-19.4
NGC 3023-2,E0,9.8317,0.6169,98470000.0,4297.0,-17.4
NGC 3024,Sc,9.8408,12.7656,77180000.0,22450.0,-18.07
NGC 3025,S0,9.8247,-21.7414,376500000.0,82140.0,-21.41
NGC 3026,Irr,9.8483,28.5514,91260000.0,35840.0,-18.53
NGC 3027,SBc,9.9278,72.2042,83640000.0,47440.0,-19.84
NGC 3028,Sb,9.8317,-19.1844,179800000.0,23540.0,-20.21
NGC 3029,Sc,9.8147,-8.0511,255200000.0,51970.0,-19.77
NGC 3030,S0,9.8361,-12.2258,121300000.0,17650.0,-18.55
M 81,Sb,9.9258,69.0672,12010000.0,43480.0,-20.02
NGC 3032,S0,9.8689,29.2367,69150000.0,17100.0,-18.13
M 82,Irr,9.9317,69.6831,12100000.0,19710.0,-18.64
NGC 3035,SBc,9.865,-6.8228,191400000.0,47310.0,-20.34
NGC 3037,Irr,9.8567,-27.0108,53600000.0,10140.0,-17.38
NGC 3038,Sb,9.8542,-32.7536,134100000.0,48740.0,-20.57
NGC 3039,SBb,9.8747,2.1536,239200000.0,41750.0,-19.93
NGC 3040A,Sb,9.8847,19.4328,147000000.0,14970.0,-19.07
NGC 3040B,S0,9.8842,19.4422,307200000.0,17870.0,-19.07
NGC 3041,SBc,9.8853,16.6775,76730000.0,41290.0,-19.46
NGC 3042,S0,9.8889,0.6978,168500000.0,29410.0,-19.77
NGC 3043,Sb,9.9372,59.3072,139600000.0,34530.0,-19.56
NGC 3044,SBc,9.8944,1.5794,72500000.0,49560.0,-19.23
NGC 3045,Sb,9.8881,-18.6439,100000000.0,20370.0,-18.33
NGC 3047,S0,9.9089,-1.2911,212500000.0,12370.0,-19.07
NGC 3047A,E0,9.9081,-1.2878,239900000.0,13960.0,-20.13
NGC 3048-1,S0,9.9156,16.4561,203000000.0,17710.0,-19.07
NGC 3048-2,Sa,9.9161,16.4592,336900000.0,19600.0,-19.07
NGC 3049,SBb,9.9136,9.2719,81010000.0,25920.0,-18.67
NGC 3051,S0,9.8994,-27.2861,127700000.0,39010.0,-20.16
NGC 3052,SBc,9.9078,-18.6389,182500000.0,55730.0,-20.94
NGC 3053,SBa,9.9258,16.4333,180100000.0,47150.0,-20.01
NGC 3054,SBb,9.9078,-25.7036,112500000.0,62190.0,-20.49
NGC 3055,SBc,9.9214,4.2694,96560000.0,29490.0,-19.76
NGC 3056,SBa,9.9089,-28.2983,38320000.0,10030.0,-17.75
NGC 3057,Irr,10.0942,80.2853,69070000.0,22100.0,-18.13
NGC 3058,Sc,9.8933,-12.4822,330900000.0,62570.0,-20.83
NGC 3058A,E0,9.8931,-12.4794,350200000.0,15280.0,-19.35
NGC 3059,SBc,9.8356,-73.9214,61980000.0,32450.0,-19.79
NGC 3060,Sb,9.9386,16.8314,178400000.0,57070.0,-19.89
NGC 3061,SBc,9.9364,75.8664,111500000.0,27580.0,-18.97
NGC 3062,Sb,9.9431,1.4292,366600000.0,31990.0,-20.05
NGC 3064,Sc,9.9281,-6.3642,225800000.0,39420.0,-19.3
NGC 3065,S0,10.0319,72.17,92190000.0,22790.0,-19.66
NGC 3066,SBb,10.0361,72.1256,94290000.0,15080.0,-18.8
NGC 3067,SBb,9.9725,32.37,77580000.0,27080.0,-19.08
NGC 3068,S0,9.9778,28.8781,294100000.0,47050.0,-19.37
NGC 3068B,E0,9.9772,28.8711,602600000.0,26290.0,-20.13
NGC 3069,S0,9.9656,10.4328,235100000.0,27360.0,-19.19
NGC 3070,E0,9.9683,10.3603,176600000.0,35960.0,-20.47
NGC 3071,S0,9.9811,31.6208,297900000.0,21670.0,-19.3
NGC 3072,Sa,9.9564,-19.3547,156600000.0,43260.0,-19.71
NGC 3073,S0,10.0144,55.6183,109900000.0,19180.0,-18.64
NGC 3074,Sc,9.9947,35.3933,240500000.0,80450.0,-20.94
NGC 3075,Sc,9.9822,14.4194,173700000.0,30320.0,-19.23
NGC 3076,Sb,9.9603,-18.1783,159900000.0,23260.0,-19.45
NGC 3077,Irr,10.0556,68.735,12970000.0,9806.0,-17.4
NGC 3078,E3,9.9733,-26.9261,121900000.0,47870.0,-20.76
NGC 3079,SBc,10.0325,55.6814,68260000.0,80420.0,-20.1
NGC 3080,Sa,9.9986,13.0442,488000000.0,63870.0,-21.37
NGC 3081,SBa,9.9914,-22.8261,120000000.0,38410.0,-19.93
NGC 3082,S0,9.9811,-30.3575,125300000.0,32810.0,-19.42
NGC 3083,Sa,9.9969,-2.8775,297700000.0,47630.0,-20.2
NGC 3084,SBb,9.985,-27.1283,123900000.0,32440.0,-19.7
NGC 3085,S0,9.9914,-19.4928,177400000.0,30950.0,-19.68
NGC 3086,Sb,10.0028,-2.9758,450300000.0,78590.0,-21.0
NGC 3087,E0,9.9856,-34.2256,124700000.0,36280.0,-21.11
NGC 3088,S0,10.0189,22.4061,337500000.0,24550.0,-20.37
NGC 3088B,Sc,10.0192,22.4017,307200000.0,22340.0,-19.07
NGC 3089,SBb,9.9933,-28.3311,97520000.0,25530.0,-19.08
NGC 3090,E0,10.0083,-2.9686,302600000.0,74810.0,-21.24
NGC 3091,E1,10.0039,-19.6367,174000000.0,75900.0,-21.43
NGC 3092,Sa,10.0131,-3.0122,275900000.0,52180.0,-20.24
NGC 3093,E0,10.0147,-2.9714,286900000.0,29210.0,-19.52
NGC 3094,SBa,10.0236,15.77,121300000.0,28220.0,-19.45
NGC 3095,SBc,10.0014,-31.5533,135100000.0,70740.0,-20.78
NGC 3096,S0,10.0092,-19.6622,201800000.0,29350.0,-19.16
NGC 3098,Sa,10.0378,24.7114,72540000.0,23210.0,-18.74
NGC 3099A,E0,10.0433,32.7072,275400000.0,24040.0,-20.13
NGC 3099B,E0,10.0417,32.7144,501200000.0,21870.0,-20.13
NGC 3100,S0,10.0111,-31.6642,116400000.0,54180.0,-20.66
NGC 3101,Sa,10.0264,-2.9947,249500000.0,43540.0,-19.02
NGC 3102,S0,10.0753,60.1078,142700000.0,18680.0,-18.9
NGC 3104,Irr,10.0658,40.7572,37650000.0,18070.0,-16.51
NGC 3106,S0,10.0681,31.1858,288500000.0,75530.0,-21.43
NGC 3107,Sc,10.0728,13.6219,138700000.0,14120.0,-19.34
NGC 3108,Sa,10.0414,-31.6758,138800000.0,50450.0,-20.44
NGC 3109,Irr,10.0517,-26.1583,4048000.0,11250.0,-15.06
NGC 3111,S0,10.1019,47.2631,327800000.0,42910.0,-20.71
NGC 3112,Sc,10.0664,-20.7822,173200000.0,25190.0,-17.63
NGC 3113,SBc,10.0739,-28.4447,62740000.0,30110.0,-18.12
NGC 3115,S0,10.0872,-7.7181,34020000.0,35620.0,-19.99
NGC 3116,E0,10.1125,31.0983,281600000.0,16380.0,-19.18
NGC 3117,E0,10.1028,2.9133,301600000.0,43870.0,-20.53
NGC 3118,Sc,10.1197,33.0272,71650000.0,26050.0,-17.41
NGC 3119,E0,10.1131,14.3056,390400000.0,28390.0,-20.09
NGC 3120,SBc,10.0894,-34.2208,132400000.0,34670.0,-19.54
NGC 3121,E0,10.1142,14.3739,417700000.0,103300.0,-21.64
NGC 3122,Sb,10.0669,-6.4747,241600000.0,56220.0,-20.85
NGC 3124,SBc,10.1111,-19.2217,126200000.0,53240.0,-20.14
NGC 3125,E0,10.1092,-29.9356,62110000.0,9938.0,-17.9
NGC 3126,Sb,10.1389,31.8636,242800000.0,98880.0,-20.86
NGC 3127,Sb,10.1067,-16.1261,201100000.0,35100.0,-19.35
NGC 3128,Sb,10.1003,-16.1228,221600000.0,51570.0,-19.86
NGC 3130,Sa,10.1367,9.9767,380300000.0,55320.0,-21.03
NGC 3131,SBb,10.1433,18.2311,256700000.0,89600.0,-20.58
NGC 3133,Sb,10.12,-11.9653,244000000.0,24840.0,-19.07
NGC 3134,S0,10.2081,12.3769,238200000.0,27720.0,-19.62
NGC 3135,Sc,10.1817,45.9506,333400000.0,43640.0,-20.65
NGC 3136,E0,10.0967,-67.3775,80360000.0,36230.0,-20.26
NGC 3136A,Irr,10.0592,-67.4489,89380000.0,26000.0,-16.59
NGC 3136B,E0,10.1703,-67.005,85710000.0,17450.0,-19.3
NGC 3137,SBc,10.1519,-29.0636,63540000.0,57300.0,-19.25
NGC 3138,Sc,10.1544,-11.9572,366100000.0,63900.0,-19.65
NGC 3139,S0,10.1681,-11.7778,62720000.0,13680.0,-16.92
NGC 3140,Sc,10.1575,-16.6278,392000000.0,51310.0,-20.5
NGC 3141,Sc,10.1553,-16.6531,379800000.0,22100.0,-19.23
NGC 3142,S0,10.1683,-8.4794,235700000.0,34280.0,-19.49
NGC 3143,SBb,10.1675,-12.5819,172800000.0,22620.0,-18.52
NGC 3145,SBc,10.1692,-12.4344,167300000.0,73010.0,-21.05
NGC 3146,SBb,10.1858,-20.8708,173300000.0,25210.0,-19.63
NGC 3147,Sc,10.2814,73.4003,148700000.0,84370.0,-21.89
NGC 3149,Sb,10.0619,-80.4222,90020000.0,26190.0,-19.1
NGC 3150,S0,10.2239,38.6581,323000000.0,37580.0,-19.48
NGC 3151,S0,10.2247,38.6203,329100000.0,38290.0,-19.92
NGC 3152,S0,10.2261,38.8436,299300000.0,34820.0,-19.21
NGC 3153,Sc,10.2139,12.6667,156900000.0,47920.0,-19.91
NGC 3154,Sb,10.2169,17.0344,292400000.0,38280.0,-20.46
NGC 3155,S0,10.2942,74.3478,133800000.0,19460.0,-19.26
NGC 3156,S0,10.2114,3.1297,77370000.0,21380.0,-18.77
NGC 3157,SBc,10.195,-31.6428,140900000.0,51230.0,-19.28
NGC 3158,E3,10.2306,38.7656,266100000.0,77400.0,-21.66
NGC 3159,E2,10.2311,38.655,319200000.0,55710.0,-20.35
NGC 3160,S0,10.2319,38.8428,307100000.0,58070.0,-19.67
NGC 3161,E2,10.2331,38.6578,285900000.0,33270.0,-19.21
NGC 3162,SBc,10.2253,22.7372,71470000.0,32220.0,-19.5
NGC 3163,S0,10.2353,38.6528,287200000.0,50120.0,-20.42
NGC 3164,S0,10.2531,56.6722,353900000.0,46320.0,-20.68
NGC 3165,Irr,10.2253,3.375,74550000.0,14090.0,-17.29
NGC 3166,SBa,10.2292,3.4258,75130000.0,52450.0,-20.41
NGC 3168,E0,10.2731,60.235,424800000.0,61790.0,-21.17
NGC 3169,Sa,10.2372,3.4669,65000000.0,39710.0,-20.3
NGC 3171,S0,10.26,-20.6475,169600000.0,39470.0,-19.68
NGC 3172,S0,11.7872,89.0936,270100000.0,39280.0,-19.29
NGC 3173,Sc,10.2431,-27.6933,125800000.0,38430.0,-19.33
NGC 3174,SBa,10.2589,74.2206,289800000.0,50580.0,-20.44
NGC 3175,SBb,10.245,-28.8711,63050000.0,46770.0,-19.33
NGC 3177,Sc,10.2761,21.1231,71740000.0,15650.0,-18.71
NGC 3178,Sc,10.2692,-15.7911,170300000.0,34680.0,-20.19
NGC 3179,S0,10.2992,41.1147,334000000.0,87430.0,-20.95
NGC 3182,Sa,10.3258,58.2061,101600000.0,26610.0,-19.57
NGC 3184,SBc,10.3047,41.4233,36860000.0,39670.0,-19.96
NGC 3185,SBa,10.2939,21.6886,68580000.0,20950.0,-18.71
NGC 3186-1,E0,10.2647,6.9644,600400000.0,34930.0,-21.12
NGC 3186-2,E0,10.2644,6.9594,600400000.0,43660.0,-20.32
NGC 3187,SBc,10.2964,21.8739,84040000.0,44000.0,-18.45
NGC 3188,SBb,10.3283,57.4231,353100000.0,41090.0,-20.57
NGC 3188A,S0,10.3272,57.4186,361400000.0,21020.0,-17.72
NGC 3190,Sa,10.3014,21.8328,91650000.0,58650.0,-20.24
NGC 3192,SBc,10.3181,46.455,416900000.0,48510.0,-21.53
NGC 3193,E2,10.3067,21.8939,101800000.0,29600.0,-20.67
NGC 3196,S0,10.3136,27.6694,668900000.0,29190.0,-20.66
NGC 3197,Sc,10.2408,77.8203,362000000.0,68440.0,-20.93
NGC 3198,SBc,10.3317,45.55,47960000.0,59290.0,-19.93
NGC 3200,SBc,10.31,-17.9822,171900000.0,105000.0,-20.71
NGC 3202,SBa,10.3419,43.0214,309400000.0,54000.0,-20.79
NGC 3203,Sa,10.3258,-26.6989,121200000.0,49360.0,-19.75
NGC 3204,SBb,10.3364,27.8172,234300000.0,44300.0,-19.68
NGC 3205,Irr,10.3472,42.9717,323700000.0,65910.0,-20.78
NGC 3206,SBc,10.3631,56.9308,58730000.0,24770.0,-18.68
NGC 3207,Irr,10.35,42.9858,321800000.0,60840.0,-20.27
NGC 3208,SBc,10.3281,-25.8144,143700000.0,37630.0,-19.82
NGC 3209,E0,10.3439,25.5047,289400000.0,54710.0,-21.04
NGC 3212,SBb,10.4711,79.8239,436400000.0,95220.0,-21.13
NGC 3213,Sc,10.3547,19.6517,74150000.0,10780.0,-17.48
NGC 3214,Sa,10.3856,57.0389,342800000.0,34900.0,-19.81
NGC 3215,Sc,10.4778,79.8125,423000000.0,67670.0,-21.56
NGC 3216,E0,10.3614,23.9233,691400000.0,130700.0,-21.93
NGC 3217,Sc,10.3922,10.9597,436700000.0,31760.0,-20.33
NGC 3218,SBc,10.3633,74.1772,140300000.0,46920.0,-20.57
NGC 3219,S0,10.3769,38.5797,681300000.0,79270.0,-22.4
NGC 3220,Sb,10.3956,57.0267,60200000.0,11380.0,-17.43
NGC 3221,SBc,10.3722,21.5689,196700000.0,88700.0,-19.8
NGC 3222,S0,10.3761,19.8867,262800000.0,45880.0,-20.53
NGC 3223,Sb,10.3594,-34.2669,120900000.0,72090.0,-21.04
NGC 3224,E0,10.3614,-34.6961,151200000.0,41790.0,-21.03
NGC 3225,Sc,10.4192,58.1497,177800000.0,51710.0,-20.38
NGC 3226,E2,10.3906,19.8975,98820000.0,40240.0,-20.01
NGC 3227,SBa,10.3917,19.8653,73060000.0,43570.0,-20.45
NGC 3230,S0,10.3956,12.5675,125700000.0,42040.0,-18.63
NGC 3232,SBa,10.4067,28.0283,291100000.0,33870.0,-19.45
NGC 3233,SBa,10.3658,-22.2678,179800000.0,47080.0,-20.21
NGC 3234,S0,10.4164,28.0242,298500000.0,52100.0,-20.31
NGC 3236,E0,10.4467,61.2733,411500000.0,35910.0,-20.1
NGC 3237,S0,10.4286,39.6472,326300000.0,61700.0,-21.0
NGC 3238,S0,10.445,57.2261,335400000.0,68290.0,-20.86
NGC 3239,Irr,10.4181,17.1603,47900000.0,31350.0,-19.13
NGC 3240,Sc,10.4083,-21.7914,191900000.0,30700.0,-19.95
NGC 3241,SBb,10.4047,-32.4833,136000000.0,47480.0,-20.2
NGC 3243,S0,10.4392,-2.6222,262500000.0,53450.0,-20.73
NGC 3244,Sc,10.4244,-39.8278,117400000.0,35870.0,-19.78
NGC 3245,S0,10.455,28.5078,68170000.0,31730.0,-19.9
NGC 3245A,SBb,10.4503,28.6392,71960000.0,36630.0,-16.62
NGC 3246,Irr,10.4447,3.8625,111200000.0,38820.0,-19.16
NGC 3248,S0,10.4625,22.8475,64550000.0,23470.0,-17.88
NGC 3249,SBc,10.4394,-34.9639,169100000.0,39340.0,-19.67
NGC 3250,E4,10.4422,-39.9436,132700000.0,52100.0,-20.85
NGC 3250A,Sb,10.4647,-40.0811,325600000.0,52100.0,-19.3
NGC 3250B,SBa,10.4622,-40.4356,125200000.0,40060.0,-19.12
NGC 3250C,Sb,10.4617,-40.0025,116000000.0,28680.0,-18.45
NGC 3250D,S0,10.4658,-39.8153,129300000.0,31970.0,-18.69
NGC 3250E,SBc,10.4833,-40.0825,136600000.0,41730.0,-19.91
NGC 3251,SBc,10.4878,26.0989,240000000.0,69820.0,-20.13
NGC 3252,SBc,10.5728,73.7639,53430000.0,14760.0,-16.97
NGC 3253,SBc,10.4742,12.7039,446600000.0,77940.0,-21.38
NGC 3254,Sc,10.4886,29.4922,123300000.0,80690.0,-20.49
NGC 3256,Sb,10.4642,-43.9053,136300000.0,75330.0,-21.0
NGC 3256A,Irr,10.4308,-43.7475,135300000.0,25590.0,-18.09
NGC 3256B,SBc,10.4836,-44.4033,120000000.0,33150.0,-19.03
NGC 3256C,SBc,10.4847,-43.8503,126000000.0,31160.0,-19.63
NGC 3257,S0,10.4797,-35.6581,112200000.0,16320.0,-18.58
NGC 3258,E1,10.4814,-35.605,137500000.0,58010.0,-20.62
NGC 3258A,SBa,10.4719,-35.4547,144200000.0,23070.0,-18.73
NGC 3258B,S0,10.5069,-35.5636,94710000.0,13770.0,-17.11
NGC 3258C,SBa,10.5233,-35.22,129400000.0,20710.0,-18.39
NGC 3258D,SBb,10.5319,-35.4103,135000000.0,31410.0,-19.08
NGC 3258E,Sb,10.54,-34.9981,136000000.0,29670.0,-17.7
NGC 3259,SBc,10.5428,65.0411,80780000.0,19970.0,-18.97
NGC 3260,E0,10.485,-35.5958,148400000.0,25910.0,-19.59
NGC 3261,SBc,10.4836,-44.6575,126000000.0,64150.0,-20.93
NGC 3262,S0,10.485,-44.16,138600000.0,22180.0,-18.94
NGC 3263,SBc,10.4869,-44.1228,146700000.0,64000.0,-21.46
NGC 3264,Irr,10.5386,56.0839,83860000.0,35370.0,-19.55
NGC 3265,E0,10.5183,28.7969,77310000.0,10120.0,-17.77
NGC 3266,S0,10.5547,64.7497,73440000.0,14950.0,-18.26
NGC 3267,S0,10.4967,-35.3228,180600000.0,44640.0,-20.22
NGC 3268,E2,10.5,-35.3256,133900000.0,58420.0,-20.57
NGC 3269,SBa,10.4992,-35.2239,183000000.0,63860.0,-20.54
NGC 3270,SBb,10.525,24.8694,292600000.0,131900.0,-20.96
NGC 3271,S0,10.5072,-35.36,182700000.0,87710.0,-20.94
NGC 3273,S0,10.5081,-35.6111,121900000.0,28360.0,-19.36
NGC 3274,SBc,10.5381,27.6689,21200000.0,6167.0,-15.86
NGC 3275,SBb,10.5142,-36.7369,156600000.0,63770.0,-21.21
NGC 3275A,Sa,10.5011,-36.6947,407500000.0,59270.0,-20.38
NGC 3276,S0,10.5192,-39.945,211700000.0,30790.0,-19.66
NGC 3277,Sb,10.5486,28.5122,75750000.0,23140.0,-19.33
NGC 3278,Sc,10.5264,-39.9558,131700000.0,24900.0,-20.03
NGC 3279,Sc,10.5783,11.1969,77130000.0,32530.0,-17.87
NGC 3280A,S0,10.5453,-12.6367,293400000.0,29870.0,-19.07
NGC 3280B,S0,10.5458,-12.6367,389100000.0,28290.0,-19.38
NGC 3280C,S0,10.5461,-12.6339,336900000.0,19600.0,-19.07
NGC 3281,Sb,10.5311,-34.8544,167000000.0,77730.0,-20.85
NGC 3281A,S0,10.5328,-35.1986,101400000.0,17690.0,-18.06
NGC 3281B,S0,10.5311,-35.2053,109400000.0,11130.0,-18.03
NGC 3281C,S0,10.5497,-34.8864,137600000.0,28020.0,-18.83
NGC 3281D,SBc,10.5717,-34.4031,253000000.0,73580.0,-19.75
NGC 3282,S0,10.5392,-22.3019,188000000.0,51950.0,-19.8
NGC 3283,S0,10.5197,-46.2506,128000000.0,59570.0,-20.37
NGC 3284,E0,10.6058,58.6203,368900000.0,48290.0,-20.67
NGC 3285,SBa,10.5597,-27.4544,166000000.0,65180.0,-20.53
NGC 3285A,SBc,10.5467,-27.5219,206300000.0,36000.0,-19.5
NGC 3285B,SBb,10.5767,-27.6533,146300000.0,31920.0,-19.36
NGC 3287,SBc,10.5797,21.6478,72050000.0,20960.0,-18.72
NGC 3288,SBc,10.6069,58.5561,370500000.0,48500.0,-20.38
NGC 3289,SBa,10.5686,-35.3231,134100000.0,42920.0,-19.57
NGC 3290,SBc,10.5881,-17.2767,486800000.0,70800.0,-21.57
NGC 3292-1,S0,10.5928,-6.1794,99220000.0,15870.0,-17.32
NGC 3292-2,S0,10.5917,-6.1842,99220000.0,10100.0,-16.32
NGC 3294,Sc,10.6044,37.3247,96220000.0,47580.0,-20.45
NGC 3296,E0,10.5458,-12.7167,389100000.0,39610.0,-20.48
NGC 3297,S0,10.5531,-12.6711,400900000.0,46650.0,-19.95
NGC 3298,S0,10.62,50.1203,596900000.0,78130.0,-21.31
NGC 3299,Irr,10.6064,12.7072,43530000.0,13930.0,-16.93
NGC 3300,S0,10.6106,14.1711,150500000.0,37210.0,-20.02
NGC 3301,SBa,10.6153,21.8817,72850000.0,34970.0,-19.44
NGC 3302,S0,10.5964,-32.3583,195700000.0,45540.0,-20.39
NGC 3303,Sc,10.6164,18.1369,289100000.0,71490.0,-20.44
NGC 3304,SBa,10.6269,37.4564,318800000.0,78820.0,-20.25
NGC 3305,E0,10.6031,-27.1622,130200000.0,20830.0,-19.21
NGC 3306,Irr,10.6194,12.6525,143600000.0,29240.0,-19.42
NGC 3307,SBa,10.6047,-27.5289,188300000.0,24650.0,-19.21
NGC 3308,S0,10.6061,-27.4372,132500000.0,32770.0,-20.04
NGC 3309,E3,10.6097,-27.5175,173700000.0,48000.0,-21.03
NGC 3310,SBc,10.6458,53.5033,65890000.0,29710.0,-20.13
NGC 3311,S0,10.6117,-27.5286,151100000.0,50540.0,-20.73
NGC 3312,Sb,10.6172,-27.5656,122000000.0,58530.0,-20.16
NGC 3313,SBb,10.6236,-25.3189,181600000.0,103000.0,-21.33
NGC 3314A,SBa,10.62,-27.6833,142700000.0,31140.0,-19.7
NGC 3314B,S0,10.6192,-27.6575,211900000.0,12330.0,-18.76
NGC 3315,S0,10.6219,-27.1917,130000000.0,20790.0,-18.7
NGC 3316-1,S0,10.6269,-27.5942,185200000.0,37710.0,-20.07
NGC 3316-2,S0,10.6272,-27.5997,185200000.0,8081.0,-17.77
NGC 3318,SBc,10.6208,-41.6272,113200000.0,37860.0,-20.4
NGC 3318A,SBc,10.5919,-41.7403,307200000.0,58090.0,-19.07
NGC 3318B,SBc,10.6258,-41.4661,118100000.0,25770.0,-18.89
NGC 3319,SBc,10.6525,41.6872,44320000.0,39320.0,-19.16
NGC 3320,SBc,10.66,47.3972,125500000.0,40150.0,-19.82
NGC 3322,Sc,10.6472,-11.6489,147500000.0,53630.0,-19.08
NGC 3323,SBa,10.6608,25.3225,243600000.0,35440.0,-20.07
NGC 3325,E0,10.6556,-0.1997,268500000.0,46860.0,-21.18
NGC 3326,Sa,10.6586,5.1072,365700000.0,31920.0,-20.85
NGC 3327,Sb,10.6658,24.0917,293900000.0,47010.0,-20.57
NGC 3331,SBc,10.6692,-23.8206,181300000.0,31640.0,-19.82
NGC 3333,SBc,10.6636,-36.0361,196500000.0,60030.0,-20.0
NGC 3334,S0,10.6919,37.3125,332400000.0,53190.0,-21.14
NGC 3335,SBa,10.6594,-23.9219,181300000.0,29000.0,-19.72
NGC 3336,SBc,10.6711,-27.7772,192800000.0,56100.0,-20.86
NGC 3337,S0,10.6964,4.9889,358700000.0,31300.0,-20.41
NGC 3338,Sc,10.7019,13.7467,93040000.0,77130.0,-20.67
NGC 3340,Sc,10.7047,-0.3769,263800000.0,38370.0,-20.84
NGC 3341,Irr,10.7086,5.0442,362600000.0,63290.0,-20.43
NGC 3342,S0,10.6744,9.1825,270500000.0,55070.0,-21.09
NGC 3343,E0,10.7694,73.3533,279500000.0,52850.0,-20.26
NGC 3344,SBc,10.725,24.9228,20000000.0,20650.0,-18.44
NGC 3346,SBc,10.7272,14.8722,70940000.0,27860.0,-19.19
NGC 3347,SBb,10.7128,-36.3533,91000000.0,45000.0,-20.03
NGC 3347A,SBc,10.6722,-36.4125,141900000.0,41270.0,-19.69
NGC 3347B,SBc,10.7,-36.9364,135800000.0,63190.0,-19.4
NGC 3347C,SBc,10.6814,-36.2886,118000000.0,24020.0,-17.99
NGC 3348,E0,10.7861,72.8389,115900000.0,33730.0,-20.65
NGC 3349-1,Sc,10.7306,6.7631,365300000.0,26560.0,-20.05
NGC 3349-2,Irr,10.7311,6.7572,365300000.0,26560.0,-20.05
NGC 3350,S0,10.7394,30.7253,475900000.0,41530.0,-20.32
M 95,SBb,10.7325,11.7033,32650000.0,35140.0,-19.4
NGC 3352,S0,10.7372,22.3714,269900000.0,62820.0,-20.99
NGC 3353,Sb,10.7561,55.9597,49550000.0,10090.0,-17.71
NGC 3354,S0,10.7172,-36.3628,139000000.0,14150.0,-19.45
NGC 3355,Sb,10.7103,-23.9344,53390000.0,23300.0,-17.27
NGC 3356,Sc,10.7367,6.7589,290500000.0,71830.0,-21.05
NGC 3357,E0,10.7389,14.0844,452000000.0,85460.0,-21.71
NGC 3358,SBa,10.7258,-36.4108,146800000.0,68310.0,-20.87
NGC 3359,SBc,10.7767,63.2233,42400000.0,44400.0,-19.57
NGC 3360,Sc,10.7378,-11.2425,391900000.0,68410.0,-21.0
NGC 3361,SBc,10.7414,-11.2081,111500000.0,34050.0,-19.17
NGC 3362,Sc,10.7475,6.5972,386100000.0,78630.0,-21.87
NGC 3363,Sc,10.7525,22.0786,271000000.0,51230.0,-20.1
NGC 3364,SBc,10.8081,72.425,124100000.0,27070.0,-19.2
NGC 3365,Sc,10.77,1.8128,76190000.0,49870.0,-18.64
NGC 3366,SBb,10.5856,-43.6936,148100000.0,38780.0,-21.09
NGC 3367,SBc,10.7761,13.7503,150500000.0,54710.0,-21.22
M 96,SBb,10.7792,11.82,35010000.0,39720.0,-20.05
NGC 3369,S0,10.7789,-25.2442,159400000.0,32470.0,-18.85
NGC 3370,Sc,10.7844,17.2739,99640000.0,37680.0,-20.02
NGC 3374,SBc,10.8003,43.1861,329100000.0,62230.0,-20.62
NGC 3375,S0,10.7833,-9.9419,144700000.0,33680.0,-19.64
NGC 3376,S0,10.7906,6.0486,275600000.0,32070.0,-20.33
NGC 3377,E5,10.795,13.9858,35840000.0,26060.0,-19.0
NGC 3377A,Irr,10.7894,14.07,30330000.0,9706.0,-15.54
NGC 3378,SBc,10.7786,-40.0156,244200000.0,53280.0,-20.87
M 105,E1,10.7969,12.5811,35490000.0,27360.0,-19.68
NGC 3380,SBa,10.8033,28.6019,84660000.0,19700.0,-18.57
NGC 3381,SBa,10.8067,34.7114,84390000.0,24550.0,-19.36
NGC 3383,SBc,10.7886,-24.4378,165700000.0,33730.0,-20.03
NGC 3384,S0,10.8044,12.6286,36470000.0,28640.0,-19.34
NGC 3385,S0,10.8031,4.9283,364000000.0,79410.0,-21.84
NGC 3386,E0,10.8031,4.9992,452300000.0,32900.0,-20.91
NGC 3387,E0,10.8044,4.9669,549600000.0,19980.0,-20.13
NGC 3389,Sc,10.8078,12.5331,62950000.0,26550.0,-18.93
NGC 3390,Sb,10.8011,-31.5333,140000000.0,71270.0,-20.26
NGC 3391,Sc,10.8156,14.2194,146800000.0,21350.0,-19.57
NGC 3392,E0,10.8506,65.7814,150900000.0,17560.0,-18.33
NGC 3393,SBa,10.8064,-25.1617,181200000.0,47440.0,-20.62
NGC 3394,Sc,10.8442,65.7278,156700000.0,43290.0,-20.31
NGC 3395,SBc,10.8303,32.9814,84620000.0,25840.0,-19.57
NGC 3396,Irr,10.8319,32.9906,85150000.0,35920.0,-19.48
NGC 3397,Sb,10.7442,76.8097,82740000.0,22870.0,-19.02
NGC 3398,Sa,10.8586,55.3911,135400000.0,19690.0,-18.59
NGC 3399,S0,10.8242,16.2189,318900000.0,37110.0,-20.65
NGC 3400,SBa,10.8458,28.4689,75880000.0,12140.0,-17.53
NGC 3403,Sc,10.8983,73.69,63600000.0,27750.0,-18.45
NGC 3404,SBb,10.8381,-12.1081,202200000.0,61750.0,-19.96
NGC 3405-1,S0,10.8286,16.2392,280600000.0,28570.0,-19.27
NGC 3405-2,S0,10.8289,16.2425,280600000.0,32650.0,-20.37
NGC 3406-1,S0,10.8619,51.0228,334300000.0,43760.0,-21.35
NGC 3406-2,Irr,10.8622,51.0258,334300000.0,24310.0,-21.35
NGC 3407,S0,10.8714,61.3794,228700000.0,46560.0,-19.63
NGC 3408,Sc,10.8697,58.4386,431400000.0,50190.0,-21.41
NGC 3409,Sc,10.8389,-17.0447,272700000.0,47600.0,-19.81
NGC 3410,S0,10.8647,51.0064,325300000.0,37850.0,-19.99
NGC 3411,E0,10.8406,-12.845,131300000.0,40100.0,-20.12
NGC 3412,S0,10.8481,13.4128,32640000.0,17570.0,-18.6
NGC 3413,S0,10.8556,32.7661,52840000.0,13830.0,-17.95
NGC 3414,S0,10.8544,27.975,82190000.0,41840.0,-20.11
NGC 3415,Sa,10.8617,43.7128,157400000.0,48070.0,-20.12
NGC 3416,S0,10.8633,43.7647,156300000.0,13640.0,-17.6
NGC 3417,S0,10.8503,8.4736,288600000.0,25180.0,-19.13
NGC 3418,SBa,10.8564,28.1122,68980000.0,14050.0,-17.23
NGC 3419,SBa,10.8547,13.9456,150200000.0,26220.0,-19.52
NGC 3419A,SBc,10.8553,14.0233,151900000.0,35360.0,-18.44
NGC 3420,SBa,10.8358,-17.2431,268600000.0,50780.0,-19.88
NGC 3421,Sa,10.8492,-12.4478,199800000.0,52300.0,-19.33
NGC 3422,Sa,10.8547,-12.4019,191800000.0,36260.0,-18.85
NGC 3423,Sc,10.8539,5.84,60550000.0,34350.0,-19.74
NGC 3424,SBb,10.8628,32.9003,79140000.0,31080.0,-18.72
NGC 3425,S0,10.8569,8.5675,310700000.0,45190.0,-20.59
NGC 3426,S0,10.8614,18.4811,286700000.0,45870.0,-20.72
NGC 3427,Sa,10.8572,8.2983,294500000.0,47120.0,-20.68
NGC 3428,SBb,10.8581,9.2792,369700000.0,80670.0,-21.27
NGC 3430,SBc,10.8697,32.9508,94200000.0,56170.0,-20.1
NGC 3431,Sb,10.8542,-17.0083,255200000.0,48250.0,-20.07
NGC 3432,Irr,10.8753,36.6189,56100000.0,53850.0,-19.48
NGC 3433,Sc,10.8678,10.1478,136400000.0,69450.0,-20.61
NGC 3434,Sb,10.8661,3.7919,177600000.0,54230.0,-20.58
NGC 3435,Sb,10.9133,61.2889,235900000.0,61770.0,-20.3
NGC 3436,S0,10.8742,8.0942,291200000.0,29650.0,-19.85
NGC 3437,SBc,10.8764,22.935,104000000.0,39350.0,-19.72
NGC 3438,S0,10.8736,10.5475,304300000.0,35410.0,-20.55
NGC 3439,E0,10.8736,8.5578,275400000.0,16020.0,-19.73
NGC 3440,SBb,10.8969,57.1189,92410000.0,28230.0,-18.26
NGC 3441,Sc,10.8753,7.225,312300000.0,31790.0,-20.71
NGC 3442,Sa,10.8856,33.91,89470000.0,7808.0,-18.39
NGC 3443,Sc,10.8833,17.5739,87380000.0,35580.0,-17.84
NGC 3444,Sc,10.8831,10.2106,415600000.0,60450.0,-20.03
NGC 3445,Irr,10.9097,56.99,97320000.0,22650.0,-19.47
NGC 3447,Irr,10.89,16.7719,62340000.0,34450.0,-17.51
NGC 3447A,Irr,10.8917,16.7847,62920000.0,13730.0,-18.33
NGC 3448,Sa,10.9106,54.3053,68350000.0,55670.0,-19.1
NGC 3449,SBb,10.8814,-32.9278,152600000.0,73260.0,-20.85
NGC 3450,SBb,10.8008,-20.8489,190000000.0,71870.0,-21.13
NGC 3451,SBc,10.9058,27.2397,72810000.0,18000.0,-18.24
NGC 3452,Sa,10.9039,-11.405,361300000.0,57810.0,-20.22
NGC 3453,SBb,10.8944,-21.7933,191300000.0,30610.0,-19.94
NGC 3454,SBc,10.9081,17.3436,64070000.0,19570.0,-17.47
NGC 3455,SBb,10.9083,17.2844,64030000.0,24210.0,-18.36
NGC 3456,SBc,10.9008,-16.0275,160300000.0,39640.0,-20.16
NGC 3457,S0,10.9133,17.6214,67520000.0,8838.0,-18.38
NGC 3458,S0,10.9336,57.1172,88230000.0,17960.0,-18.86
NGC 3459,Sb,10.9122,-17.0417,134300000.0,31250.0,-18.87
NGC 3461,E0,10.9153,17.7083,436600000.0,31750.0,-20.13
NGC 3462,S0,10.9225,7.6969,288700000.0,71390.0,-21.43
NGC 3463,Sb,10.9203,-26.1403,191000000.0,41660.0,-20.04
NGC 3464,SBc,10.9108,-21.0664,182300000.0,66300.0,-20.54
NGC 3465,Sb,10.9919,75.1917,322000000.0,56200.0,-20.57
NGC 3466,SBb,10.9375,9.7542,440000000.0,63990.0,-21.05
NGC 3467,S0,10.9456,9.7589,437700000.0,50920.0,-21.24
NGC 3468,S0,10.9586,40.9464,334100000.0,63170.0,-21.05
NGC 3469,SBb,10.9492,-14.3003,222800000.0,55100.0,-20.27
NGC 3470,Sb,10.9789,59.5106,303000000.0,66100.0,-20.74
NGC 3471,Sa,10.9856,61.5303,100900000.0,24950.0,-19.25
NGC 3473,SBb,10.9681,17.125,420900000.0,67330.0,-20.95
NGC 3474,S0,10.9689,17.0961,420900000.0,48970.0,-20.75
NGC 3475,Sa,10.9736,24.2269,300300000.0,74250.0,-20.52
NGC 3476,E0,10.9686,9.2761,459900000.0,53510.0,-20.75
NGC 3477,Sa,10.97,9.2178,456300000.0,46460.0,-20.03
NGC 3478,SBc,10.9908,46.1231,306900000.0,116100.0,-21.37
NGC 3479,SBc,10.9819,-14.9611,218300000.0,57150.0,-20.33
NGC 3481,Sb,10.9906,-7.5442,176800000.0,23140.0,-19.07
NGC 3482,SBa,10.9761,-46.5842,140000000.0,38690.0,-19.66
NGC 3483,Sa,10.9833,-28.4778,181000000.0,47370.0,-20.62
NGC 3485,SBb,11.0006,14.8411,78910000.0,27550.0,-19.22
NGC 3486,SBc,11.0067,28.9756,25000000.0,25820.0,-18.42
NGC 3487,Sc,11.0128,17.5875,386400000.0,50580.0,-20.77
NGC 3488,SBc,11.0231,57.6775,140500000.0,36780.0,-19.57
NGC 3489,SBa,11.005,13.9008,32730000.0,17140.0,-18.91
NGC 3490,E0,10.9983,9.3622,471800000.0,34310.0,-20.8
NGC 3491,S0,11.0097,12.1617,299700000.0,39240.0,-20.52
NGC 3492-1,E0,11.0158,10.5064,499900000.0,79970.0,-21.73
NGC 3492-2,E0,11.0156,10.5044,499900000.0,36350.0,-19.93
NGC 3493,SBc,11.0242,27.72,412700000.0,66030.0,-20.21
NGC 3495,Sc,11.0208,3.6269,65720000.0,46840.0,-18.82
NGC 3497,S0,11.1217,-19.4714,180800000.0,68360.0,-21.12
NGC 3499,Sa,11.0528,56.2222,76950000.0,10070.0,-17.46
NGC 3500,Sb,11.0308,75.2011,154600000.0,29230.0,-18.38
NGC 3501,Sc,11.0464,17.9897,86310000.0,48960.0,-18.41
NGC 3504,SBb,11.0531,27.9731,81850000.0,32140.0,-20.3
NGC 3506,Sc,11.0533,11.0769,300500000.0,48080.0,-21.52
NGC 3507,SBb,11.0569,18.1347,58240000.0,28800.0,-18.56
NGC 3508,Sb,11.0497,-16.2886,189000000.0,30240.0,-19.81
NGC 3509,SBc,11.0733,4.8283,358800000.0,109600.0,-21.41
NGC 3510,Irr,11.0619,28.8847,12390000.0,7391.0,-14.7
NGC 3511,SBc,11.0564,-23.0864,64610000.0,56380.0,-19.98
NGC 3512,SBc,11.0672,28.0375,74590000.0,17360.0,-18.8
NGC 3513,SBb,11.0625,-23.2442,68490000.0,28890.0,-19.71
NGC 3514,SBc,11.0664,-18.7806,151900000.0,24310.0,-19.84
NGC 3515,Sc,11.0769,28.2281,405300000.0,53050.0,-20.77
NGC 3516,S0,11.1131,72.5692,120100000.0,33200.0,-20.33
NGC 3517-1,Sb,11.0933,56.5253,376700000.0,54780.0,-21.51
NGC 3517-2,Sb,11.0936,56.5344,376700000.0,27390.0,-18.81
NGC 3520,E1,11.1189,-18.0247,173300000.0,32760.0,-19.33
NGC 3521,SBc,11.0967,-0.0369,41570000.0,67720.0,-20.52
NGC 3522,E0,11.1111,20.0861,83170000.0,14520.0,-17.93
NGC 3523,Sc,11.0517,75.1158,318900000.0,60290.0,-21.35
NGC 3524,Sa,11.1089,11.385,74150000.0,17250.0,-18.28
NGC 3526,Sc,11.1156,7.1733,78780000.0,21770.0,-18.11
NGC 3527,SBa,11.1217,28.5278,463000000.0,67330.0,-20.86
NGC 3529,SBb,11.1219,-19.5561,166600000.0,24230.0,-19.64
NGC 3530,S0,11.1444,57.2303,93620000.0,9531.0,-17.69
NGC 3533,Sb,11.1186,-37.1731,137700000.0,56070.0,-19.33
NGC 3534A,Sb,11.1486,26.6103,293000000.0,55400.0,-19.47
NGC 3534B,Sb,11.1492,26.5967,499700000.0,65410.0,-20.43
NGC 3535,Sa,11.1425,4.8325,325900000.0,80590.0,-20.6
NGC 3536,SBa,11.1475,28.4761,500000000.0,80000.0,-20.93
NGC 3537-1,Sb,11.1406,-10.2567,278400000.0,56680.0,-21.06
NGC 3537-2,S0,11.1408,-10.2589,278400000.0,40490.0,-20.16
NGC 3539,S0,11.1522,28.6725,447000000.0,71510.0,-20.08
NGC 3540,S0,11.1544,36.0214,296500000.0,60380.0,-19.99
NGC 3541,Sc,11.1422,-10.4919,278000000.0,56610.0,-19.45
NGC 3542,SBc,11.1653,36.9464,417200000.0,48540.0,-20.43
NGC 3543,Sc,11.1822,61.3469,74720000.0,14130.0,-16.9
NGC 3545,E0,11.1703,36.9669,395700000.0,28770.0,-20.52
NGC 3545B,S0,11.17,36.9647,383800000.0,27910.0,-20.55
NGC 3546,S0,11.1628,-13.3803,197900000.0,46040.0,-19.51
NGC 3547,Sb,11.1653,10.7208,87200000.0,25370.0,-19.03
NGC 3549,Sc,11.1822,53.3881,148300000.0,66860.0,-20.49
NGC 3550,S0,11.1772,28.7678,473300000.0,68830.0,-21.61
NGC 3551,E0,11.1622,21.7592,424700000.0,111200.0,-21.07
NGC 3552,S0,11.1783,28.6931,442000000.0,45000.0,-20.16
NGC 3553,S0,11.1778,28.6858,432600000.0,25170.0,-20.51
NGC 3554,E0,11.1797,28.6606,387200000.0,28160.0,-20.17
NGC 3555,S0,11.1639,21.8106,418100000.0,24320.0,-19.84
M 108,Sc,11.1914,55.6728,38760000.0,48490.0,-19.77
NGC 3557,E3,11.1658,-37.5394,114000000.0,66320.0,-21.12
NGC 3557B,E5,11.1586,-37.3497,140900000.0,40980.0,-19.68
NGC 3558,E0,11.1819,28.5436,437200000.0,57230.0,-20.84
NGC 3559,S0,11.1792,12.0164,159700000.0,30200.0,-19.75
NGC 3561,SBa,11.1869,28.6967,405800000.0,47220.0,-20.77
NGC 3561B,Sa,11.1869,28.7119,394100000.0,51590.0,-21.11
NGC 3562,E0,11.2161,72.8792,269700000.0,66670.0,-21.39
NGC 3563,S0,11.1903,26.9642,477400000.0,76370.0,-21.33
NGC 3563B,Sa,11.1897,26.9622,455500000.0,46380.0,-21.13
NGC 3564,S0,11.1767,-37.5483,139800000.0,34560.0,-19.96
NGC 3565,S0,11.1297,-20.0217,280200000.0,24450.0,-19.07
NGC 3566,S0,11.1297,-20.0225,166600000.0,14530.0,-17.94
NGC 3567-1,S0,11.1883,5.8364,298100000.0,39020.0,-20.5
NGC 3567-2,S0,11.1889,5.8308,298100000.0,30350.0,-19.9
NGC 3568,SBc,11.18,-37.4489,109600000.0,39850.0,-19.63
NGC 3569,S0,11.2022,35.4519,344700000.0,55160.0,-20.82
NGC 3570,S0,11.2008,27.5903,481700000.0,70060.0,-21.05
NGC 3571,SBa,11.1917,-18.29,176600000.0,77050.0,-20.57
NGC 3573,Sa,11.1883,-36.8756,144100000.0,75470.0,-19.93
NGC 3574,S0,11.2033,27.6253,452300000.0,26320.0,-19.61
NGC 3577,SBa,11.2289,48.2733,247100000.0,50320.0,-19.7
NGC 3580,S0,11.2211,3.6575,301100000.0,39410.0,-19.83
NGC 3583,SBb,11.2364,48.3183,103100000.0,41970.0,-20.5
NGC 3585,E6,11.2214,-26.755,57980000.0,38790.0,-20.35
NGC 3588-1,S0,11.2339,20.3864,357400000.0,25990.0,-19.9
NGC 3588-2,S0,11.2339,20.3889,357400000.0,15590.0,-19.2
NGC 3589,SBc,11.2536,60.7006,94110000.0,20530.0,-17.9
NGC 3591,Sa,11.2342,-14.0867,241100000.0,45590.0,-20.14
NGC 3592,Sc,11.2408,17.2594,72590000.0,19000.0,-17.14
NGC 3593,Sa,11.2436,12.8183,43130000.0,32620.0,-18.71
NGC 3594,S0,11.2703,55.7047,286400000.0,54160.0,-19.42
NGC 3595,S0,11.2569,47.4469,109700000.0,25540.0,-19.53
NGC 3596,SBc,11.2517,14.7869,68090000.0,39610.0,-20.0
NGC 3597,Sa,11.245,-23.7272,171800000.0,44980.0,-20.01
NGC 3598,S0,11.2531,17.2625,286400000.0,74980.0,-21.42
NGC 3599,S0,11.2572,18.1103,65760000.0,25820.0,-18.72
NGC 3600,Sa,11.2644,41.5911,54090000.0,32260.0,-18.5
NGC 3601,Sb,11.2592,5.1156,365900000.0,26610.0,-20.85
NGC 3602,Sb,11.2633,17.4161,307200000.0,35750.0,-19.07
NGC 3605,E4,11.2794,18.0175,73060000.0,14880.0,-18.65
NGC 3606,E0,11.2708,-33.8275,196200000.0,42810.0,-20.5
NGC 3607,S0,11.2817,18.0522,69730000.0,46650.0,-20.75
NGC 3608,E2,11.2831,18.1481,73990000.0,34440.0,-20.08
NGC 3609,Sb,11.2972,26.6253,374000000.0,65270.0,-21.2
NGC 3610,E5,11.3067,58.7867,63910000.0,25100.0,-19.76
NGC 3611,Sa,11.2917,4.5553,128200000.0,37290.0,-20.17
NGC 3612,Sc,11.3039,26.6206,385700000.0,56090.0,-20.46
NGC 3613,E6,11.3097,58.0006,102500000.0,58160.0,-20.69
NGC 3614,Sc,11.3058,45.7486,113900000.0,76200.0,-20.41
NGC 3614A,Irr,11.3031,45.7169,324300000.0,33020.0,-19.99
NGC 3615,E0,11.3017,23.3975,311800000.0,63490.0,-21.1
NGC 3617,E0,11.2972,-26.1339,113000000.0,29590.0,-19.1
NGC 3618,SBb,11.3089,23.4689,317300000.0,41530.0,-20.54
NGC 3619,Sa,11.3225,57.7583,75970000.0,29830.0,-19.44
NGC 3620,SBb,11.2681,-76.2172,79170000.0,31090.0,-17.62
NGC 3621,SBc,11.3042,-32.8111,22110000.0,39560.0,-19.05
NGC 3622,S0,11.3367,67.2419,62960000.0,10990.0,-17.73
M 65,Sa,11.3153,13.0908,51330000.0,73170.0,-20.88
NGC 3624,SBb,11.3139,7.5208,489200000.0,64040.0,-21.18
NGC 3625,SBb,11.3419,57.7811,94730000.0,27560.0,-18.41
NGC 3626,Sa,11.3342,18.3567,65230000.0,25620.0,-19.7
M 66,Sb,11.3375,12.99,33880000.0,44850.0,-20.38
NGC 3628,Sb,11.3378,13.59,46070000.0,87780.0,-20.35
NGC 3629,SBc,11.3419,26.9628,81100000.0,27130.0,-19.08
NGC 3631,Sc,11.3506,53.1697,79260000.0,57640.0,-21.13
NGC 3633,Sa,11.3406,3.5856,131600000.0,21050.0,-18.63
NGC 3634,E0,11.3417,-9.0136,436600000.0,44450.0,-20.13
NGC 3635,Sc,11.3419,-9.0131,305800000.0,75610.0,-19.56
NGC 3636,E0,11.3403,-10.2819,92410000.0,17470.0,-18.86
NGC 3637,S0,11.3442,-10.2569,98160000.0,25700.0,-18.69
NGC 3638,Sb,11.3358,-8.1056,330900000.0,110700.0,-20.03
NGC 3639,S0,11.3597,18.4586,257100000.0,22430.0,-20.28
NGC 3640,E3,11.3517,3.2347,70920000.0,41260.0,-20.39
NGC 3641,E0,11.3522,3.1947,87090000.0,11400.0,-18.03
NGC 3642,Sc,11.3714,59.075,77580000.0,62060.0,-20.28
NGC 3643,SBa,11.3567,3.0142,82020000.0,14310.0,-17.0
NGC 3644,Sa,11.3589,2.8103,370900000.0,80910.0,-20.18
NGC 3645,Sa,11.3378,2.9644,83060000.0,24160.0,-19.03
NGC 3646,S0,11.3619,20.1692,203700000.0,115500.0,-22.18
NGC 3647,E0,11.3606,2.8914,649300000.0,37770.0,-21.19
NGC 3648,S0,11.3753,39.8769,105200000.0,19900.0,-19.04
NGC 3649,SBa,11.3706,20.2086,231300000.0,47100.0,-19.65
NGC 3650,Sb,11.3764,20.7047,197200000.0,45880.0,-19.21
NGC 3651-1,E0,11.3739,24.2989,356800000.0,57080.0,-20.59
NGC 3651-2,S0,11.3739,24.2961,356800000.0,20760.0,-19.89
NGC 3652,SBc,11.3775,37.765,105000000.0,39700.0,-19.74
NGC 3653,S0,11.375,24.2797,410500000.0,35820.0,-20.8
NGC 3654,S0,11.4028,69.4128,74410000.0,12990.0,-18.19
NGC 3655,Sc,11.3817,16.5897,78280000.0,17080.0,-19.6
NGC 3656,E0,11.3939,53.8422,137500000.0,32000.0,-19.82
NGC 3657,SBc,11.3986,52.9211,62470000.0,9995.0,-18.41
NGC 3658,S0,11.3994,38.5636,102500000.0,26830.0,-19.39
NGC 3659,Irr,11.3958,17.8169,71780000.0,24010.0,-18.91
NGC 3660,SBc,11.3922,-8.6586,179900000.0,73260.0,-20.71
NGC 3661,Sa,11.3939,-13.8308,314400000.0,73170.0,-20.92
NGC 3662,SBb,11.3961,-1.1053,251600000.0,47570.0,-20.64
NGC 3663,Sc,11.3997,-12.2967,240500000.0,69970.0,-21.04
NGC 3664,Irr,11.4067,3.3264,77350000.0,22500.0,-18.67
NGC 3664A,Irr,11.4069,3.2219,74860000.0,11980.0,-16.7
NGC 3665,S0,11.4119,38.7631,103200000.0,64570.0,-20.8
NGC 3666,SBc,11.4072,11.3422,57170000.0,36590.0,-18.82
NGC 3667,Sb,11.4044,-13.8567,254300000.0,55480.0,-20.66
NGC 3667B,Sb,11.4058,-13.8558,154000000.0,31350.0,-19.07
NGC 3668,Sc,11.425,63.4464,162600000.0,40200.0,-20.39
NGC 3669,SBc,11.4239,57.7214,93570000.0,27220.0,-19.19
NGC 3670,SBa,11.4136,23.9456,314500000.0,50310.0,-20.42
NGC 3671,E0,11.4311,60.48,791600000.0,57570.0,-21.13
NGC 3672,Sc,11.4172,-9.7947,98960000.0,57570.0,-20.31
NGC 3673,SBb,11.42,-26.7367,101600000.0,54670.0,-20.17
NGC 3674,S0,11.4406,57.0486,91300000.0,22570.0,-19.03
NGC 3675,Sb,11.4356,43.5864,68010000.0,58360.0,-20.79
NGC 3676,S0,11.4269,-11.1392,252800000.0,29420.0,-19.75
NGC 3677,Sa,11.4381,46.9744,342700000.0,94710.0,-21.61
NGC 3678,Sc,11.4375,27.8669,334500000.0,38930.0,-20.75
NGC 3679,E0,11.3631,-5.7578,121600000.0,17690.0,-18.26
NGC 3681,SBc,11.4414,16.8639,70000000.0,30540.0,-19.26
NGC 3682,Sa,11.4614,66.5908,73610000.0,18200.0,-18.47
NGC 3683,SBc,11.4586,56.8778,108600000.0,28430.0,-19.41
NGC 3683A,SBc,11.4864,57.1331,115500000.0,40330.0,-20.15
NGC 3684,Sc,11.4531,17.0308,66660000.0,30060.0,-19.25
NGC 3685,S0,11.4711,4.3275,381100000.0,38800.0,-20.24
NGC 3686,SBc,11.4622,17.2233,66260000.0,29870.0,-19.54
NGC 3687,SBc,11.4667,29.5111,124800000.0,34480.0,-20.01
NGC 3688,Sb,11.4622,-9.165,293900000.0,51290.0,-19.67
NGC 3689,SBc,11.4694,25.6614,135700000.0,33550.0,-20.09
NGC 3690A,Sb,11.475,58.5611,53390000.0,12420.0,-19.07
NGC 3690B,Sb,11.4756,58.5644,46500000.0,13530.0,-19.07
NGC 3691,SBa,11.4692,16.92,63140000.0,12860.0,-18.13
NGC 3692,Sb,11.4731,9.4078,92370000.0,41650.0,-19.36
NGC 3693,Sb,11.4697,-13.1942,236600000.0,117000.0,-20.8
NGC 3694,E0,11.4817,35.4139,112500000.0,16360.0,-18.99
NGC 3695,SBc,11.4881,35.5756,457600000.0,59900.0,-20.93
NGC 3696,Sc,11.4786,-11.2831,238200000.0,34650.0,-19.52
NGC 3697,SBb,11.4806,20.795,305000000.0,106500.0,-20.75
NGC 3697B,Sb,11.4828,20.75,276700000.0,28170.0,-19.44
NGC 3697C,Sa,11.4831,20.7394,280600000.0,20410.0,-19.67
NGC 3700,SBb,11.4939,35.515,401000000.0,58320.0,-20.55
NGC 3701,Sc,11.4911,24.0936,183600000.0,50730.0,-20.25
NGC 3702,Sa,11.5036,-8.8622,297900000.0,56320.0,-20.8
NGC 3703,S0,11.4858,-8.4464,497100000.0,57840.0,-20.41
NGC 3704,E0,11.5011,-11.5458,236300000.0,54990.0,-20.4
NGC 3705,SBb,11.5019,9.2761,76980000.0,54860.0,-20.06
NGC 3705B,S0,11.4953,9.2056,665000000.0,38690.0,-20.35
NGC 3706,S0,11.4956,-36.3914,317400000.0,143100.0,-22.54
NGC 3707,E0,11.5031,-11.5428,478700000.0,41770.0,-20.13
NGC 3710,E0,11.5183,22.7686,303200000.0,44100.0,-20.74
NGC 3711-1,SBc,11.4903,-11.0797,177200000.0,23190.0,-18.17
NGC 3711-2,E0,11.4906,-11.0739,177200000.0,7731.0,-17.67
NGC 3713,S0,11.5281,28.1539,324700000.0,56670.0,-20.69
NGC 3714,Sa,11.5314,28.3586,83730000.0,15830.0,-17.85
NGC 3715,Sc,11.5256,-14.2311,117700000.0,23980.0,-19.49
NGC 3716,S0,11.5281,3.4881,311200000.0,31680.0,-20.4
NGC 3717,Sb,11.5256,-30.3083,58770000.0,53000.0,-19.08
NGC 3718,SBa,11.5428,53.0672,52580000.0,61940.0,-19.43
NGC 3719,Sc,11.5369,0.8192,278300000.0,68810.0,-21.05
NGC 3720,Sa,11.5392,0.8039,276700000.0,40240.0,-20.94
NGC 3721,Sa,11.5686,-9.4667,276700000.0,40240.0,-19.24
NGC 3722,E0,11.5731,-9.6794,284600000.0,37260.0,-19.6
NGC 3723,S0,11.5417,-9.9689,280000000.0,40730.0,-20.37
NGC 3724,Sa,11.5744,-9.6594,274000000.0,47830.0,-19.62
NGC 3725,SBc,11.5611,61.8889,154500000.0,26960.0,-19.58
NGC 3726,SBc,11.5556,47.0278,72940000.0,63650.0,-20.85
NGC 3727,S0,11.5611,-13.8783,203700000.0,26670.0,-18.88
NGC 3728,Sb,11.5542,24.4475,324800000.0,94480.0,-20.19
NGC 3729,SBa,11.5636,53.1264,53830000.0,22700.0,-19.09
NGC 3730,E0,11.5711,-9.5761,244900000.0,35620.0,-20.38
NGC 3731,E0,11.5697,12.5128,158300000.0,23030.0,-19.33
NGC 3732,SBa,11.5703,-9.8453,91390000.0,18610.0,-18.84
NGC 3733,SBc,11.5836,54.8503,104300000.0,74340.0,-20.02
NGC 3734,Sc,11.5778,-14.0811,401500000.0,75920.0,-20.75
NGC 3735,Sc,11.5992,70.5356,137600000.0,80050.0,-20.52
NGC 3736,S0,11.5947,73.4525,307200000.0,49150.0,-19.07
NGC 3737,S0,11.5933,54.9489,256400000.0,29840.0,-20.68
NGC 3737A,S0,11.5919,54.9311,232900000.0,23720.0,-18.47
NGC 3738,Irr,11.5967,54.5239,15980000.0,5811.0,-16.35
NGC 3739,Sc,11.5936,25.0886,425100000.0,68020.0,-20.28
NGC 3740,S0,11.6033,59.9767,144200000.0,18880.0,-18.23
NGC 3741,Irr,11.6017,45.2842,9834000.0,2002.0,-13.2
NGC 3742,SBb,11.5922,-37.9561,137900000.0,48120.0,-20.13
NGC 3743,S0,11.5992,21.7231,486600000.0,35380.0,-20.47
NGC 3744,S0,11.5992,23.0122,316400000.0,27610.0,-19.73
NGC 3745,S0,11.6289,22.0211,433600000.0,25220.0,-19.42
NGC 3746,SBb,11.6286,22.0097,416300000.0,66600.0,-20.73
NGC 3747,S0,11.5419,74.3789,248800000.0,25340.0,-18.61
NGC 3748,S0,11.6303,22.0264,414700000.0,42220.0,-19.72
NGC 3749,Sa,11.5981,-37.9975,128500000.0,78500.0,-19.18
NGC 3750,S0,11.6308,21.9747,418000000.0,30400.0,-20.64
NGC 3751,S0,11.6314,21.9369,441500000.0,32110.0,-20.36
NGC 3752,Sb,11.5422,74.6286,88050000.0,21770.0,-18.46
NGC 3753,Sb,11.6314,21.9814,402500000.0,99530.0,-20.96
NGC 3754,Sb,11.6319,21.9856,415700000.0,24180.0,-20.43
NGC 3755,SBc,11.6092,36.4103,133100000.0,65840.0,-19.45
NGC 3756,SBc,11.6131,54.2942,83320000.0,50900.0,-20.04
NGC 3757,S0,11.6172,58.4161,63410000.0,10140.0,-17.94
NGC 3758,S0,11.6081,21.5969,411300000.0,29910.0,-20.3
NGC 3759,S0,11.6147,54.8231,147100000.0,23530.0,-19.07
NGC 3759A,SBc,11.6161,55.1622,265500000.0,46340.0,-20.25
NGC 3761,E0,11.6122,22.9925,312400000.0,40900.0,-19.61
NGC 3762,Sa,11.6231,61.7592,160400000.0,41980.0,-19.96
NGC 3763,SBc,11.6083,-9.8472,263600000.0,42170.0,-21.04
NGC 3764,Irr,11.615,17.8892,148800000.0,19480.0,-17.6
NGC 3765,Sc,11.6178,24.0964,469400000.0,54610.0,-20.79
NGC 3767,S0,11.6208,16.8775,298200000.0,43380.0,-20.01
NGC 3768,S0,11.6206,17.8394,164100000.0,38190.0,-20.01
NGC 3769,SBb,11.6289,47.8933,41930000.0,17690.0,-18.24
NGC 3769A,Irr,11.6306,47.8817,43360000.0,5675.0,-15.82
NGC 3770,SBa,11.6328,59.6172,149800000.0,21790.0,-19.61
NGC 3771,E0,11.6514,-9.3478,262100000.0,49560.0,-20.92
NGC 3772,SBa,11.63,22.6906,169000000.0,27040.0,-19.17
NGC 3773,S0,11.6369,12.1125,59170000.0,10330.0,-17.99
NGC 3774,SBb,11.6417,-8.9764,272700000.0,39660.0,-20.01
NGC 3775,Sa,11.6406,-10.6381,293900000.0,47020.0,-20.07
NGC 3776,Sb,11.6381,-3.3539,501000000.0,21860.0,-20.43
NGC 3777,Sb,11.6017,-12.5692,187800000.0,30050.0,-19.5
NGC 3778,S0,11.6392,-50.7156,211400000.0,36890.0,-19.96
NGC 3779,Sc,11.6472,-10.5842,91660000.0,25330.0,-17.74
NGC 3780,Sc,11.6558,56.2706,114300000.0,49890.0,-20.52
NGC 3781,S0,11.6508,26.3625,316400000.0,23010.0,-20.13
NGC 3782,SBc,11.6556,46.5131,53110000.0,12360.0,-17.96
NGC 3783,SBa,11.6503,-37.7383,144000000.0,39780.0,-20.72
NGC 3784,SBa,11.6581,26.3097,318900000.0,41740.0,-19.65
NGC 3785,S0,11.6589,26.3028,421500000.0,61310.0,-20.36
NGC 3786,SBa,11.6617,31.9086,133900000.0,40910.0,-19.67
NGC 3787,S0,11.6606,20.455,312900000.0,18200.0,-20.01
NGC 3788,SBb,11.6622,31.9306,132500000.0,40460.0,-19.64
NGC 3789,Sa,11.6358,-9.6067,243500000.0,46050.0,-20.07
NGC 3790,Sa,11.6631,17.7122,167600000.0,26820.0,-18.95
NGC 3791,S0,11.6614,-9.3667,244900000.0,49860.0,-19.98
NGC 3794,SBc,11.6817,56.2017,69070000.0,22100.0,-18.03
NGC 3795,Sc,11.6683,58.6125,55480000.0,16940.0,-17.15
NGC 3795A,Sc,11.6558,58.2686,51380000.0,17940.0,-16.79
NGC 3795B,S0,11.6356,58.7581,58900000.0,7710.0,-17.08
NGC 3796,S0,11.6753,60.2989,62870000.0,11890.0,-17.92
NGC 3798,S0,11.6703,24.6969,170100000.0,56900.0,-19.99
NGC 3799,SBb,11.6692,15.3275,162900000.0,16590.0,-18.99
NGC 3800,SBb,11.6703,15.3422,162100000.0,47140.0,-20.18
NGC 3801,S0,11.6711,17.7275,165600000.0,60220.0,-20.53
NGC 3802,Sc,11.6717,17.7653,162600000.0,26010.0,-19.19
NGC 3803,E0,11.6714,17.8017,158600000.0,9226.0,-16.93
NGC 3805,S0,11.6781,20.3436,305100000.0,62120.0,-21.15
NGC 3806,SBb,11.6794,17.7956,170300000.0,54510.0,-19.39
NGC 3808,SBc,11.6789,22.4297,329300000.0,76640.0,-20.92
NGC 3808A,Sc,11.6789,22.4467,334400000.0,43770.0,-20.65
NGC 3809,S0,11.6875,59.8861,160000000.0,23270.0,-19.75
NGC 3810,Sc,11.6828,11.4703,59490000.0,37200.0,-20.0
NGC 3811,SBc,11.6878,47.6911,143200000.0,45820.0,-20.31
NGC 3812,E0,11.6853,24.8225,175600000.0,43410.0,-20.05
NGC 3813,Sb,11.6883,36.5467,89120000.0,25920.0,-19.88
NGC 3814,S0,11.6908,24.8056,158600000.0,20760.0,-17.73
NGC 3815,Sb,11.6942,24.8003,179100000.0,44280.0,-19.6
NGC 3816,S0,11.6964,20.1036,263700000.0,72870.0,-21.04
NGC 3817,SBa,11.6978,10.3044,287200000.0,41770.0,-20.52
NGC 3818,E6,11.6992,-6.1556,131100000.0,38130.0,-20.32
NGC 3819,E0,11.7014,10.3517,294700000.0,34290.0,-19.78
NGC 3820,Sc,11.7011,10.3844,285000000.0,29020.0,-19.41
NGC 3821,SBb,11.7025,20.3153,261700000.0,53290.0,-20.82
NGC 3823-1,E0,11.7042,-13.8667,293700000.0,64070.0,-21.07
NGC 3823-2,S0,11.705,-13.8617,293700000.0,12810.0,-19.27
NGC 3824,Sa,11.7122,52.78,262000000.0,49530.0,-20.02
NGC 3826,E0,11.7089,26.4892,416600000.0,54540.0,-21.23
NGC 3827,Irr,11.71,18.8453,154300000.0,20200.0,-19.57
NGC 3828,S0,11.7161,16.4878,457600000.0,53250.0,-20.14
NGC 3829,SBb,11.7242,52.7114,258700000.0,37630.0,-19.6
NGC 3831,Sa,11.7217,-12.8781,219600000.0,86250.0,-20.54
NGC 3832,SBc,11.7253,22.7253,321800000.0,88940.0,-21.47
NGC 3833,Sc,11.7244,10.1614,268700000.0,54710.0,-20.08
NGC 3834,S0,11.7269,19.0906,302700000.0,61630.0,-20.04
NGC 3835,Sb,11.7347,60.1203,115700000.0,30290.0,-19.65
NGC 3835A,Sb,11.7894,60.3006,158900000.0,23110.0,-19.54
NGC 3836,Sb,11.7247,-16.7975,162600000.0,33100.0,-19.79
NGC 3837,E0,11.7322,19.8947,305100000.0,35500.0,-20.55
NGC 3838,Sa,11.7369,57.9486,64920000.0,13220.0,-18.29
NGC 3839,Irr,11.7317,10.7844,278700000.0,40530.0,-20.86
NGC 3840,Sa,11.7331,20.0769,341800000.0,54680.0,-20.5
NGC 3841,S0,11.7339,19.9722,291300000.0,29660.0,-20.15
NGC 3842,E0,11.7339,19.95,305100000.0,62120.0,-22.05
NGC 3843,Sa,11.7317,7.9261,278700000.0,36480.0,-20.36
NGC 3844,Sa,11.7333,20.0294,318600000.0,55610.0,-20.05
NGC 3845,Sb,11.7347,19.9961,265800000.0,30930.0,-19.56
NGC 3846,Sc,11.7411,55.6522,69780000.0,10150.0,-17.45
NGC 3846A,Irr,11.7372,55.035,72050000.0,19910.0,-17.82
NGC 3847,E0,11.7372,33.5144,437500000.0,69990.0,-21.34
NGC 3848,S0,11.7031,10.2781,288600000.0,58760.0,-20.93
NGC 3849,Sa,11.7597,3.2322,269100000.0,31320.0,-19.98
NGC 3850,SBc,11.7597,55.8867,59000000.0,18020.0,-17.19
NGC 3851,E0,11.7389,19.9811,287000000.0,25040.0,-19.02
NGC 3852,SBa,11.7064,10.2647,305400000.0,57740.0,-21.16
NGC 3853,E0,11.7411,16.5583,163900000.0,38150.0,-20.11
NGC 3855,SBb,11.7403,33.3558,411700000.0,71860.0,-20.71
NGC 3857,S0,11.7472,19.5331,293100000.0,42630.0,-19.67
NGC 3859,S0,11.7478,19.4547,257900000.0,45020.0,-19.79
NGC 3860A,Sb,11.7469,19.795,147000000.0,21390.0,-19.07
NGC 3860B,E0,11.7464,19.7733,367900000.0,21410.0,-20.06
NGC 3861A,Sb,11.7508,19.9736,223300000.0,74710.0,-20.68
NGC 3861B,Sc,11.7519,19.9669,334900000.0,29230.0,-20.06
NGC 3862,E0,11.7514,19.6064,305100000.0,66560.0,-21.15
NGC 3863,Sc,11.7514,8.47,215600000.0,87810.0,-20.3
NGC 3864,E0,11.7542,19.3922,326200000.0,42700.0,-19.6
NGC 3865,SBb,11.7475,-9.2331,270000000.0,74610.0,-21.59
NGC 3866,Sa,11.7531,-9.3144,254300000.0,51780.0,-20.36
NGC 3867,S0,11.7581,19.4003,346700000.0,75630.0,-20.93
NGC 3868,S0,11.7583,19.4447,310800000.0,36170.0,-19.7
NGC 3869,Sa,11.7625,10.8247,150100000.0,41470.0,-19.71
NGC 3870,S0,11.7656,50.2006,42460000.0,6176.0,-17.17
NGC 3871,Sb,11.7694,33.1094,428600000.0,87280.0,-20.09
NGC 3872,E5,11.7633,13.7667,153400000.0,42390.0,-20.66
NGC 3873,E0,11.7628,19.7739,305100000.0,66560.0,-20.95
NGC 3875,Sa,11.7636,19.7675,324400000.0,47180.0,-20.39
NGC 3876,Sb,11.7572,9.1608,144500000.0,23110.0,-19.73
NGC 3877,Sc,11.7686,47.4944,52850000.0,40740.0,-19.15
NGC 3878,E0,11.7714,33.205,440500000.0,32030.0,-21.35
NGC 3879,Irr,11.7803,69.3833,105600000.0,41450.0,-18.95
NGC 3880,E0,11.7728,33.1622,460200000.0,46860.0,-20.85
NGC 3881,Sa,11.7761,33.1069,415400000.0,42300.0,-20.13
NGC 3882,SBc,11.7683,-56.3889,91080000.0,30470.0,-18.93
NGC 3883,Sb,11.7797,20.6758,327300000.0,133300.0,-21.61
NGC 3884,Sa,11.77,20.3914,323700000.0,98870.0,-21.48
NGC 3885,SBa,11.7794,-27.9222,95180000.0,33220.0,-20.32
NGC 3886,S0,11.7847,19.8372,269000000.0,46960.0,-20.38
NGC 3887,SBc,11.7844,-16.8539,69510000.0,35380.0,-20.24
NGC 3888,SBc,11.7928,55.9661,135400000.0,35440.0,-20.39
NGC 3889,S0,11.7967,56.0186,722500000.0,73560.0,-20.93
NGC 3891,Sc,11.8008,30.3597,296500000.0,86250.0,-21.29
NGC 3892,SBa,11.8003,-10.9622,91430000.0,41230.0,-19.84
NGC 3893,SBc,11.8106,48.7114,66700000.0,43660.0,-20.65
NGC 3894,E4,11.8139,59.4164,150300000.0,61190.0,-20.72
NGC 3895,SBa,11.8175,59.4331,147400000.0,23580.0,-19.27
NGC 3896,SBa,11.8156,48.6747,47940000.0,10460.0,-17.14
NGC 3897,SBc,11.8164,35.0158,297700000.0,82270.0,-21.2
NGC 3898,Sb,11.8208,56.0847,59800000.0,38270.0,-19.71
NGC 3900,Sa,11.8192,27.0217,93390000.0,43470.0,-19.98
NGC 3901,Sc,11.7136,77.3728,77980000.0,20410.0,-17.49
NGC 3902,SBc,11.8217,26.1217,174000000.0,40480.0,-19.83
NGC 3903,SBc,11.8175,-37.5172,160600000.0,25690.0,-19.96
NGC 3904,E2,11.8203,-29.2769,91750000.0,36030.0,-20.44
NGC 3905,SBc,11.8178,-9.7289,273100000.0,75470.0,-21.01
NGC 3906,SBc,11.8278,48.4256,52040000.0,13630.0,-17.21
NGC 3907,S0,11.825,-1.0861,284700000.0,49690.0,-20.6
NGC 3907B,Sb,11.8231,-1.0842,276300000.0,44210.0,-20.04
NGC 3908,E0,11.8311,12.1864,1103000000.0,64150.0,-21.24
NGC 3910,S0,11.8331,21.3339,363200000.0,84510.0,-21.13
NGC 3911,SBc,11.8347,24.9203,279000000.0,40580.0,-19.36
NGC 3912,SBb,11.8344,26.4803,93080000.0,20310.0,-18.88
NGC 3913,Irr,11.8439,55.3539,50130000.0,18960.0,-17.43
NGC 3914,SBb,11.8422,6.5675,289100000.0,46260.0,-20.84
NGC 3915,Sa,11.8233,-5.1181,90770000.0,19800.0,-17.42
NGC 3916,Sb,11.8475,55.1436,254200000.0,55460.0,-19.76
NGC 3917,Sc,11.8458,51.8247,65460000.0,47600.0,-19.01
NGC 3919,E0,11.8447,20.0156,289000000.0,37830.0,-20.34
NGC 3920,SBc,11.8228,24.9386,174400000.0,25370.0,-19.54
NGC 3921,Sa,11.8517,55.0794,268500000.0,82010.0,-21.48
NGC 3922,Sa,11.8536,50.1567,44660000.0,11040.0,-16.88
NGC 3923,E4,11.8503,-28.8058,65390000.0,56110.0,-20.91
NGC 3925,Sb,11.8556,21.8886,352100000.0,35850.0,-19.87
NGC 3926-1,S0,11.8572,22.0283,374300000.0,27220.0,-19.8
NGC 3926-2,S0,11.8578,22.0264,339800000.0,44490.0,-19.39
NGC 3928,E0,11.8631,48.6831,53330000.0,11630.0,-17.87
NGC 3929,E0,11.8617,21.0033,331100000.0,28900.0,-20.13
NGC 3930,SBc,11.8625,38.0144,52220000.0,22790.0,-17.82
NGC 3930A,S0,11.8672,38.0197,476000000.0,20770.0,-19.32
NGC 3931,S0,11.8536,52.0014,46070000.0,7371.0,-15.85
NGC 3933,S0,11.8669,16.81,274700000.0,43940.0,-20.33
NGC 3934,Sb,11.87,16.8517,182800000.0,29240.0,-18.94
NGC 3935,Sb,11.8731,32.4044,149100000.0,23850.0,-19.2
NGC 3936,SBc,11.8722,-26.9058,85510000.0,48500.0,-19.39
NGC 3937,S0,11.8783,20.6317,309000000.0,80900.0,-21.38
NGC 3938,Sc,11.8803,44.1214,55000000.0,43200.0,-20.33
NGC 3939,Sc,11.8219,74.3019,306300000.0,40100.0,-20.76
NGC 3940,E0,11.8794,20.9897,305100000.0,75440.0,-21.05
NGC 3941,S0,11.8819,36.9869,39470000.0,20090.0,-19.11
NGC 3942,Sc,11.8583,-11.4247,180500000.0,39370.0,-19.21
NGC 3943,S0,11.8822,20.4792,305700000.0,48910.0,-20.36
NGC 3944,S0,11.8847,26.2075,175500000.0,35740.0,-19.55
NGC 3945,S0,11.8869,60.6753,60640000.0,45870.0,-19.95
NGC 3946,Sa,11.8889,21.0214,292600000.0,21280.0,-19.26
NGC 3947,SBb,11.8889,20.7517,290300000.0,59110.0,-20.85
NGC 3949,Sc,11.8947,47.86,69380000.0,29260.0,-20.24
NGC 3950,E0,11.8947,47.885,981200000.0,42810.0,-20.69
NGC 3951,S0,11.8947,23.3822,313600000.0,50170.0,-20.61
NGC 3952,Irr,11.8944,-3.9972,86090000.0,20030.0,-18.41
NGC 3953,SBc,11.8967,52.325,70180000.0,70430.0,-21.06
NGC 3954,E0,11.8947,20.8825,321700000.0,32750.0,-20.57
NGC 3955,Sa,11.8992,-23.1644,81630000.0,36810.0,-19.39
NGC 3956,SBc,11.9,-20.5667,116100000.0,55730.0,-19.86
NGC 3957,Sa,11.9003,-19.5689,91260000.0,38490.0,-19.23
NGC 3958,SBa,11.9092,58.3667,156800000.0,29660.0,-19.91
NGC 3959,SBa,11.9103,-7.7564,254000000.0,40640.0,-19.86
NGC 3961,SBa,11.9158,69.3297,303400000.0,57370.0,-20.44
NGC 3962,E1,11.9108,-13.9747,112500000.0,42540.0,-20.99
NGC 3963,SBc,11.9161,58.4933,148800000.0,58440.0,-20.8
NGC 3964,S0,11.9147,28.2628,395000000.0,51700.0,-20.32
NGC 3966,Sa,11.9456,32.0214,157800000.0,71160.0,-19.62
NGC 3967,S0,11.9194,-7.8431,247500000.0,36000.0,-20.0
NGC 3968,SBc,11.9244,11.9686,299900000.0,117800.0,-22.12
NGC 3969,SBa,11.9192,-18.9272,313500000.0,63830.0,-20.91
NGC 3970,S0,11.9244,-12.0614,254200000.0,44360.0,-19.96
NGC 3971,S0,11.9267,29.9958,298500000.0,60770.0,-21.01
NGC 3972,SBc,11.9292,55.32,71830000.0,38650.0,-18.81
NGC 3973,S0,11.9269,11.9972,274000000.0,15940.0,-18.82
NGC 3974,SBa,11.9278,-12.0272,244100000.0,42600.0,-20.07
NGC 3975,Sb,11.9314,60.5297,442500000.0,45060.0,-19.56
NGC 3976,SBb,11.9325,6.7483,109600000.0,60560.0,-20.13
NGC 3976A,Sa,11.9339,6.6775,109400000.0,7953.0,-16.83
NGC 3977,Sb,11.9353,55.3908,262500000.0,57280.0,-20.13
NGC 3978,SBc,11.9361,60.5228,451100000.0,111500.0,-22.5
NGC 3979,S0,11.9336,-2.7206,264600000.0,42330.0,-20.85
NGC 3981,SBc,11.9353,-19.8972,82190000.0,63360.0,-20.21
NGC 3982,SBb,11.9411,55.125,73260000.0,24510.0,-19.86
NGC 3983,Sa,11.9397,23.8681,187900000.0,30060.0,-18.9
NGC 3985,Irr,11.9447,48.3356,51730000.0,9781.0,-17.8
NGC 3987,Sb,11.9556,25.1953,214500000.0,68620.0,-20.19
NGC 3988,E0,11.9567,27.8781,305500000.0,39990.0,-20.26
NGC 3989,Sb,11.9572,25.2328,223500000.0,19500.0,-18.48
NGC 3990,S0,11.9597,55.4586,33600000.0,6841.0,-16.56
NGC 3991,Irr,11.9583,32.3356,154700000.0,29250.0,-19.78
M 109,SBc,11.9597,53.3736,121000000.0,132000.0,-22.24
NGC 3993,Sb,11.9603,25.2403,228600000.0,53200.0,-19.53
NGC 3994,Sc,11.96,32.2775,150300000.0,19680.0,-19.92
NGC 3995,Irr,11.9622,32.2931,157600000.0,59580.0,-20.72
NGC 3996,Sc,11.9628,14.2975,326300000.0,42710.0,-20.4
NGC 3997,SBb,11.9633,25.2708,225900000.0,52570.0,-20.2
NGC 3998,S0,11.9653,55.4539,81700000.0,32090.0,-20.39
NGC 3999,S0,11.9656,25.0683,293400000.0,17070.0,-19.07
NGC 4000,Sc,11.9658,25.1439,216600000.0,31500.0,-18.81
NGC 4001,E4,11.9683,47.3353,621800000.0,63310.0,-20.5
NGC 4002,Sb,11.9664,23.2028,306700000.0,49060.0,-19.97
NGC 4003,S0,11.9664,23.1253,303800000.0,66280.0,-20.35
NGC 4004,Irr,11.9681,27.8786,163600000.0,42820.0,-19.5
NGC 4006,E0,11.9681,-2.1203,259600000.0,60420.0,-20.7
NGC 4007,S0,11.9694,25.1222,212400000.0,37060.0,-20.17
NGC 4008,E5,11.9714,28.1928,157300000.0,54910.0,-20.52
NGC 4010,SBc,11.9769,47.2603,65460000.0,39980.0,-18.51
NGC 4011,S0,11.9736,25.0978,183800000.0,10690.0,-18.05
NGC 4012,Sb,11.9742,10.0217,186900000.0,51640.0,-19.49
NGC 4013,Sb,11.9753,43.9472,62430000.0,47210.0,-19.11
NGC 4015-1,Sc,11.9783,25.0367,213400000.0,62080.0,-19.88
NGC 4015-2,Sb,11.9786,25.0425,213400000.0,24830.0,-18.48
NGC 4016,SBc,11.9747,27.5289,166800000.0,36390.0,-19.14
NGC 4017,SBc,11.9792,27.4531,169600000.0,44400.0,-20.18
NGC 4018,Sb,11.9778,25.3172,213100000.0,52700.0,-20.08
NGC 4019,SBb,12.0194,14.1042,81940000.0,28600.0,-18.0
NGC 4020,SBc,11.9822,30.4136,46520000.0,12860.0,-17.57
NGC 4021,E0,11.9839,25.0836,444400000.0,25860.0,-19.87
NGC 4022,S0,11.9836,25.2225,206900000.0,36110.0,-19.81
NGC 4023,S0,11.9847,24.9892,210400000.0,27540.0,-19.45
NGC 4024,S0,11.9753,-18.3467,92010000.0,25430.0,-19.55
NGC 4025,SBc,11.9861,37.7922,154700000.0,56240.0,-19.38
NGC 4026,S0,11.9903,50.9619,53000000.0,40090.0,-19.35
NGC 4027,SBc,11.9917,-19.2658,89650000.0,43030.0,-20.59
NGC 4027A,Irr,11.9914,-19.3319,93170000.0,12200.0,-17.28
NGC 4028,Sa,11.9764,16.1772,182200000.0,37090.0,-20.43
NGC 4029,SBb,12.0008,8.1822,288700000.0,50390.0,-20.43
NGC 4030,Sc,12.0064,-1.1006,74060000.0,45240.0,-20.38
NGC 4031,Sb,12.0086,31.9467,360700000.0,36720.0,-20.02
NGC 4032,Irr,12.0089,20.0747,70620000.0,16440.0,-18.88
NGC 4033,E6,12.0094,-17.8433,70890000.0,24740.0,-19.08
NGC 4034,Sc,12.0247,69.3239,110200000.0,27260.0,-18.34
NGC 4035,SBc,12.0081,-15.9492,85510000.0,13680.0,-17.89
NGC 4036,S0,12.0242,61.8961,68170000.0,42640.0,-20.1
NGC 4037,SBb,12.0231,13.4006,56370000.0,19680.0,-18.39
NGC 4038,Irr,12.0311,-18.8644,43870000.0,21690.0,-19.74
NGC 4039,Irr,12.0314,-18.8856,89070000.0,42750.0,-21.18
NGC 4040,E0,12.0347,17.8239,306400000.0,84670.0,-20.06
NGC 4041,Sc,12.0364,62.1369,60780000.0,23870.0,-19.45
NGC 4042,E0,12.0461,20.1642,317700000.0,9242.0,-17.54
NGC 4043,S0,12.0397,4.33,303400000.0,26480.0,-20.24
NGC 4044,E0,12.0414,-0.2125,272200000.0,47500.0,-20.31
NGC 4045,SBa,12.045,1.9769,103700000.0,40720.0,-19.71
NGC 4045A,S0,12.045,1.9522,237500000.0,20720.0,-18.91
NGC 4047,Sb,12.0472,48.6367,160900000.0,37430.0,-20.36
NGC 4048,S0,12.0472,18.0156,228900000.0,19970.0,-19.33
NGC 4049,Irr,12.0483,18.7525,51240000.0,6708.0,-16.48
NGC 4050,SBb,12.0481,-16.3742,143200000.0,62480.0,-20.21
NGC 4051,SBc,12.0525,44.5319,55000000.0,41600.0,-20.33
NGC 4053,S0,12.0531,19.7292,317700000.0,55450.0,-20.14
NGC 4054-1,S0,12.0533,57.8933,233000000.0,16950.0,-19.07
NGC 4054-2,E0,12.0536,57.8914,549600000.0,63950.0,-20.13
NGC 4056,E0,12.0658,20.3131,327000000.0,23780.0,-18.51
NGC 4058,Sa,12.0633,3.5481,273900000.0,47810.0,-20.52
NGC 4060,S0,12.0669,20.3381,300500000.0,21850.0,-19.22
NGC 4061,E0,12.0669,20.2328,335000000.0,58470.0,-20.86
NGC 4062,SBc,12.0675,31.8953,61580000.0,35830.0,-19.48
NGC 4063,S0,12.0681,1.8469,237400000.0,37980.0,-19.41
NGC 4064,SBa,12.0697,18.4433,55070000.0,36850.0,-19.54
NGC 4065,E0,12.0683,20.2358,295200000.0,47220.0,-21.08
NGC 4066,E0,12.0692,20.3478,342300000.0,59730.0,-21.0
NGC 4067,Sb,12.0697,10.8544,123100000.0,23270.0,-19.48
NGC 4068,Irr,12.0672,52.5906,15510000.0,5639.0,-15.28
NGC 4069,S0,12.0683,20.3244,340200000.0,14840.0,-19.09
NGC 4070,E0,12.0697,20.4097,335500000.0,48790.0,-20.86
NGC 4072,S0,12.0703,20.2103,289900000.0,21080.0,-18.94
NGC 4073,E0,12.0742,1.8964,275600000.0,128300.0,-22.23
NGC 4074,S0,12.0747,20.3169,301300000.0,43820.0,-19.33
NGC 4075,Sa,12.0769,2.0728,306500000.0,53500.0,-20.26
NGC 4076,Sb,12.0756,20.2044,291000000.0,38090.0,-20.45
NGC 4077,S0,12.0772,1.7883,328100000.0,57260.0,-20.71
NGC 4079,Sc,12.0803,-2.3831,286900000.0,95980.0,-21.12
NGC 4080,Irr,12.0808,26.9922,44250000.0,7722.0,-16.56
NGC 4081,Sa,12.0758,64.4372,64880000.0,14150.0,-17.79
NGC 4082,S0,12.0864,10.6708,309800000.0,40550.0,-19.09
NGC 4083,S0,12.0872,10.6136,443100000.0,51560.0,-20.07
NGC 4084,E0,12.0875,21.215,311400000.0,27170.0,-19.4
NGC 4085,SBc,12.0894,50.3533,42200000.0,17180.0,-17.86
NGC 4086,S0,12.0914,20.2472,317000000.0,46110.0,-19.84
NGC 4087,S0,12.0931,-26.5222,161600000.0,49350.0,-20.37
NGC 4088,SBc,12.0928,50.5406,52350000.0,42640.0,-19.93
NGC 4089,E0,12.0936,20.5564,324300000.0,37730.0,-20.29
NGC 4090,Sb,12.0911,20.3092,322800000.0,56340.0,-20.08
NGC 4091,Sc,12.0944,20.5564,340200000.0,44530.0,-19.89
NGC 4092,Sb,12.0972,20.4775,313600000.0,45610.0,-20.61
NGC 4093,E0,12.0975,20.5222,319000000.0,32480.0,-19.55
NGC 4094,SBc,12.0981,-14.5261,68710000.0,40970.0,-18.92
NGC 4095,E0,12.0983,20.5736,331000000.0,62580.0,-20.43
NGC 4096,SBc,12.1,47.4758,55030000.0,52020.0,-19.63
NGC 4097,S0,12.1006,36.8639,279100000.0,48720.0,-20.16
NGC 4098-1,S0,12.1008,20.6078,339300000.0,59220.0,-20.59
NGC 4098-2,S0,12.1008,20.6053,339300000.0,24680.0,-18.49
NGC 4100,Sc,12.1022,49.5828,85150000.0,66880.0,-20.18
NGC 4101,Sa,12.1028,25.5569,286200000.0,41620.0,-20.12
NGC 4102,SBb,12.1064,52.7108,45490000.0,20510.0,-18.62
NGC 4104,S0,12.1106,28.1736,378700000.0,143200.0,-22.22
NGC 4105,E3,12.1111,-29.76,91770000.0,37370.0,-20.75
NGC 4106,SBa,12.1125,-29.7683,110500000.0,25730.0,-20.35
NGC 4107,S0,12.0797,10.5958,127700000.0,24150.0,-18.76
NGC 4108,Sc,12.1122,67.1633,116000000.0,28690.0,-19.76
NGC 4108A,SBc,12.0969,67.2525,100000000.0,20370.0,-17.83
NGC 4108B,SBc,12.1197,67.2356,119200000.0,22550.0,-18.51
NGC 4109,Sa,12.1142,42.9961,311700000.0,31730.0,-19.9
NGC 4110,SBb,12.1175,18.5319,335400000.0,63410.0,-20.46
NGC 4111,Sa,12.1172,43.0667,48930000.0,32730.0,-19.18
NGC 4112,SBb,12.1192,-40.2078,131000000.0,30500.0,-20.22
NGC 4114,SBa,12.12,-14.1847,182000000.0,47650.0,-19.73
NGC 4116,SBc,12.1269,2.6911,78330000.0,43290.0,-19.6
NGC 4117,S0,12.1294,43.1264,49060000.0,12840.0,-16.89
NGC 4118,Sa,12.1311,43.1114,28040000.0,2855.0,-14.07
NGC 4119,Sa,12.1358,10.3789,87690000.0,54840.0,-19.95
NGC 4120,Sc,12.1419,69.5444,104200000.0,25770.0,-18.32
NGC 4121,E0,12.1322,65.1144,84540000.0,4918.0,-17.57
NGC 4122,SBb,12.1189,32.9961,353400000.0,35980.0,-19.67
NGC 4123,SBb,12.1364,2.8783,74640000.0,46680.0,-20.0
NGC 4125,E6,12.1347,65.1744,69030000.0,58230.0,-21.03
NGC 4126,S0,12.1436,16.1431,299200000.0,47860.0,-20.31
NGC 4127,Sc,12.1403,76.8044,103200000.0,37540.0,-19.1
NGC 4128,S0,12.1422,68.7681,107700000.0,37610.0,-19.69
NGC 4128A,S0,12.1372,68.7858,336900000.0,19600.0,-19.07
NGC 4129,SBb,12.1481,-9.0367,68000000.0,22750.0,-18.29
NGC 4131,SBa,12.1464,29.3047,183400000.0,37340.0,-19.65
NGC 4132,Sa,12.1503,29.2503,194100000.0,31050.0,-18.97
NGC 4133,SBb,12.1469,74.9044,60020000.0,15710.0,-18.22
NGC 4134,Sb,12.1525,29.1769,183200000.0,58630.0,-20.05
NGC 4135,SBc,12.1522,44.0036,502500000.0,73080.0,-21.04
NGC 4136,SBc,12.1547,29.9278,39700000.0,22520.0,-18.63
NGC 4137,SBc,12.1547,44.09,424400000.0,67900.0,-20.77
NGC 4138,Sa,12.1581,43.6856,45010000.0,17020.0,-18.5
NGC 4139,S0,12.0761,1.8014,265800000.0,38660.0,-19.86
NGC 4141,SBc,12.1631,58.8494,94860000.0,17940.0,-17.92
NGC 4142,SBc,12.1583,53.1039,105600000.0,33790.0,-18.55
NGC 4143,S0,12.16,42.5344,50070000.0,16750.0,-19.13
NGC 4144,SBc,12.1664,46.4572,27790000.0,24660.0,-17.65
NGC 4145,SBc,12.1669,39.8828,74640000.0,64050.0,-20.3
NGC 4145A-1,Irr,12.1817,39.7572,52000000.0,14370.0,-15.91
NGC 4145A-2,S0,12.1814,39.7486,62470000.0,2726.0,-14.91
NGC 4146,SBb,12.1717,26.4311,303900000.0,61890.0,-21.15
NGC 4148,Sa,12.1686,35.8783,233300000.0,50900.0,-19.97
NGC 4149,S0,12.1756,58.3039,142900000.0,27030.0,-19.11
NGC 4150,S0,12.1758,30.4019,44470000.0,14880.0,-18.27
NGC 4151,SBb,12.1756,39.4067,55160000.0,50550.0,-20.04
NGC 4152,SBc,12.1769,16.0331,110900000.0,37090.0,-20.06
NGC 4155,E0,12.1792,19.0411,323700000.0,51780.0,-20.58
NGC 4156,SBb,12.1803,39.4731,311800000.0,58960.0,-21.0
NGC 4157,SBb,12.1844,50.4847,67190000.0,65480.0,-19.47
NGC 4158,Sb,12.1861,20.1758,123500000.0,35920.0,-19.99
NGC 4159,Sc,12.1814,76.1264,80610000.0,15240.0,-17.66
NGC 4161,Sc,12.1922,57.7375,227100000.0,36330.0,-20.41
NGC 4162,Sc,12.1978,24.1239,87410000.0,29240.0,-19.34
NGC 4163,Irr,12.2025,36.1686,10700000.0,2956.0,-13.58
NGC 4164,E3,12.2014,13.2058,770800000.0,56050.0,-21.47
NGC 4165,SBa,12.2031,13.2461,97490000.0,17020.0,-18.08
NGC 4166,S0,12.2025,17.7572,324100000.0,56570.0,-20.79
NGC 4168,E2,12.2047,13.2044,100800000.0,41040.0,-20.25
NGC 4169,S0,12.205,29.1794,182400000.0,47750.0,-20.54
NGC 4172,S0,12.2039,56.1764,420500000.0,79510.0,-21.35
NGC 4173,Sc,12.2058,29.2072,61980000.0,45070.0,-17.99
NGC 4174,Sa,12.2072,29.1492,190100000.0,22120.0,-19.43
NGC 4175,Sc,12.2086,29.1686,188200000.0,49270.0,-19.61
NGC 4176,Sb,12.21,-9.1603,248800000.0,25340.0,-19.11
NGC 4177,Sc,12.2114,-14.0139,197300000.0,48800.0,-20.71
NGC 4178,SBc,12.2128,10.8642,69600000.0,50610.0,-19.64
NGC 4179,S0,12.2144,1.2997,71430000.0,43630.0,-19.8
NGC 4180,Sb,12.2175,7.0394,108000000.0,23550.0,-19.1
NGC 4181,S0,12.2133,52.9039,428600000.0,49870.0,-20.59
NGC 4183,Sc,12.2211,43.6981,64250000.0,49530.0,-18.67
NGC 4185,Sc,12.2228,28.5103,186800000.0,70630.0,-20.59
NGC 4186,Sb,12.235,14.7258,365700000.0,53190.0,-20.65
NGC 4187,E0,12.2247,50.7417,415700000.0,78600.0,-21.33
NGC 4187B,E0,12.2244,50.7569,407500000.0,17780.0,-19.28
NGC 4187C,E0,12.2239,50.7103,724500000.0,52690.0,-20.13
NGC 4188,Sb,12.2353,-12.5861,190600000.0,19410.0,-19.33
NGC 4189,SBc,12.2297,13.4247,108800000.0,39550.0,-20.11
NGC 4190,Irr,12.2289,36.6336,11420000.0,2823.0,-14.32
NGC 4191,S0,12.2306,7.2008,132500000.0,23130.0,-19.34
M 98,SBb,12.2297,14.8994,62470000.0,89040.0,-20.51
NGC 4192A,Sc,12.2239,14.7722,92330000.0,17460.0,-16.56
NGC 4193,SBc,12.2314,13.1728,121700000.0,38930.0,-19.66
NGC 4194,Irr,12.2358,54.5264,119300000.0,46860.0,-19.82
NGC 4195,SBc,12.2383,59.6156,193100000.0,44940.0,-18.76
NGC 4196,S0,12.2414,28.4236,190300000.0,44280.0,-20.13
NGC 4197,Sc,12.2439,5.8061,107200000.0,53020.0,-19.08
NGC 4198,Sa,12.2392,56.0117,414100000.0,60230.0,-20.92
NGC 4199-1,S0,12.2467,59.9064,307200000.0,22340.0,-19.07
NGC 4199-2,E0,12.2475,59.9083,549600000.0,23980.0,-20.13
NGC 4200,S0,12.2456,12.1808,119300000.0,26020.0,-18.82
NGC 4201,S0,12.2447,-11.5833,239600000.0,31360.0,-19.73
NGC 4202,Sc,12.3022,-1.0639,269700000.0,47070.0,-20.09
NGC 4203,S0,12.2514,33.1975,45010000.0,22910.0,-19.0
NGC 4204,Irr,12.2539,20.6589,51870000.0,27160.0,-17.11
NGC 4205,S0,12.2486,63.7822,70490000.0,17430.0,-17.77
NGC 4206,Sc,12.2544,13.0228,74900000.0,69720.0,-19.0
NGC 4207,Sc,12.2583,9.5856,41570000.0,9674.0,-16.93
NGC 4208,Sc,12.2608,13.9019,10960000.0,5102.0,-15.83
NGC 4210,SBb,12.2542,65.9861,117400000.0,34140.0,-19.48
NGC 4211,Sa,12.2597,28.1775,310000000.0,54110.0,-20.49
NGC 4211B,Sa,12.2603,28.1694,233000000.0,13560.0,-19.07
NGC 4213,E0,12.2603,23.9819,311400000.0,77000.0,-21.4
NGC 4214,Irr,12.2606,36.3275,9027000.0,10500.0,-17.01
NGC 4215,Sa,12.265,6.4008,107800000.0,28220.0,-20.3
NGC 4216,SBb,12.265,13.1478,65500000.0,77170.0,-20.41
NGC 4217,Sb,12.2639,47.09,73250000.0,55400.0,-19.66
NGC 4218,Sa,12.2628,48.1317,41840000.0,7303.0,-17.14
NGC 4219,Sc,12.2742,-43.3225,100700000.0,54190.0,-19.75
NGC 4219A,SBc,12.2997,-43.5406,286200000.0,54110.0,-20.32
NGC 4220,Sa,12.2697,47.8831,52760000.0,29930.0,-18.84
NGC 4221,SBa,12.2667,66.2314,131400000.0,42030.0,-19.62
NGC 4222,Sc,12.2728,13.3069,24730000.0,11150.0,-15.5
NGC 4223,Sa,12.2903,6.6894,100000000.0,36370.0,-19.43
NGC 4224,Sa,12.2758,7.4622,131000000.0,47650.0,-20.12
NGC 4225,Sa,12.2772,-12.3269,230300000.0,23450.0,-19.34
NGC 4226,Sa,12.2739,47.0256,331800000.0,48260.0,-20.64
NGC 4227,SBa,12.2758,33.5222,299100000.0,65250.0,-21.11
NGC 4229,Sa,12.2772,33.5611,313900000.0,50220.0,-20.72
NGC 4231,Sa,12.28,47.4581,339800000.0,59300.0,-20.59
NGC 4232,SBb,12.2803,47.4389,331000000.0,62590.0,-20.53
NGC 4233,S0,12.2853,7.6242,110600000.0,38600.0,-19.65
NGC 4234,Irr,12.2858,3.6833,105900000.0,20030.0,-19.16
NGC 4235,Sa,12.2858,7.1908,122200000.0,74660.0,-20.27
NGC 4236-1,Irr,12.2786,69.4636,12520000.0,39890.0,-17.21
NGC 4236-2,Irr,12.2786,69.46,12520000.0,910.8,-12.22
NGC 4237,SBc,12.2864,15.3233,52890000.0,16150.0,-18.45
NGC 4238,Sc,12.2822,63.4106,128900000.0,33750.0,-18.78
NGC 4239,E0,12.2872,16.5317,55340000.0,11270.0,-17.55
NGC 4240,E0,12.29,-9.9517,86460000.0,16350.0,-18.42
NGC 4241,SBc,12.2997,6.6542,47770000.0,11810.0,-17.03
NGC 4242,SBc,12.2917,45.6192,32660000.0,24700.0,-18.5
NGC 4244,Sc,12.2914,37.8078,14400000.0,34770.0,-17.52
NGC 4245,SBa,12.2933,29.6075,52270000.0,22050.0,-18.72
NGC 4246,Sc,12.2994,7.1856,275300000.0,92100.0,-21.23
NGC 4247,SBb,12.2992,7.2744,186200000.0,21670.0,-18.58
NGC 4248,SBb,12.2972,47.4092,30970000.0,13060.0,-16.69
NGC 4249,Sa,12.2997,5.5992,116000000.0,10120.0,-17.86
NGC 4250,SBa,12.2903,70.8028,94060000.0,36940.0,-19.5
NGC 4251,S0,12.3022,28.1753,63930000.0,33470.0,-19.86
NGC 4252,Sb,12.3083,5.56,53600000.0,10140.0,-16.18
NGC 4253,SBa,12.3072,29.8131,182700000.0,23920.0,-19.94
M 99,Sc,12.3136,14.4175,121700000.0,93840.0,-22.46
NGC 4255,S0,12.3156,4.7864,90770000.0,17160.0,-18.52
NGC 4256,Sb,12.3117,65.8983,119400000.0,78130.0,-19.92
NGC 4257,Sb,12.3183,5.7261,122600000.0,26740.0,-17.77
M 106,SBc,12.3158,47.3069,25370000.0,68640.0,-20.35
NGC 4259,S0,12.3228,5.3769,126000000.0,20160.0,-18.63
NGC 4260,SBa,12.3228,6.0983,123000000.0,48290.0,-20.18
NGC 4261,E2,12.3231,5.8244,102400000.0,61080.0,-21.08
NGC 4262,S0,12.325,14.8778,47620000.0,12470.0,-18.32
NGC 4263,Sb,12.3283,-12.2256,185200000.0,32320.0,-20.37
NGC 4264,SBa,12.3264,5.8469,133200000.0,17440.0,-19.16
NGC 4266,SBa,12.3283,5.5381,68060000.0,17820.0,-17.0
NGC 4267,S0,12.3292,12.7983,46320000.0,20210.0,-18.96
NGC 4268,SBa,12.3297,5.2842,120900000.0,24620.0,-19.65
NGC 4269,Sa,12.3303,6.0153,128800000.0,24360.0,-19.18
NGC 4270,S0,12.3303,5.4633,125500000.0,36500.0,-19.82
NGC 4271,S0,12.3256,56.7372,218800000.0,47730.0,-20.63
NGC 4272,E0,12.3297,30.3389,389100000.0,96210.0,-21.28
NGC 4273,SBc,12.3322,5.3436,116800000.0,39060.0,-20.37
NGC 4274,SBb,12.3306,29.6136,53960000.0,53370.0,-19.79
NGC 4275,Sb,12.3311,27.6211,116100000.0,18580.0,-19.16
NGC 4276,SBc,12.3353,7.6914,131500000.0,30600.0,-19.63
NGC 4277,SBa,12.3342,5.3419,127300000.0,20360.0,-18.66
NGC 4278,E1,12.335,29.2803,50170000.0,27730.0,-19.83
NGC 4279,Sa,12.34,-11.6661,194500000.0,31120.0,-19.38
NGC 4281,Sa,12.3392,5.3864,79580000.0,34730.0,-19.64
NGC 4282,Sa,12.34,5.5733,307500000.0,53660.0,-19.87
NGC 4283,E0,12.3389,29.3108,52870000.0,11530.0,-18.05
NGC 4284,Sc,12.3367,58.0933,194500000.0,70740.0,-19.48
NGC 4285,Sa,12.3442,-11.6422,335000000.0,43850.0,-20.06
NGC 4286,Sa,12.345,29.3456,40330000.0,8798.0,-15.96
NGC 4287,Sb,12.3467,5.6406,96040000.0,16760.0,-17.24
NGC 4288,SBc,12.3439,46.2944,33240000.0,10640.0,-16.74
NGC 4288A,S0,12.3444,46.2553,309800000.0,18020.0,-19.39
NGC 4289,Sc,12.3506,3.7228,128400000.0,72840.0,-18.67
NGC 4290,SBb,12.3464,58.0925,142000000.0,45420.0,-20.39
NGC 4291,E0,12.3381,75.3711,95780000.0,27860.0,-19.94
NGC 4292,S0,12.3544,4.5961,115800000.0,26940.0,-19.55
NGC 4292A,S0,12.3544,4.6331,336900000.0,14700.0,-19.07
NGC 4293,SBa,12.3533,18.3828,56050000.0,45660.0,-19.97
NGC 4294,SBc,12.3547,11.5097,65280000.0,30380.0,-19.01
NGC 4295,S0,12.3525,28.1656,394500000.0,51640.0,-20.51
NGC 4296,S0,12.3578,6.6536,203400000.0,41410.0,-20.17
NGC 4297,S0,12.3575,6.6714,178500000.0,12980.0,-18.09
NGC 4298,Sc,12.3589,14.6067,65230000.0,30360.0,-19.4
NGC 4299,SBc,12.3611,11.5014,25040000.0,6192.0,-16.53
NGC 4300,Sa,12.3614,5.3847,118800000.0,25920.0,-19.01
NGC 4301,SBc,12.3742,4.5658,72500000.0,16870.0,-18.13
NGC 4302,Sc,12.3617,14.5983,159800000.0,123200.0,-20.85
M 61,SBc,12.365,4.4728,85060000.0,80420.0,-21.98
NGC 4304,SBc,12.37,-33.4847,130800000.0,57060.0,-20.61
NGC 4305,Sa,12.3675,12.7408,98520000.0,31520.0,-19.1
NGC 4306,S0,12.3678,12.7875,92770000.0,21590.0,-18.47
NGC 4307,Sb,12.3681,9.0419,63630000.0,32390.0,-18.55
NGC 4308,E0,12.3656,30.0742,39430000.0,4588.0,-16.21
NGC 4309,SBa,12.37,7.1447,54230000.0,14200.0,-17.4
NGC 4309A,E0,12.3706,7.1664,33380000.0,1456.0,-14.05
NGC 4310,S0,12.3739,29.2081,53250000.0,15490.0,-17.76
NGC 4312,Sb,12.3753,15.5381,21120000.0,14130.0,-16.45
NGC 4313,Sb,12.3772,11.8011,79050000.0,43690.0,-19.12
NGC 4314,SBa,12.3753,29.8958,55390000.0,33830.0,-19.75
NGC 4316,Sc,12.3783,9.3325,70710000.0,25710.0,-17.88
NGC 4318,E0,12.3786,8.1992,54090000.0,5507.0,-16.9
NGC 4319,SBb,12.3619,75.3225,78070000.0,31790.0,-19.09
NGC 4320,Sb,12.3825,10.5492,371100000.0,53970.0,-20.48
M 100,SBc,12.3817,15.8228,53700000.0,58580.0,-20.98
NGC 4323,S0,12.3836,15.9053,82720000.0,13230.0,-17.22
NGC 4324,Sa,12.385,5.25,89430000.0,37720.0,-19.69
NGC 4326,SBb,12.3864,6.0725,332600000.0,67730.0,-20.84
NGC 4328,S0,12.3889,15.8203,23030000.0,4354.0,-14.94
NGC 4329,E0,12.3889,-12.5581,194200000.0,31070.0,-19.17
NGC 4330,Sc,12.3881,11.3686,84570000.0,55350.0,-18.97
NGC 4331,Irr,12.3764,76.1686,72010000.0,23040.0,-17.02
NGC 4332,SBa,12.3794,65.8442,132700000.0,40520.0,-19.95
NGC 4333,SBb,12.3894,6.0411,327100000.0,38050.0,-20.51
NGC 4334,SBb,12.39,7.4733,204300000.0,65360.0,-20.08
NGC 4335,E0,12.3836,58.4444,211400000.0,58410.0,-20.66
NGC 4336,SBa,12.3914,19.4269,64430000.0,18740.0,-17.88
NGC 4339,E0,12.3928,6.0819,53630000.0,14820.0,-18.78
NGC 4340,SBa,12.3931,16.7228,54940000.0,23970.0,-19.03
NGC 4341,S0,12.3981,7.1069,64880000.0,16040.0,-17.29
NGC 4342,S0,12.3942,7.0544,46790000.0,8166.0,-17.58
NGC 4343,Sb,12.3939,6.9544,60150000.0,20120.0,-18.13
NGC 4344,S0,12.3936,17.5417,64970000.0,16060.0,-18.1
NGC 4346,S0,12.3908,46.9939,46640000.0,21710.0,-18.48
NGC 4348,Sc,12.3981,-3.4425,111300000.0,51780.0,-19.36
NGC 4350,S0,12.3992,16.6933,69200000.0,29190.0,-19.63
NGC 4351,SBb,12.4003,12.2047,117500000.0,34190.0,-19.78
NGC 4352,S0,12.4011,11.2178,43710000.0,12710.0,-17.13
NGC 4353,Irr,12.4,7.7842,65060000.0,8516.0,-17.3
NGC 4356,Sc,12.4039,8.5369,65590000.0,26710.0,-17.52
NGC 4358,S0,12.4006,58.3853,199800000.0,29050.0,-19.74
NGC 4359,SBc,12.4031,31.5214,63270000.0,32210.0,-17.74
NGC 4360,E0,12.4058,9.2931,320600000.0,69950.0,-21.46
NGC 4362,S0,12.4031,58.3614,207000000.0,33110.0,-18.71
NGC 4363,Sb,12.3911,74.9519,64060000.0,13040.0,-16.67
NGC 4365,E3,12.4078,7.3175,69960000.0,70210.0,-21.05
NGC 4366,E0,12.4131,7.3528,57390000.0,6678.0,-15.93
NGC 4368,E0,12.385,10.6217,361700000.0,52600.0,-20.82
NGC 4369,Sa,12.41,39.3828,56950000.0,17390.0,-18.91
NGC 4370,Sa,12.4153,7.4444,49680000.0,9394.0,-17.11
NGC 4371,SBa,12.4153,11.7042,47620000.0,27700.0,-18.92
NGC 4373,S0,12.4214,-39.7606,131000000.0,68600.0,-21.12
NGC 4373A,S0,12.4269,-39.3197,147800000.0,55910.0,-20.38
NGC 4373B,SBc,12.4453,-39.1344,165300000.0,36070.0,-18.52
M 84,E1,12.4175,12.8869,56990000.0,53880.0,-21.01
NGC 4375,SBb,12.4167,28.5586,416300000.0,84760.0,-21.73
NGC 4376,Irr,12.4217,5.7411,65720000.0,13380.0,-17.82
NGC 4377-1,S0,12.42,14.7622,57080000.0,14110.0,-18.51
NGC 4377-2,E0,12.4194,14.7619,57080000.0,830.2,-13.62
NGC 4377-3,E0,12.4203,14.7647,57080000.0,830.2,-13.42
NGC 4378,Sa,12.4217,4.9253,128700000.0,54300.0,-20.38
NGC 4379,S0,12.4206,15.6078,49090000.0,14280.0,-18.29
NGC 4380,Sb,12.4228,10.0167,71920000.0,36610.0,-19.02
NGC 4381,Sc,12.3997,48.78,192500000.0,103600.0,-20.65
M 85,Sa,12.4231,18.1908,46350000.0,47870.0,-20.76
NGC 4383,Sa,12.4236,16.47,90320000.0,26270.0,-19.51
NGC 4384,Sa,12.4197,54.5061,119500000.0,22590.0,-19.22
NGC 4385,SBa,12.4283,0.5725,110900000.0,33860.0,-19.76
NGC 4386,S0,12.4075,75.5294,88070000.0,32020.0,-19.46
NGC 4387,E0,12.4281,12.8103,61750000.0,15270.0,-18.39
NGC 4388,Sb,12.4294,12.6619,64070000.0,52190.0,-19.66
NGC 4389,SBc,12.4264,45.685,41570000.0,15720.0,-17.73
NGC 4390,SBc,12.4306,10.4589,63900000.0,14870.0,-18.06
NGC 4391,S0,12.4217,64.9336,78280000.0,12520.0,-18.2
NGC 4392,E0,12.4217,45.8475,320400000.0,32620.0,-20.26
NGC 4393,SBc,12.4308,27.5619,46520000.0,21650.0,-17.37
NGC 4394,SBb,12.4319,18.2142,54980000.0,27190.0,-19.43
NGC 4395,Irr,12.43,33.5467,14600000.0,28040.0,-17.65
NGC 4396,Sc,12.4331,15.6711,8600000.0,4128.0,-14.0
NGC 4402,Sb,12.4353,13.1131,25000000.0,14180.0,-16.82
NGC 4403,Sb,12.4367,-7.6847,247000000.0,57490.0,-20.6
NGC 4404,S0,12.4378,-7.6803,242000000.0,42240.0,-20.35
NGC 4405,Sa,12.4353,16.1811,92060000.0,21420.0,-19.15
M 86,E3,12.4364,12.9464,52350000.0,67760.0,-21.12
NGC 4408,S0,12.4381,27.8711,345100000.0,40160.0,-20.02
NGC 4410-1,Sb,12.4411,9.0197,337400000.0,24530.0,-20.47
NGC 4410-2,Sc,12.4414,9.0189,351100000.0,25530.0,-20.76
NGC 4411-2,Irr,12.4464,8.8844,71380000.0,25960.0,-18.8
NGC 4411A,Irr,12.4417,8.8717,71920000.0,20920.0,-18.22
NGC 4412,SBb,12.4433,3.9647,117300000.0,23890.0,-19.58
NGC 4413,SBb,12.4422,12.6103,18850000.0,6305.0,-16.11
NGC 4414,Sc,12.4408,31.2236,61440000.0,39320.0,-20.37
NGC 4415,Sa,12.4444,8.4361,48470000.0,9869.0,-17.06
NGC 4416,SBc,12.4461,7.9189,76640000.0,18950.0,-18.85
NGC 4417,S0,12.4472,9.5844,51860000.0,24890.0,-18.91
NGC 4418,Sa,12.4483,-0.8778,112200000.0,24480.0,-18.58
NGC 4419,SBa,12.4489,15.0478,50880000.0,24420.0,-18.86
NGC 4420,SBc,12.4494,2.4942,90230000.0,26250.0,-19.41
NGC 4421,SBa,12.4506,15.4608,89650000.0,35210.0,-19.79
NGC 4422,S0,12.4533,-5.8303,337000000.0,63720.0,-20.27
NGC 4423,Irr,12.4525,5.8803,64340000.0,21520.0,-17.17
NGC 4424,SBa,12.4531,9.4214,34310000.0,17470.0,-17.81
NGC 4425,SBa,12.4536,12.7347,98380000.0,40070.0,-19.6
NGC 4428-1,SBc,12.4578,-8.1681,148600000.0,36750.0,-19.79
NGC 4428-2,Sc,12.4583,-8.165,148600000.0,4324.0,-16.79
NGC 4429,Sa,12.4572,11.1075,55000000.0,46400.0,-20.03
NGC 4430,SBb,12.4572,6.2628,79270000.0,26520.0,-19.33
NGC 4431,S0,12.4575,12.2906,51600000.0,12760.0,-17.1
NGC 4432,SBc,12.4592,6.2333,300300000.0,39310.0,-20.02
NGC 4433,SBb,12.4606,-8.2792,148900000.0,47630.0,-19.8
NGC 4434,E0,12.46,8.1544,76550000.0,15590.0,-18.95
NGC 4435,S0,12.4611,13.0797,49280000.0,21500.0,-19.1
NGC 4436,S0,12.4614,12.3158,54890000.0,11980.0,-17.03
NGC 4438,Sa,12.4625,13.0086,49280000.0,60930.0,-19.99
NGC 4440,SBa,12.4647,12.2933,47320000.0,12390.0,-18.01
NGC 4441,SBa,12.4556,64.8022,61970000.0,28840.0,-17.99
NGC 4442,S0,12.4675,9.8039,45010000.0,29460.0,-19.3
NGC 4444,SBc,12.4767,-43.2622,142000000.0,51640.0,-20.19
NGC 4445,Sb,12.4711,9.4367,30750000.0,11630.0,-16.17
NGC 4446,Sc,12.4683,13.9122,340400000.0,54460.0,-20.59
NGC 4447,S0,12.47,13.8997,331800000.0,43440.0,-20.04
NGC 4448,SBb,12.4708,28.6214,154600000.0,87700.0,-21.38
NGC 4449,Irr,12.4697,44.095,12500000.0,11270.0,-17.92
NGC 4450,Sb,12.4747,17.0842,63600000.0,49950.0,-20.55
NGC 4451,Sb,12.4778,9.2589,53250000.0,11620.0,-17.66
NGC 4452,S0,12.4786,11.755,21170000.0,8312.0,-16.16
NGC 4453,Sb,12.4794,6.5122,514200000.0,37400.0,-20.29
NGC 4454,SBa,12.4806,-1.9389,122400000.0,40960.0,-20.07
NGC 4455,SBc,12.4789,22.8211,41660000.0,15750.0,-17.43
NGC 4456,Sc,12.4644,-30.0978,292000000.0,50970.0,-20.66
NGC 4457,SBa,12.4828,3.5711,54230000.0,20510.0,-19.4
NGC 4458,E0,12.4825,13.2422,55900000.0,13010.0,-18.37
NGC 4459,Sa,12.4833,13.9786,52190000.0,26570.0,-19.72
NGC 4460,SBa,12.4792,44.8644,31280000.0,19110.0,-17.61
NGC 4461,SBa,12.4839,13.1844,99860000.0,49380.0,-20.43
NGC 4462,SBb,12.4892,-23.1664,96070000.0,43310.0,-19.54
NGC 4464,Sb,12.4892,8.1569,42730000.0,5593.0,-16.99
NGC 4465,Sc,12.4897,8.0261,326700000.0,23760.0,-19.4
NGC 4466,Sb,12.4917,7.6969,48700000.0,7792.0,-16.07
NGC 4467,E2,12.4917,7.9928,80470000.0,4682.0,-16.96
NGC 4468,S0,12.4917,14.0492,51530000.0,10490.0,-17.29
NGC 4469,SBa,12.4911,8.7503,40410000.0,22340.0,-18.06
NGC 4470,Sa,12.4936,7.8239,119100000.0,22520.0,-19.71
M 49,E2,12.4961,8.0,49830000.0,73930.0,-21.62
NGC 4473,E5,12.4967,13.4297,50450000.0,33020.0,-19.75
NGC 4474,S0,12.4981,14.0686,47620000.0,16620.0,-18.32
NGC 4475,SBc,12.4964,27.2433,356800000.0,88220.0,-20.89
NGC 4476,S0,12.4997,12.3486,53490000.0,14000.0,-18.07
NGC 4477,S0,12.5006,13.6369,74410000.0,40040.0,-20.39
NGC 4478,E2,12.5047,12.3286,52890000.0,13850.0,-18.65
NGC 4479,S0,12.505,13.5781,53490000.0,12450.0,-17.57
NGC 4480,SBc,12.5072,4.2458,123900000.0,39650.0,-19.8
NGC 4481,S0,12.4967,64.0333,102700000.0,10460.0,-17.49
NGC 4482,E0,12.5028,10.7792,61120000.0,15110.0,-17.66
NGC 4483,SBa,12.5111,9.0156,51860000.0,12070.0,-18.51
NGC 4484,Sc,12.4811,-11.6517,238400000.0,52020.0,-20.02
NGC 4485,Irr,12.5086,41.7008,32300000.0,11280.0,-17.68
M 87,E0,12.5136,12.3906,52620000.0,63520.0,-21.44
NGC 4486A,E2,12.5158,12.2711,20050000.0,2332.0,-15.44
NGC 4486B,E0,12.5089,12.4906,53170000.0,4640.0,-16.66
NGC 4487,SBc,12.5178,-8.0536,61450000.0,35750.0,-19.67
NGC 4488,SBa,12.5142,8.3597,58860000.0,35100.0,-18.28
NGC 4489,E0,12.5144,16.7592,47490000.0,11740.0,-17.92
NGC 4490,SBc,12.51,41.6428,22510000.0,20950.0,-18.99
NGC 4491,SBa,12.5158,11.4833,33600000.0,7818.0,-16.56
NGC 4492,Sa,12.5164,8.0781,93530000.0,23130.0,-18.99
NGC 4493-1,E0,12.5189,0.6142,359700000.0,52310.0,-20.11
NGC 4493-2,E0,12.5197,0.6067,359700000.0,20920.0,-18.51
NGC 4494,E1,12.5233,25.7753,44580000.0,31120.0,-19.98
NGC 4495,Sb,12.5228,29.1367,240400000.0,48960.0,-20.24
NGC 4496,SBc,12.5275,3.9397,49610000.0,28140.0,-19.01
NGC 4496B,Irr,12.5278,3.9267,217500000.0,25310.0,-19.62
NGC 4497,SBa,12.5256,11.625,75080000.0,20750.0,-18.41
NGC 4498,SBc,12.5275,16.8528,55520000.0,23420.0,-18.55
NGC 4499,SBc,12.5344,-39.9825,178800000.0,46810.0,-20.09
NGC 4500,SBa,12.5228,57.965,145400000.0,33850.0,-20.05
M 88,Sb,12.5331,14.4197,57570000.0,56940.0,-21.03
NGC 4502,SBc,12.5342,16.6881,86490000.0,13840.0,-17.42
NGC 4503,S0,12.535,11.1756,75300000.0,38330.0,-19.72
NGC 4504,SBc,12.5381,-7.5633,59750000.0,27810.0,-17.41
NGC 4506,SBa,12.5361,13.4203,47140000.0,10970.0,-17.1
NGC 4507,SBb,12.5933,-39.9092,168500000.0,39220.0,-20.77
NGC 4509,Sb,12.5517,32.0922,53380000.0,6211.0,-16.87
NGC 4510,E0,12.5297,64.2339,126800000.0,27670.0,-18.95
NGC 4511,Sc,12.5353,56.4711,205100000.0,32810.0,-19.09
NGC 4513,S0,12.5336,66.3331,105600000.0,21510.0,-18.55
NGC 4514,Sc,12.545,29.7122,372700000.0,65050.0,-21.19
NGC 4515,S0,12.5511,16.2656,45010000.0,9165.0,-17.3
NGC 4516,SBb,12.5519,14.5747,56900000.0,14900.0,-17.91
NGC 4517,Sc,12.5458,0.1156,30000000.0,45810.0,-18.62
NGC 4517A,Irr,12.5411,0.3903,89250000.0,51920.0,-19.58
NGC 4518,S0,12.5531,7.8522,290800000.0,42300.0,-19.95
NGC 4518B,Sb,12.5528,7.8344,290800000.0,38070.0,-19.75
NGC 4519,SBc,12.5583,8.655,123400000.0,57450.0,-20.59
NGC 4519A,S0,12.5567,8.6906,63830000.0,5571.0,-15.36
NGC 4520,S0,12.5636,-7.3747,420900000.0,67340.0,-20.55
NGC 4521,Sa,12.5464,63.9394,137800000.0,50100.0,-20.03
NGC 4522,SBc,12.5608,9.1742,61180000.0,32030.0,-18.56
NGC 4523,Irr,12.5633,15.1683,20870000.0,5769.0,-14.93
NGC 4524,Sc,12.565,-12.0272,231000000.0,43680.0,-19.75
NGC 4525,SBc,12.5642,30.2775,62600000.0,23670.0,-18.52
NGC 4526,S0,12.5672,7.6989,58790000.0,59860.0,-20.68
NGC 4527,SBc,12.5689,2.6533,46430000.0,41860.0,-19.46
NGC 4528,S0,12.5683,11.3211,75570000.0,17590.0,-18.92
NGC 4529,Sc,12.5475,20.1836,113300000.0,32970.0,-17.7
NGC 4531,SBa,12.5708,13.0758,49580000.0,22350.0,-18.31
NGC 4532,Irr,12.5719,6.4672,66260000.0,26020.0,-19.24
NGC 4533,Sc,12.5728,2.3253,93350000.0,28510.0,-17.78
NGC 4534,Irr,12.5681,35.5183,47050000.0,17790.0,-17.79
NGC 4535,SBc,12.5722,8.1975,51720000.0,53410.0,-20.5
NGC 4535A,S0,12.5703,8.2736,325600000.0,28420.0,-19.0
NGC 4536,SBc,12.5739,2.1872,50170000.0,55460.0,-19.83
NGC 4538,Sb,12.5778,3.3236,242200000.0,24660.0,-19.15
NGC 4539,SBa,12.5761,18.2028,71160000.0,34150.0,-18.79
NGC 4540,SBc,12.5806,15.5511,71290000.0,19700.0,-19.2
NGC 4541,SBc,12.5861,-0.2211,323200000.0,75210.0,-21.08
NGC 4542,S0,12.5803,50.8056,526000000.0,76510.0,-20.74
NGC 4543,E3,12.5889,6.1156,105400000.0,13790.0,-17.95
NGC 4544,SBa,12.5933,3.0356,66350000.0,19300.0,-17.54
NGC 4545,SBc,12.5761,63.5247,149800000.0,54450.0,-20.31
NGC 4546,S0,12.5914,-3.7931,65720000.0,31540.0,-20.22
NGC 4547,S0,12.5808,58.9172,566700000.0,41210.0,-20.7
M 91,SBb,12.5906,14.4964,51920000.0,39270.0,-20.11
NGC 4549,S0,12.5892,58.9494,596900000.0,34730.0,-20.31
NGC 4550,S0,12.5917,12.2208,54900000.0,26350.0,-18.63
NGC 4551,E0,12.5939,12.2639,57020000.0,14930.0,-18.21
M 89,E0,12.5942,12.5561,51400000.0,26160.0,-20.09
NGC 4553,SBa,12.6019,-39.4392,151900000.0,46380.0,-20.14
NGC 4555,E0,12.5947,26.5239,311000000.0,85950.0,-21.5
NGC 4556,E0,12.5958,26.9092,343700000.0,59980.0,-20.91
NGC 4558,S0,12.5978,26.9917,362300000.0,42160.0,-19.73
NGC 4559,SBc,12.5992,27.9597,28250000.0,43960.0,-19.38
NGC 4561,SBc,12.6022,19.3217,76190000.0,16620.0,-18.74
NGC 4562,SBc,12.5928,25.8494,73570000.0,25680.0,-17.37
NGC 4563,S0,12.6033,26.9417,327000000.0,23780.0,-19.51
NGC 4564,E0,12.6072,11.4397,51330000.0,26130.0,-18.98
NGC 4565,Sb,12.6056,25.9878,43380000.0,99690.0,-20.31
NGC 4566,Sc,12.6,54.2206,245800000.0,46480.0,-20.49
NGC 4567,Sc,12.6089,11.2578,115400000.0,52030.0,-20.64
NGC 4568,Sc,12.6094,11.2386,70130000.0,46920.0,-19.96
M 90,SBb,12.6139,13.1639,55000000.0,75990.0,-20.93
NGC 4570,S0,12.6147,7.2469,45010000.0,24220.0,-18.9
NGC 4571,Sc,12.6156,14.2175,49250000.0,25790.0,-18.99
NGC 4572,S0,12.5958,74.2461,98700000.0,21530.0,-17.5
NGC 4573,SBa,12.6286,-43.6214,144800000.0,52640.0,-19.54
NGC 4574,SBc,12.6286,-35.5181,151300000.0,39600.0,-19.63
NGC 4575,SBc,12.6308,-40.5375,246400000.0,71680.0,-21.29
NGC 4576,SBc,12.6258,4.3675,253800000.0,44300.0,-20.16
NGC 4577,Sb,12.6533,6.0122,122800000.0,28580.0,-19.08
NGC 4578,S0,12.625,9.5556,57950000.0,26130.0,-19.05
M 58,SBb,12.6286,11.8183,69470000.0,60630.0,-21.24
NGC 4580,SBa,12.63,5.3681,60960000.0,18620.0,-19.06
NGC 4581,E0,12.6347,1.4783,117400000.0,32430.0,-19.48
NGC 4583,SBa,12.6344,33.4586,307100000.0,49140.0,-20.37
NGC 4584,SBa,12.6381,13.1106,93390000.0,19020.0,-18.58
NGC 4585,SBb,12.6369,28.9372,337400000.0,34360.0,-20.17
NGC 4586,Sa,12.6411,4.3186,50400000.0,27850.0,-18.34
NGC 4587,S0,12.6431,2.6578,55030000.0,8804.0,-16.84
NGC 4588,SBc,12.6458,6.7675,264500000.0,50020.0,-19.64
NGC 4589,E2,12.6233,74.1919,69150000.0,34190.0,-19.93
NGC 4592,Irr,12.655,-0.5314,39080000.0,32960.0,-18.19
NGC 4593,SBb,12.6608,-5.3439,158200000.0,89730.0,-21.53
M 104,Sa,12.6664,-11.6225,35400000.0,44280.0,-20.98
NGC 4595,SBb,12.6642,15.2978,42150000.0,10420.0,-17.56
NGC 4596,SBa,12.6656,10.1764,97940000.0,56980.0,-20.99
NGC 4597,SBc,12.67,-5.8006,61490000.0,36670.0,-18.68
NGC 4598,S0,12.6697,8.3833,101900000.0,20750.0,-18.87
NGC 4599,Sa,12.6739,1.1967,98560000.0,24370.0,-18.8
NGC 4600,S0,12.6728,3.1178,23970000.0,4184.0,-15.73
NGC 4601,SBa,12.6794,-40.8936,157200000.0,38870.0,-18.91
NGC 4602,SBc,12.6767,-5.1325,112500000.0,55650.0,-20.09
NGC 4603,SBc,12.6819,-40.9761,142900000.0,70690.0,-20.11
NGC 4603A,SBc,12.66,-40.7397,126500000.0,34960.0,-18.84
NGC 4603B,SBb,12.6747,-41.07,211300000.0,43030.0,-18.56
NGC 4603C,S0,12.6786,-40.7639,157700000.0,38990.0,-19.42
NGC 4603D,SBc,12.7019,-40.8208,137000000.0,29890.0,-19.02
NGC 4604,Irr,12.6789,-5.3028,118700000.0,17260.0,-18.4
NGC 4605,SBc,12.6664,61.6083,17600000.0,15100.0,-17.86
NGC 4606,SBa,12.6825,11.9119,88400000.0,42430.0,-19.56
NGC 4607,SBb,12.6867,11.8856,114800000.0,48430.0,-18.93
NGC 4608,S0,12.6869,10.1556,95580000.0,45870.0,-20.33
NGC 4611,Sc,12.6903,13.7297,286900000.0,50070.0,-19.62
NGC 4612,S0,12.6922,7.3147,43710000.0,17160.0,-18.13
NGC 4613,S0,12.6914,26.0883,221100000.0,16080.0,-18.06
NGC 4614,SBa,12.6919,26.0431,228000000.0,29850.0,-19.92
NGC 4615,Sc,12.6936,26.0728,222900000.0,51870.0,-20.37
NGC 4616,E0,12.7044,-40.6417,154900000.0,20280.0,-19.08
NGC 4617,Sb,12.6847,50.3942,215600000.0,90940.0,-20.1
NGC 4618,Irr,12.6925,41.1511,25000000.0,15270.0,-18.22
NGC 4619,SBb,12.6956,35.0628,319700000.0,60450.0,-21.46
NGC 4620,S0,12.6997,12.9433,69470000.0,18190.0,-18.44
M 59,E5,12.7006,11.6472,53680000.0,42160.0,-20.38
NGC 4622,Sa,12.7103,-40.7439,206900000.0,51160.0,-20.61
NGC 4622A,S0,12.7303,-40.7144,237100000.0,20690.0,-20.11
NGC 4622B,S0,12.7306,-40.7178,230900000.0,36940.0,-19.05
NGC 4623,SBa,12.7028,7.6764,39790000.0,12730.0,-17.63
NGC 4625,Irr,12.6978,41.2736,37250000.0,8669.0,-17.39
NGC 4626,Sc,12.7069,-7.0447,128800000.0,26220.0,-18.78
NGC 4627,E4,12.6997,32.5739,30590000.0,7565.0,-16.86
NGC 4628,Sb,12.7069,-6.9708,140900000.0,34840.0,-18.88
NGC 4629,Irr,12.7089,-1.3508,64830000.0,10370.0,-17.49
NGC 4630,Irr,12.7086,3.9586,47630000.0,11780.0,-17.72
NGC 4631,SBc,12.7019,32.5417,25000000.0,55270.0,-19.72
NGC 4632,Sc,12.7089,-0.0806,91480000.0,39910.0,-19.74
NGC 4633,SBc,12.7103,14.3569,27050000.0,7868.0,-15.69
NGC 4634,SBc,12.7111,14.2961,19650000.0,8288.0,-15.5
NGC 4635,SBc,12.7106,19.9467,56190000.0,15530.0,-17.78
NGC 4636,E0,12.7136,2.6872,50260000.0,43130.0,-20.54
NGC 4637,S0,12.715,11.4381,193800000.0,33830.0,-19.07
NGC 4638,S0,12.7131,11.4425,56260000.0,18000.0,-19.08
NGC 4639,SBc,12.7144,13.2572,58910000.0,24850.0,-19.08
NGC 4640,SBa,12.7158,12.2867,100300000.0,20420.0,-18.24
NGC 4640B,S0,12.7169,12.2856,885300000.0,25750.0,-19.97
NGC 4641,S0,12.7186,12.0514,104000000.0,18150.0,-18.22
NGC 4642,Sc,12.7214,-0.645,132700000.0,36670.0,-19.25
NGC 4643,SBa,12.7222,1.9781,77130000.0,34780.0,-20.17
NGC 4644,SBb,12.7117,55.1453,218200000.0,50770.0,-19.53
NGC 4644B,Sc,12.7144,55.1456,213000000.0,27890.0,-18.27
NGC 4645,E0,12.7358,-41.7497,105000000.0,33610.0,-19.74
NGC 4645A,S0,12.7181,-41.3594,154500000.0,62910.0,-20.78
NGC 4645B,S0,12.7253,-41.3625,127100000.0,35130.0,-19.95
NGC 4646,S0,12.7144,54.8567,210000000.0,30540.0,-19.64
NGC 4647,SBc,12.7256,11.5828,77310000.0,32610.0,-19.77
NGC 4648,E3,12.6956,74.4222,128900000.0,33760.0,-20.08
M 60,E2,12.7275,11.5531,72820000.0,80500.0,-21.94
NGC 4650,SBa,12.7386,-40.7319,143900000.0,66960.0,-20.52
NGC 4650A,Sa,12.7469,-40.7144,141400000.0,32910.0,-18.98
NGC 4651,Sc,12.7283,16.3936,78770000.0,45830.0,-20.61
NGC 4652,Sb,12.7219,58.9653,569300000.0,82810.0,-20.61
NGC 4653,SBc,12.7308,-0.5611,131800000.0,59450.0,-20.23
NGC 4654,SBc,12.7322,13.1264,61670000.0,44850.0,-20.28
NGC 4655,S0,12.7267,41.0192,320400000.0,46590.0,-19.76
NGC 4656,Irr,12.7328,32.1697,25000000.0,55630.0,-18.72
NGC 4657,Irr,12.735,32.2092,27350000.0,5171.0,-16.62
NGC 4658,SBc,12.7436,-10.0844,121600000.0,37130.0,-19.56
NGC 4659,Sa,12.7414,13.4989,31770000.0,8317.0,-16.84
NGC 4660,E0,12.7419,11.1906,45210000.0,13810.0,-18.51
NGC 4661,S0,12.7539,-40.8244,130000000.0,22680.0,-18.5
NGC 4662,SBc,12.7406,37.1211,322100000.0,89000.0,-21.47
NGC 4663,S0,12.7464,-10.1981,107100000.0,17130.0,-18.08
NGC 4664,SBa,12.7517,3.0553,60000000.0,30540.0,-20.12
NGC 4666,SBc,12.7522,-0.4628,62870000.0,41150.0,-19.92
NGC 4668,SBc,12.7586,-0.5361,87160000.0,17750.0,-18.53
NGC 4669,Sb,12.7461,54.8761,229900000.0,60190.0,-19.74
NGC 4670,SBa,12.7544,27.1258,60200000.0,12260.0,-18.23
NGC 4671,E0,12.7631,-7.0697,132500000.0,25060.0,-19.04
NGC 4672,Sa,12.7708,-41.7058,202600000.0,64830.0,-19.97
NGC 4673,E1,12.7594,27.0611,322800000.0,46950.0,-20.88
NGC 4674,SBa,12.7675,-8.6553,66720000.0,15530.0,-17.35
NGC 4675,SBb,12.7586,54.7372,260100000.0,60530.0,-19.41
NGC 4676-1,SBa,12.7694,30.7325,306800000.0,62470.0,-20.47
NGC 4676-2,Sa,12.7697,30.7225,305800000.0,97850.0,-20.16
NGC 4677,SBa,12.7825,-41.5825,152300000.0,35440.0,-19.55
NGC 4678-1,Sc,12.8283,-4.5797,62720000.0,9123.0,-16.42
NGC 4678-2,S0,12.8281,-4.5803,62720000.0,8211.0,-17.12
NGC 4679,SBc,12.7917,-39.5711,218400000.0,79400.0,-20.63
NGC 4680,S0,12.7817,-11.6364,128200000.0,27970.0,-19.27
NGC 4681,Sb,12.7911,-43.3347,159500000.0,32470.0,-19.95
NGC 4682,SBc,12.7875,-10.0639,74690000.0,27160.0,-18.7
NGC 4683,S0,12.795,-41.5289,173100000.0,32720.0,-19.82
NGC 4684,SBa,12.7881,-2.7269,44030000.0,17930.0,-18.25
NGC 4685,S0,12.7864,19.4647,314600000.0,91510.0,-21.22
NGC 4686,Sa,12.7775,54.5344,230800000.0,67130.0,-20.55
NGC 4687,E1,12.7897,35.3519,41170000.0,4192.0,-16.31
NGC 4688,SBc,12.7961,4.3358,58550000.0,27250.0,-18.57
NGC 4689,Sc,12.7958,13.7622,86000000.0,53780.0,-20.6
NGC 4690,S0,12.7986,-1.6561,124700000.0,21770.0,-19.01
NGC 4691,SBa,12.8036,-3.3325,64250000.0,25230.0,-19.47
NGC 4692,E0,12.7986,27.2222,317400000.0,60020.0,-21.24
NGC 4693,Sc,12.7858,71.1761,76600000.0,26740.0,-17.85
NGC 4694,S0,12.8039,10.9839,66530000.0,31930.0,-19.45
NGC 4695,SBc,12.7922,54.3744,226800000.0,36290.0,-19.91
NGC 4696,E1,12.8136,-41.3117,121900000.0,83310.0,-21.66
NGC 4696A,SBb,12.7819,-41.4975,128700000.0,24330.0,-18.58
NGC 4696B,S0,12.7892,-41.2372,150200000.0,26210.0,-20.42
NGC 4696C,Sb,12.8006,-40.8194,174200000.0,45600.0,-19.14
NGC 4696D,S0,12.8058,-41.7144,127500000.0,35230.0,-19.16
NGC 4696E,S0,12.8072,-40.9353,94330000.0,24700.0,-17.91
NGC 4697,E6,12.8097,-5.8,35000000.0,36650.0,-19.95
NGC 4698,Sb,12.8064,8.4883,100800000.0,58660.0,-20.95
NGC 4699,SBb,12.8172,-8.6639,85000000.0,46980.0,-21.68
NGC 4700,SBc,12.8186,-11.4117,77400000.0,36020.0,-19.08
NGC 4701,Sc,12.8197,3.3889,46790000.0,19050.0,-17.98
NGC 4703,Sb,12.8217,-9.1083,198400000.0,86580.0,-19.42
NGC 4704,SBc,12.8128,41.9211,359400000.0,52280.0,-20.71
NGC 4705,SBc,12.8233,-5.1953,141900000.0,63990.0,-19.59
NGC 4706,S0,12.8317,-41.2794,177700000.0,33590.0,-19.88
NGC 4707,Irr,12.8064,51.1633,28780000.0,9210.0,-16.13
NGC 4708,Sb,12.8281,-11.0936,185200000.0,32320.0,-19.17
NGC 4709,E1,12.8342,-41.3825,119000000.0,39810.0,-20.71
NGC 4710,Sa,12.8272,15.1647,63580000.0,45320.0,-19.55
NGC 4711,SBb,12.8125,35.3328,192000000.0,36310.0,-19.55
NGC 4712,Sc,12.8261,25.4697,298800000.0,99940.0,-21.51
NGC 4713,SBc,12.8325,5.3111,62340000.0,26290.0,-19.31
NGC 4714,S0,12.8386,-13.3244,190700000.0,44380.0,-20.13
NGC 4715,Sa,12.8325,27.8228,320500000.0,74590.0,-19.56
NGC 4716,S0,12.8425,-9.4508,214800000.0,34370.0,-19.79
NGC 4717,SBa,12.8428,-9.4628,215900000.0,43970.0,-19.0
NGC 4718,SBb,12.8422,-5.2819,225200000.0,58960.0,-20.0
NGC 4719,SBb,12.8356,33.1592,327400000.0,66660.0,-21.01
NGC 4720,S0,12.845,-4.1558,66720000.0,8734.0,-17.25
NGC 4721,S0,12.8386,27.3247,362400000.0,42170.0,-19.73
NGC 4722,Sa,12.8589,-13.33,73080000.0,19130.0,-18.05
NGC 4723,Irr,12.8508,-13.2367,58720000.0,9395.0,-16.18
NGC 4724,S0,12.8481,-14.3322,116800000.0,15290.0,-19.07
NGC 4725,SBb,12.8406,25.5,42250000.0,65750.0,-20.46
NGC 4726,S0,12.8461,-14.2678,307200000.0,53620.0,-19.07
NGC 4727,SBc,12.8492,-14.3331,354200000.0,82440.0,-22.48
NGC 4728,E1,12.8411,27.4353,301500000.0,43850.0,-19.23
NGC 4728B,Sc,12.8436,27.4253,543100000.0,78990.0,-21.41
NGC 4728C,S0,12.8433,27.4836,307200000.0,22340.0,-19.07
NGC 4729,E0,12.8628,-41.1322,120600000.0,28060.0,-19.44
NGC 4730,S0,12.8667,-41.1469,105400000.0,15330.0,-18.85
NGC 4731,SBc,12.8503,-6.3925,81320000.0,78060.0,-19.78
NGC 4731A,Irr,12.8536,-6.5597,66720000.0,12620.0,-19.15
NGC 4732,E0,12.8353,52.85,439200000.0,76650.0,-20.75
NGC 4733,E0,12.8517,10.9119,48600000.0,15550.0,-18.17
NGC 4734,Sc,12.8533,4.8586,349700000.0,50860.0,-20.85
NGC 4735,SBc,12.8503,28.9281,300000000.0,26180.0,-19.42
M 94,Sb,12.8481,41.1214,19450000.0,40730.0,-19.97
NGC 4737,Sb,12.8478,34.1572,305800000.0,40030.0,-19.76
NGC 4738,Sc,12.8522,28.7883,224300000.0,68500.0,-19.49
NGC 4739,E0,12.8603,-8.4097,182200000.0,37100.0,-20.24
NGC 4741,Sc,12.8497,47.6717,404800000.0,82420.0,-21.07
NGC 4742,E4,12.8633,-10.4547,45850000.0,17340.0,-18.44
NGC 4743,S0,12.8708,-41.39,142300000.0,28970.0,-19.8
NGC 4744,SBa,12.8719,-41.0606,163700000.0,49990.0,-19.9
NGC 4745,S0,12.8572,27.4217,335100000.0,38990.0,-18.96
NGC 4745B,S0,12.8561,27.4442,540500000.0,47160.0,-20.3
NGC 4746,Sb,12.8653,12.0831,93260000.0,28480.0,-19.58
NGC 4747,SBc,12.8625,25.7739,65410000.0,31400.0,-18.61
NGC 4748,Sa,12.87,-13.4136,194500000.0,22630.0,-19.28
NGC 4749,Sb,12.8533,71.635,80610000.0,19930.0,-17.66
NGC 4750,Sa,12.835,72.8744,74680000.0,22810.0,-19.7
NGC 4751,S0,12.8806,-42.66,100300000.0,43750.0,-20.24
NGC 4752,S0,12.8581,13.7825,498400000.0,50740.0,-20.62
NGC 4753,S0,12.8728,-1.2,61970000.0,54080.0,-20.49
NGC 4754,S0,12.8714,11.3139,54030000.0,34580.0,-19.59
NGC 4756,S0,12.8811,-15.4125,196900000.0,48700.0,-20.5
NGC 4757,S0,12.8803,-10.3108,37380000.0,8155.0,-15.2
NGC 4758,Irr,12.8786,15.8486,54140000.0,23620.0,-17.2
NGC 4759A,S0,12.8844,-9.1997,177300000.0,49010.0,-19.68
NGC 4760,E0,12.8853,-10.4947,196900000.0,57270.0,-21.3
NGC 4761,E0,12.8858,-9.1975,208900000.0,24310.0,-19.13
NGC 4762,S0,12.8819,11.2306,55000000.0,69600.0,-20.03
NGC 4763,SBa,12.8908,-17.0058,194700000.0,33990.0,-20.38
NGC 4764,E2,12.885,-9.2575,185200000.0,8079.0,-17.67
NGC 4765,Sa,12.8872,4.4631,46650000.0,7464.0,-17.38
NGC 4766,S0,12.8856,-10.3786,177200000.0,25770.0,-18.27
NGC 4767,E0,12.8978,-39.7144,112700000.0,42630.0,-20.19
NGC 4767A,Sc,12.8836,-39.8358,405000000.0,47120.0,-19.07
NGC 4767B,SBc,12.9122,-39.8531,167200000.0,31620.0,-19.75
NGC 4770,Sa,12.8922,-9.5411,162100000.0,35370.0,-19.68
NGC 4771,Sc,12.8889,1.27,65140000.0,36000.0,-18.5
NGC 4772,Sa,12.8914,2.1686,92310000.0,45650.0,-20.66
NGC 4773-1,E0,12.8931,-8.6383,154600000.0,29230.0,-18.48
NGC 4773-2,E4,12.8931,-8.6453,154600000.0,8994.0,-17.48
NGC 4774,S0,12.885,36.8189,382400000.0,33370.0,-20.34
NGC 4775,Sc,12.8958,-6.6228,84530000.0,27050.0,-20.27
NGC 4777,Sa,12.8994,-8.7753,157200000.0,43450.0,-18.92
NGC 4778,Sa,12.8847,-9.2039,208700000.0,51600.0,-20.43
NGC 4779,SBc,12.8972,9.7092,140100000.0,42800.0,-20.16
NGC 4780,SBc,12.9014,-8.6208,170300000.0,44600.0,-19.49
NGC 4780A,Sb,12.9008,-8.6533,194500000.0,19800.0,-18.28
NGC 4781,SBc,12.9064,-10.5361,70580000.0,34900.0,-19.88
NGC 4782,E0,12.9097,-12.5692,196900000.0,51540.0,-21.2
NGC 4783,E0,12.91,-12.5581,196900000.0,65850.0,-21.2
NGC 4784,S0,12.9103,-10.6128,56060000.0,15490.0,-16.18
NGC 4785,Sb,12.8908,-48.7497,177300000.0,51570.0,-20.48
NGC 4786,E0,12.9089,-6.8592,225200000.0,52410.0,-21.4
NGC 4787,Sa,12.9014,27.0683,352400000.0,56380.0,-19.67
NGC 4788,SBa,12.9044,27.3031,300000000.0,34910.0,-19.42
NGC 4789,S0,12.9053,27.0678,317400000.0,87720.0,-21.84
NGC 4789A,Irr,12.9014,27.1472,28960000.0,7582.0,-15.84
NGC 4790,SBc,12.9142,-10.2478,75080000.0,16380.0,-18.71
NGC 4791,S0,12.9119,8.0536,112000000.0,21180.0,-17.78
NGC 4792,S0,12.9175,-12.4967,196400000.0,19990.0,-18.7
NGC 4793,SBc,12.9111,28.9381,122400000.0,51630.0,-20.57
NGC 4794,SBa,12.9194,-12.6092,175300000.0,43350.0,-19.15
NGC 4795,SBa,12.9172,8.0661,137900000.0,46120.0,-20.03
NGC 4796,E0,12.9178,8.0669,123400000.0,7180.0,-17.39
NGC 4798,S0,12.9153,27.4128,354100000.0,51510.0,-20.98
NGC 4799,Sc,12.9208,2.8967,139500000.0,26380.0,-18.86
NGC 4800,Sb,12.9103,46.5314,97200000.0,22620.0,-19.97
NGC 4801,S0,12.9103,53.0906,710700000.0,93040.0,-21.49
NGC 4803,E0,12.9258,8.24,118700000.0,8630.0,-17.4
NGC 4804,S0,12.9303,-12.0547,37510000.0,13090.0,-17.7
NGC 4806,SBc,12.9367,-29.5028,121700000.0,21240.0,-19.46
NGC 4807,S0,12.9247,27.5211,317400000.0,46170.0,-20.44
NGC 4807A,E5,12.925,27.5439,316800000.0,23040.0,-18.74
NGC 4808,Sc,12.93,4.3036,69640000.0,28360.0,-19.35
NGC 4809,Irr,12.9139,2.6528,55300000.0,13670.0,-16.55
NGC 4810,Irr,12.9142,2.6408,53470000.0,10110.0,-16.17
NGC 4811,SBa,12.9478,-41.7975,152800000.0,28890.0,-19.35
NGC 4812,S0,12.9478,-41.8136,160800000.0,28070.0,-19.26
NGC 4813,S0,12.9433,-6.8181,61390000.0,11610.0,-16.87
NGC 4814,Sb,12.9225,58.3444,118200000.0,56740.0,-20.3
NGC 4816,S0,12.9367,27.7453,317400000.0,60020.0,-21.04
NGC 4817,E0,12.9414,27.9403,295200000.0,21470.0,-19.08
NGC 4818,SBb,12.9467,-8.525,62470000.0,39070.0,-19.31
NGC 4819,SBa,12.9411,26.9869,309100000.0,53940.0,-20.78
NGC 4820,S0,12.95,-13.7189,205100000.0,29830.0,-19.09
NGC 4821,E4,12.9414,26.9569,321400000.0,23380.0,-19.47
NGC 4822,S0,12.9508,-10.7622,174500000.0,30460.0,-19.14
NGC 4823,Sa,12.9569,-13.6983,280200000.0,28530.0,-19.07
NGC 4825,S0,12.9533,-13.6644,211500000.0,61520.0,-21.16
M 64,Sb,12.9453,21.6831,23930000.0,34800.0,-20.02
NGC 4827,S0,12.9453,27.1786,350600000.0,71390.0,-21.26
NGC 4828,S0,12.945,28.0208,285400000.0,29050.0,-19.11
NGC 4829,E0,12.9567,-13.7372,501200000.0,29160.0,-20.13
NGC 4830,S0,12.9575,-19.6911,275400000.0,88110.0,-21.63
NGC 4831,S0,12.96,-27.2919,161900000.0,40030.0,-20.08
NGC 4832,S0,12.9631,-39.7619,175400000.0,45930.0,-21.05
NGC 4834,Sc,12.9403,52.2958,457600000.0,59900.0,-20.13
NGC 4835,SBc,12.9686,-46.265,108900000.0,63330.0,-20.22
NGC 4835A,Sc,12.9536,-46.3772,147800000.0,53730.0,-19.18
NGC 4836,Sc,12.9594,-12.7436,244100000.0,49700.0,-20.27
NGC 4837-1,Irr,12.9464,48.2961,398800000.0,63800.0,-21.04
NGC 4837-2,Irr,12.9469,48.3,398800000.0,58000.0,-21.04
NGC 4838,SBb,12.9656,-13.0603,238700000.0,55560.0,-20.52
NGC 4839,E0,12.9567,27.4975,317400000.0,184700.0,-21.94
NGC 4840,E1,12.9589,27.6106,276400000.0,28140.0,-19.94
NGC 4841-1,E0,12.9589,28.4764,315500000.0,73420.0,-20.83
NGC 4841-2,E0,12.9594,28.4822,317400000.0,46170.0,-20.94
NGC 4842-1,E0,12.96,27.4931,337200000.0,19620.0,-20.07
NGC 4842-2,E3,12.96,27.4844,345500000.0,15080.0,-19.03
NGC 4843,Sa,12.9667,-3.6214,234200000.0,71530.0,-20.28
NGC 4846,SBc,12.9631,36.37,212700000.0,40210.0,-19.57
NGC 4847,E0,12.9744,-13.1411,214400000.0,18710.0,-18.79
NGC 4848,SBc,12.9681,28.2425,328200000.0,76370.0,-20.61
NGC 4849,S0,12.97,26.3964,272600000.0,75330.0,-20.51
NGC 4850,S0,12.9725,27.9683,278600000.0,28370.0,-19.26
NGC 4851-1,S0,12.9725,28.1478,345100000.0,20070.0,-19.92
NGC 4851-2,S0,12.9728,28.1519,345100000.0,15060.0,-19.12
NGC 4853,S0,12.9764,27.5958,350500000.0,40780.0,-20.76
NGC 4854,S0,12.9797,27.6742,317400000.0,55400.0,-19.94
NGC 4855,S0,12.9883,-13.2306,214400000.0,53020.0,-20.19
NGC 4856,SBa,12.9892,-15.0422,74590000.0,46650.0,-20.29
NGC 4857,SBb,12.955,70.2031,381100000.0,72060.0,-20.74
NGC 4858,SBb,12.9839,28.1153,433300000.0,31510.0,-19.62
NGC 4859,Sa,12.9836,26.8156,326300000.0,61700.0,-20.4
NGC 4860,E2,12.9844,28.1233,317400000.0,41550.0,-20.44
NGC 4861,Irr,12.9836,34.8619,36300000.0,22170.0,-16.13
NGC 4862,SBc,12.9917,-14.1319,285900000.0,45750.0,-19.81
NGC 4863,Sa,12.995,-14.0294,209200000.0,54770.0,-19.44
NGC 4864,E6,12.9869,27.9764,317400000.0,32320.0,-20.34
NGC 4865,E3,12.9889,28.0842,216300000.0,28310.0,-19.51
NGC 4866,Sa,12.9908,14.1714,102100000.0,95060.0,-20.48
NGC 4867,E3,12.9875,27.9706,317400000.0,23090.0,-19.44
NGC 4868,Sb,12.9858,37.3094,218400000.0,47640.0,-21.13
NGC 4869,E3,12.9897,27.9114,317400000.0,36940.0,-20.14
NGC 4870,S0,12.9881,37.0483,255500000.0,33450.0,-19.07
NGC 4871,S0,12.9917,27.9564,311600000.0,31730.0,-19.7
NGC 4872,S0,12.9928,27.9467,317400000.0,23090.0,-19.54
NGC 4873,S0,12.9922,27.9833,266600000.0,31020.0,-19.46
NGC 4874,E0,12.9931,27.9594,349000000.0,96440.0,-22.25
NGC 4875,S0,12.9939,27.9075,359700000.0,20930.0,-19.51
NGC 4876,E5,12.9956,27.9122,317400000.0,27700.0,-19.54
NGC 4877,Sb,13.0072,-15.2828,233800000.0,74820.0,-21.08
NGC 4878,SBa,13.0056,-6.1039,170100000.0,32170.0,-19.09
NGC 4880,SBa,13.0028,12.4833,80120000.0,36120.0,-19.45
NGC 4881,E0,12.9992,28.2464,332100000.0,48310.0,-20.54
NGC 4882,E0,13.0011,27.9864,317400000.0,27700.0,-20.04
NGC 4883,S0,12.9989,28.0342,370300000.0,26930.0,-19.88
NGC 4885,S0,13.0092,-6.8531,149300000.0,10860.0,-18.4
NGC 4887,Sa,13.0108,-14.6667,119500000.0,19120.0,-18.32
NGC 4888,Sb,13.01,-6.0756,154000000.0,22390.0,-19.07
NGC 4889,E0,13.0022,27.9764,317400000.0,129300.0,-22.44
NGC 4890,Irr,13.0106,-4.6039,134600000.0,17620.0,-19.28
NGC 4892,S0,13.0008,26.8981,274700000.0,51950.0,-19.83
NGC 4893,S0,12.9997,37.1939,469500000.0,27310.0,-20.39
NGC 4894,S0,13.0044,27.9669,216600000.0,15750.0,-18.11
NGC 4895,S0,13.005,28.2017,388000000.0,101600.0,-21.18
NGC 4895A,E0,13.0025,28.17,311600000.0,27190.0,-19.3
NGC 4896,S0,13.0083,28.3464,271200000.0,39440.0,-19.7
NGC 4897,SBc,13.0144,-13.4489,159800000.0,62760.0,-20.55
NGC 4898-1,E0,13.0047,27.955,308700000.0,26940.0,-20.28
NGC 4898-2,E0,13.005,27.9556,308700000.0,17960.0,-20.28
NGC 4899,SBc,13.0156,-13.9453,132800000.0,50210.0,-20.15
NGC 4900,SBc,13.0108,2.5011,57480000.0,18390.0,-19.23
NGC 4901,S0,12.9989,47.2061,385100000.0,56010.0,-19.96
NGC 4902,SBb,13.0164,-14.5139,131300000.0,55390.0,-21.32
NGC 4903,SBc,13.0228,-30.935,233900000.0,54440.0,-20.58
NGC 4904,SBc,13.0161,-0.0269,66390000.0,21240.0,-18.74
NGC 4905,SBa,13.025,-30.8675,249700000.0,65370.0,-20.12
NGC 4906,E3,13.0108,27.9239,317400000.0,23090.0,-19.84
NGC 4907,SBb,13.0133,28.1569,271900000.0,43500.0,-20.2
NGC 4908,E0,13.015,28.0069,404200000.0,58790.0,-21.27
NGC 4909,Sa,13.0336,-42.7717,176500000.0,48760.0,-20.07
NGC 4910,Sb,12.9667,1.5756,68710000.0,48970.0,-19.52
NGC 4911,SBc,13.0156,27.7903,366200000.0,63910.0,-21.65
NGC 4911A,S0,13.015,27.7844,370600000.0,21560.0,-19.38
NGC 4914,E0,13.0117,37.3147,218900000.0,111400.0,-21.63
NGC 4915,E0,13.0244,-4.5461,130800000.0,30440.0,-19.92
NGC 4917,SBb,13.0153,47.2225,329300000.0,71830.0,-20.32
NGC 4918,Sa,13.0306,-4.5006,435200000.0,69630.0,-20.33
NGC 4919,S0,13.0214,27.8086,333600000.0,53370.0,-20.05
NGC 4920,Irr,13.0344,-11.3783,60060000.0,8735.0,-17.23
NGC 4921,SBb,13.0239,27.8856,255000000.0,89000.0,-21.16
NGC 4922-1,E0,13.0233,29.3078,327400000.0,61900.0,-20.81
NGC 4922-2,S0,13.0236,29.3131,327400000.0,28570.0,-20.01
NGC 4923,S0,13.0253,27.8469,317400000.0,36940.0,-20.24
NGC 4924,SBa,13.0367,-14.9692,217000000.0,59980.0,-20.41
NGC 4925,S0,13.0353,-7.7106,154400000.0,22450.0,-19.28
NGC 4926,S0,13.0314,27.6244,362000000.0,57920.0,-21.23
NGC 4926A,S0,13.0356,27.6481,318200000.0,32400.0,-19.75
NGC 4926B,S0,13.0333,27.6536,315100000.0,27490.0,-18.62
NGC 4927,S0,13.0325,28.0061,349100000.0,30470.0,-20.35
NGC 4928,Sc,13.05,-8.0847,90940000.0,14550.0,-18.73
NGC 4929,E1,13.0456,28.0453,294300000.0,34240.0,-20.18
NGC 4930,SBb,13.0681,-41.4114,127000000.0,81270.0,-20.65
NGC 4931,S0,13.0503,28.0319,272300000.0,63380.0,-20.21
NGC 4932,Sc,13.0436,50.4392,323800000.0,70630.0,-20.58
NGC 4933,Sa,13.0656,-11.4975,158400000.0,46090.0,-20.43
NGC 4933C,Irr,13.0669,-11.4908,141300000.0,10280.0,-15.68
NGC 4934,Sa,13.0544,28.03,283300000.0,41210.0,-19.59
NGC 4935,SBb,13.0558,14.3781,299200000.0,52220.0,-20.81
NGC 4936,E0,13.0714,-30.5267,107000000.0,42010.0,-20.88
NGC 4938,S0,13.0492,51.3192,376700000.0,43830.0,-20.11
NGC 4939,Sc,13.0706,-10.34,123300000.0,98630.0,-20.79
NGC 4940,Sa,13.0833,-47.2369,240100000.0,34920.0,-21.03
NGC 4941,SBb,13.0703,-5.5514,69150000.0,39220.0,-19.63
NGC 4942,SBc,13.0719,-7.6489,92370000.0,21500.0,-18.56
NGC 4943,S0,13.0625,28.0836,254700000.0,18520.0,-18.86
NGC 4944,Sa,13.0639,28.1853,322100000.0,70270.0,-21.17
NGC 4945,SBc,13.0906,-49.4628,10540000.0,30340.0,-18.24
NGC 4945A,Irr,13.1092,-49.6917,71340000.0,25940.0,-18.7
NGC 4946,E0,13.0914,-43.5917,159400000.0,37100.0,-19.94
NGC 4947,SBb,13.0889,-35.3369,74370000.0,25960.0,-19.09
NGC 4947A,Irr,13.0722,-35.2283,127700000.0,31590.0,-17.86
NGC 4948,SBc,13.0819,-7.9464,73520000.0,21390.0,-16.56
NGC 4948A,SBc,13.0847,-8.1606,83500000.0,18220.0,-18.04
NGC 4949,SBb,13.0717,29.0292,303200000.0,26460.0,-19.14
NGC 4950,S0,13.0933,-43.5003,135900000.0,17790.0,-18.2
NGC 4951,SBc,13.0853,-6.4942,52490000.0,29010.0,-18.33
NGC 4953-1,Sa,13.1028,-37.5861,210600000.0,36760.0,-19.95
NGC 4953-2,S0,13.1022,-37.5969,210600000.0,18380.0,-18.45
NGC 4955,E2,13.1011,-29.7544,107000000.0,29560.0,-19.48
NGC 4956,S0,13.0836,35.1778,222300000.0,48510.0,-20.87
NGC 4957,E3,13.0867,27.5694,317400000.0,55400.0,-20.94
NGC 4958,S0,13.0967,-8.02,69240000.0,39280.0,-19.93
NGC 4959,Sa,13.0947,33.1794,432600000.0,50330.0,-20.11
NGC 4961,SBc,13.0964,27.7342,125100000.0,29110.0,-19.12
NGC 4962,E0,13.0828,29.1225,271500000.0,71080.0,-21.0
NGC 4963,S0,13.0975,41.7214,328100000.0,38170.0,-20.81
NGC 4964,S0,13.09,56.3231,40150000.0,6423.0,-16.35
NGC 4965,SBc,13.1192,-28.2283,114200000.0,39860.0,-19.92
NGC 4966,SBb,13.1047,29.0628,315800000.0,45930.0,-20.93
NGC 4967,E0,13.0933,53.5644,391700000.0,28480.0,-20.2
NGC 4968,S0,13.1183,-23.6769,146800000.0,40560.0,-19.47
NGC 4969-1,S0,13.1172,13.6367,366600000.0,37330.0,-20.35
NGC 4969-2,S0,13.1175,13.6367,366600000.0,16000.0,-19.75
NGC 4970,S0,13.1258,-24.0089,158600000.0,41530.0,-20.23
NGC 4971,S0,13.115,28.5486,296700000.0,43150.0,-19.59
NGC 4972,S0,13.0386,75.4047,409500000.0,47650.0,-21.29
NGC 4973,E0,13.0922,53.6856,394300000.0,40150.0,-20.51
NGC 4974,S0,13.0986,53.6592,390400000.0,79490.0,-21.09
NGC 4975,S0,13.1306,-5.0175,239600000.0,38330.0,-19.43
NGC 4976,E4,13.1436,-49.5058,34140000.0,27800.0,-19.0
NGC 4977,Sb,13.1011,55.6567,377300000.0,109700.0,-20.72
NGC 4978,Sa,13.1306,18.4161,302500000.0,66000.0,-20.74
NGC 4979,SBa,13.1283,24.8111,294400000.0,42810.0,-19.68
NGC 4980,SBa,13.1528,-28.6417,77310000.0,17990.0,-18.37
NGC 4981,SBc,13.1467,-6.7775,72740000.0,29620.0,-19.54
NGC 4983,SBa,13.1408,28.3208,307100000.0,49140.0,-19.97
NGC 4984,SBa,13.1492,-15.5158,67950000.0,35580.0,-19.39
NGC 4985,S0,13.1367,41.6769,373100000.0,70540.0,-20.49
NGC 4986,SBb,13.14,35.2053,224200000.0,55440.0,-20.19
NGC 4987,E0,13.1331,51.9294,210400000.0,36720.0,-19.65
NGC 4988,Sa,13.165,-43.1056,104800000.0,25910.0,-18.63
NGC 4989,S0,13.1544,-5.3964,135200000.0,31470.0,-18.79
NGC 4990,S0,13.1547,-5.2725,155900000.0,22670.0,-18.5
NGC 4991,Sb,13.1542,2.3483,267600000.0,23350.0,-19.07
NGC 4992,Sa,13.1514,11.6342,335700000.0,58600.0,-20.56
NGC 4993,S0,13.1631,-23.3839,143500000.0,27140.0,-19.82
NGC 4995,SBb,13.1611,-7.8331,98500000.0,34380.0,-20.4
NGC 4996,SBa,13.1586,0.8575,256600000.0,67180.0,-20.48
NGC 4997,S0,13.1642,-16.5153,105800000.0,21540.0,-18.65
NGC 4998,Sc,13.1361,50.6644,394300000.0,51620.0,-20.21
NGC 4999,SBb,13.1592,1.6725,266400000.0,89110.0,-21.56
NGC 5000,SBc,13.1631,28.9067,261400000.0,64640.0,-20.62
NGC 5001,SBa,13.1592,53.4942,402400000.0,64380.0,-20.86
NGC 5002,Irr,13.1772,36.6342,57080000.0,14110.0,-16.81
NGC 5003,Sa,13.1436,43.7372,472100000.0,68660.0,-20.6
NGC 5004A,S0,13.1836,29.6367,334900000.0,68180.0,-20.96
NGC 5004C,SBb,13.1836,29.5778,322000000.0,65560.0,-19.97
NGC 5005,SBc,13.1822,37.0586,59530000.0,50210.0,-20.7
NGC 5006,S0,13.1958,-19.2614,137600000.0,40010.0,-19.82
NGC 5007,S0,13.1539,62.1753,377000000.0,49340.0,-21.01
NGC 5008,SBc,14.1825,25.4964,424800000.0,86490.0,-21.47
NGC 5009,SBb,13.1797,50.0931,416800000.0,66680.0,-20.23
NGC 5010,Sa,13.2072,-15.7975,299100000.0,56550.0,-20.61
NGC 5011,E1,13.2142,-43.0967,139700000.0,50810.0,-20.86
NGC 5011A,SBc,13.2025,-43.3081,149300000.0,34740.0,-18.9
NGC 5011B,S0,13.22,-43.2467,147900000.0,17210.0,-18.78
NGC 5011C,S0,13.2197,-43.2658,144000000.0,25120.0,-19.02
NGC 5012,SBc,13.1933,22.9147,127500000.0,53790.0,-19.96
NGC 5012A,Irr,13.2114,22.83,114800000.0,25040.0,-18.13
NGC 5013,Sc,13.2019,3.1994,367900000.0,42810.0,-19.36
NGC 5014,Sa,13.1919,36.2817,60510000.0,14080.0,-17.74
NGC 5015,SBa,13.2061,-4.3369,154800000.0,40540.0,-20.18
NGC 5016,SBc,13.2017,24.095,128600000.0,31780.0,-19.28
NGC 5017,E0,13.215,-16.7656,126900000.0,33220.0,-19.35
NGC 5018,E3,13.2167,-19.5194,156200000.0,77260.0,-21.7
NGC 5019,SBa,13.2117,4.7292,299000000.0,34790.0,-20.31
NGC 5020,SBc,13.2108,12.5997,162900000.0,73470.0,-20.59
NGC 5021,SBb,13.2017,46.1964,376100000.0,82060.0,-21.11
NGC 5022,Sb,13.225,-19.5475,125800000.0,45750.0,-19.23
NGC 5023,Sc,13.2031,44.0372,17610000.0,14860.0,-15.86
NGC 5025,Sb,13.2122,31.8086,293600000.0,85390.0,-20.37
NGC 5026,SBa,13.2369,-42.9614,169500000.0,81330.0,-21.08
NGC 5027,SBb,13.2222,6.0619,313700000.0,54760.0,-20.42
NGC 5028,E6,13.2292,-13.0419,285400000.0,66410.0,-21.41
NGC 5029,E0,13.2103,47.0633,398100000.0,98430.0,-21.33
NGC 5030,SBa,13.2317,-16.4911,112800000.0,27880.0,-19.09
NGC 5031,Sa,13.2342,-16.1225,124300000.0,30730.0,-18.5
NGC 5032,SBb,13.2242,27.8011,297200000.0,90790.0,-21.2
NGC 5032B,SBa,13.2236,27.7639,277400000.0,36320.0,-19.45
NGC 5033,Sc,13.2244,36.5933,81980000.0,127600.0,-21.3
NGC 5034,Sc,13.2053,70.6497,389900000.0,51040.0,-21.19
NGC 5035,SBa,13.2469,-16.4922,97040000.0,19760.0,-18.67
NGC 5036,S0,13.245,-4.1781,297900000.0,30330.0,-19.2
NGC 5037,Sa,13.2497,-16.59,98650000.0,28700.0,-19.3
NGC 5038,S0,13.2506,-15.9519,98860000.0,21570.0,-17.91
NGC 5039,Sa,13.2478,-4.1581,386800000.0,39380.0,-19.07
NGC 5040-1,S0,13.2256,51.2586,333600000.0,48520.0,-19.95
NGC 5040-2,S0,13.225,51.2733,333600000.0,14560.0,-19.05
NGC 5041,Sc,13.2422,30.7053,344300000.0,85120.0,-21.02
NGC 5042,SBc,13.2583,-23.9839,58590000.0,35790.0,-18.77
NGC 5044,E0,13.2564,-16.3844,105800000.0,46180.0,-20.75
NGC 5046,E0,13.2625,-16.3267,98700000.0,11480.0,-17.9
NGC 5047,S0,13.2633,-16.5183,295800000.0,116200.0,-21.19
NGC 5048,S0,13.2689,-28.4111,107000000.0,23340.0,-18.88
NGC 5049,S0,13.2664,-16.3972,136000000.0,35610.0,-19.1
NGC 5050,Sa,13.2614,2.8792,262200000.0,41950.0,-19.83
NGC 5051,SBc,13.2722,-28.2861,270100000.0,54990.0,-20.59
NGC 5052,Sa,13.2597,29.6758,311900000.0,58970.0,-20.5
NGC 5054,Sc,13.2828,-16.6347,66050000.0,48990.0,-19.83
M 63,Sc,13.2636,42.0331,33020000.0,60520.0,-20.72
NGC 5056,Sc,13.27,30.9494,260300000.0,68150.0,-20.81
NGC 5057,S0,13.2742,31.0319,270600000.0,51160.0,-20.09
NGC 5058,Sc,13.2811,12.5486,56010000.0,4888.0,-16.57
NGC 5059,Sc,13.2828,7.8447,646700000.0,84650.0,-20.89
NGC 5060,SBb,13.2878,6.0372,292700000.0,46840.0,-20.66
NGC 5061,E0,13.3014,-26.8372,77820000.0,39620.0,-20.59
NGC 5062-1,S0,13.3064,-35.4589,159000000.0,53200.0,-20.84
NGC 5062-2,E0,13.3053,-35.4453,159000000.0,11560.0,-17.94
NGC 5063,Sa,13.3069,-35.3531,152100000.0,50890.0,-20.04
NGC 5064,Sb,13.3167,-47.9097,144100000.0,39830.0,-20.33
NGC 5065,SBc,13.2917,31.0922,311400000.0,58880.0,-20.6
NGC 5066,Sa,13.3078,-10.2339,124700000.0,12690.0,-18.51
NGC 5068,SBc,13.315,-21.0381,20000000.0,21230.0,-18.44
NGC 5071,S0,13.3103,7.9361,590300000.0,77270.0,-20.99
NGC 5072,S0,13.32,-12.5397,301800000.0,43900.0,-20.33
NGC 5073,SBc,13.3222,-14.8464,136000000.0,67250.0,-19.8
NGC 5074,Sb,13.3069,31.4683,260700000.0,26540.0,-19.71
NGC 5075,E0,13.3183,7.8317,288600000.0,25180.0,-19.83
NGC 5076,Sa,13.325,-12.7406,133000000.0,25150.0,-19.05
NGC 5077,E3,13.3253,-12.6567,126900000.0,40610.0,-20.55
NGC 5078,Sa,13.3303,-27.4097,109500000.0,63720.0,-20.63
NGC 5079,SBc,13.3269,-12.6997,141700000.0,30900.0,-20.39
NGC 5080,E0,13.3219,8.4297,289900000.0,50600.0,-20.14
NGC 5081,SBb,13.3189,28.5064,318100000.0,101800.0,-20.55
NGC 5082,S0,13.3442,-43.7003,184600000.0,40280.0,-19.96
NGC 5083,SBc,13.3175,39.5894,327900000.0,62000.0,-20.01
NGC 5084,S0,13.3378,-21.8275,90230000.0,122000.0,-20.71
NGC 5085,Sc,13.3381,-24.4403,100300000.0,51080.0,-20.04
NGC 5087,S0,13.34,-20.6108,87690000.0,34440.0,-19.75
NGC 5088,Sc,13.3389,-12.5722,77710000.0,30520.0,-18.48
NGC 5089,SBc,13.3275,30.2556,105800000.0,26150.0,-18.35
NGC 5090,E2,13.3533,-43.705,147400000.0,57890.0,-20.77
NGC 5090A,S0,13.3222,-43.6497,169400000.0,41890.0,-19.58
NGC 5090B,SBb,13.3381,-43.865,202300000.0,55920.0,-19.96
NGC 5091,Sb,13.3547,-43.7203,171500000.0,44900.0,-19.7
NGC 5092,E0,13.3308,23.0,308600000.0,44880.0,-20.38
NGC 5093,Sa,13.3269,40.3864,317900000.0,64740.0,-20.34
NGC 5094,E0,13.3461,-14.0808,278100000.0,44490.0,-20.45
NGC 5095,Sa,13.3433,-2.2892,261800000.0,45680.0,-19.82
NGC 5096,Sa,13.3356,33.0881,384900000.0,39190.0,-20.46
NGC 5097,E0,13.3497,-12.4717,106700000.0,7759.0,-16.97
NGC 5098A,E0,13.3372,33.1433,480500000.0,48920.0,-20.74
NGC 5098B,S0,13.3381,33.145,498200000.0,43480.0,-20.32
NGC 5099,E0,13.3553,-13.0417,58720000.0,5125.0,-15.98
NGC 5101,SBa,13.3628,-27.4308,95710000.0,75170.0,-20.94
NGC 5102,S0,13.3658,-36.6317,10700000.0,13390.0,-17.08
NGC 5103,S0,13.3417,43.0844,66080000.0,13460.0,-17.93
NGC 5104,Sa,13.3561,0.3428,262400000.0,45800.0,-20.03
NGC 5105,SBc,13.3636,-13.2072,143100000.0,41620.0,-20.41
NGC 5106-1,S0,13.3497,8.9775,222600000.0,25900.0,-19.07
NGC 5106-2,S0,13.3497,8.9789,193800000.0,22550.0,-19.07
NGC 5107,SBc,13.3567,38.5383,78200000.0,19340.0,-18.1
NGC 5108,SBc,13.3883,-32.3419,396300000.0,69160.0,-20.42
NGC 5109,Sc,13.3478,57.6422,100900000.0,24940.0,-18.75
NGC 5111,S0,13.3822,-12.9642,244900000.0,71230.0,-20.08
NGC 5112,SBc,13.3656,38.7353,52890000.0,30770.0,-18.75
NGC 5114,S0,13.4003,-32.3439,173600000.0,45450.0,-20.13
NGC 5115,SBc,13.3833,13.9511,338200000.0,68860.0,-20.48
NGC 5116,SBc,13.3819,26.9814,140000000.0,40710.0,-19.56
NGC 5117,SBc,13.3822,28.3156,117800000.0,37700.0,-18.59
NGC 5118,SBc,13.3908,6.3928,324200000.0,37720.0,-20.59
NGC 5119,S0,13.4,-12.2761,127300000.0,24070.0,-19.06
NGC 5121,Sa,13.4125,-37.6825,78650000.0,21730.0,-20.31
NGC 5121A,SBc,13.4256,-37.3781,75700000.0,18720.0,-16.13
NGC 5122,S0,13.4039,-10.6544,125300000.0,16410.0,-18.62
NGC 5123,Sc,13.3861,43.0861,379800000.0,71810.0,-21.83
NGC 5124,E6,13.4139,-30.3081,202000000.0,64630.0,-20.86
NGC 5125,Sb,13.4,9.7103,324700000.0,80280.0,-21.59
NGC 5126,Sa,13.4147,-30.3336,222200000.0,45250.0,-20.07
NGC 5127,E0,13.3958,31.5653,223800000.0,91150.0,-20.68
NGC 5128,S0,13.4247,-43.0161,11340000.0,42390.0,-20.1
NGC 5129,E0,13.4028,13.9767,163800000.0,40500.0,-20.5
NGC 5130,S0,13.4075,-10.2103,258100000.0,33790.0,-19.99
NGC 5131,Sa,13.3992,30.9875,306900000.0,93730.0,-20.47
NGC 5132,SBa,13.4078,14.0925,337300000.0,63780.0,-20.97
NGC 5133,S0,13.4144,-4.0819,272700000.0,39660.0,-19.91
NGC 5134,SBb,13.4217,-21.1347,91430000.0,37240.0,-20.04
NGC 5135,SBb,13.4289,-29.8336,195100000.0,73770.0,-21.08
NGC 5136,E0,13.4142,13.7381,295200000.0,30060.0,-19.78
NGC 5137,S0,13.4144,14.0769,319000000.0,27840.0,-19.35
NGC 5140,S0,13.4392,-33.8686,183900000.0,56170.0,-20.95
NGC 5141,S0,13.4142,36.3789,242300000.0,45810.0,-20.55
NGC 5142,S0,13.4169,36.3997,242700000.0,35300.0,-20.16
NGC 5143,SBc,13.4169,36.4375,258100000.0,26280.0,-18.09
NGC 5144A,Sc,13.3814,70.5147,101700000.0,17750.0,-19.07
NGC 5144B,E0,13.3814,70.51,549600000.0,15990.0,-20.13
NGC 5145,Sb,13.4203,43.2672,179400000.0,52180.0,-20.3
NGC 5146,S0,13.4436,-12.3233,111500000.0,30820.0,-19.07
NGC 5147,SBc,13.4386,2.1003,62290000.0,17210.0,-19.1
NGC 5148,SBc,13.4439,2.3136,297200000.0,30260.0,-19.6
NGC 5149,SBc,13.4358,35.9344,258600000.0,60170.0,-20.8
NGC 5150,SBc,13.46,-29.5625,206200000.0,38980.0,-21.3
NGC 5151,S0,13.4444,16.8739,361300000.0,42040.0,-20.42
NGC 5152,SBb,13.4642,-29.6192,282800000.0,86370.0,-21.39
NGC 5153,E1,13.465,-29.6178,160300000.0,46620.0,-20.56
NGC 5154,Sc,13.4411,36.0106,245600000.0,50010.0,-19.78
NGC 5156,SBb,13.4789,-48.9167,142900000.0,51940.0,-20.71
NGC 5157,SBa,13.4544,32.0308,333100000.0,62990.0,-20.75
NGC 5158,SBb,13.4628,17.7789,307000000.0,58040.0,-21.17
NGC 5159,Sc,13.4711,2.9836,278800000.0,56760.0,-19.66
NGC 5161,Sc,13.4869,-33.1744,72080000.0,58710.0,-19.62
NGC 5163,E0,13.4483,52.7542,395700000.0,63300.0,-20.32
NGC 5164,SBb,13.4531,55.4869,319200000.0,46430.0,-20.45
NGC 5165,S0,13.4775,11.3875,305800000.0,35580.0,-19.96
NGC 5166,Sb,13.4708,32.0322,217600000.0,72780.0,-19.82
NGC 5166B,Sb,13.4758,32.0692,215700000.0,15690.0,-18.5
NGC 5167,Sc,13.4778,12.7114,334900000.0,43840.0,-20.46
NGC 5169,SBc,13.4694,46.6722,116600000.0,35600.0,-18.36
NGC 5170,Sc,13.4967,-17.9653,83660000.0,99780.0,-19.94
NGC 5171,S0,13.4892,11.7353,315400000.0,50460.0,-21.03
NGC 5172,SBc,13.4886,17.0517,192100000.0,94990.0,-21.25
NGC 5173,E0,13.4736,46.5922,115800000.0,16840.0,-19.55
NGC 5174,Sc,13.4903,11.0078,292700000.0,115000.0,-21.56
NGC 5176,E0,13.49,11.7819,315100000.0,22910.0,-19.52
NGC 5177,S0,13.49,11.7967,287300000.0,29250.0,-19.22
NGC 5178,Sa,13.4914,11.625,279700000.0,48820.0,-19.77
NGC 5179,S0,13.4917,11.7464,323000000.0,32880.0,-19.88
NGC 5180,S0,13.4906,16.8258,311400000.0,63410.0,-20.9
NGC 5181,S0,13.4947,13.3044,336200000.0,44010.0,-20.17
NGC 5182,SBc,13.5114,-28.1503,208700000.0,57660.0,-20.83
NGC 5183,Sb,13.5017,-1.7206,205100000.0,56670.0,-20.49
NGC 5184,SBc,13.5031,-1.6636,195700000.0,56930.0,-20.39
NGC 5185,Sb,13.5006,13.4161,341200000.0,89320.0,-20.7
NGC 5186,S0,13.5008,12.1753,591600000.0,34420.0,-20.69
NGC 5187,Sb,13.4967,31.13,330200000.0,62430.0,-20.53
NGC 5188,SBc,13.5242,-34.795,115900000.0,50590.0,-19.85
NGC 5190,SBb,13.5106,18.1344,196400000.0,28570.0,-20.1
NGC 5191,Sb,13.5131,11.2014,288600000.0,37780.0,-19.83
NGC 5192,Sa,13.5142,-1.7789,478700000.0,41770.0,-20.83
NGC 5193,E0,13.5314,-33.2347,154700000.0,33750.0,-20.88
NGC 5193A,S0,13.5303,-33.2397,169200000.0,22150.0,-19.57
M 51,Sc,13.4978,47.1956,24470000.0,39860.0,-20.47
NGC 5195,SBa,13.4997,47.2675,24970000.0,21430.0,-18.92
NGC 5196,S0,13.5219,-1.6144,287300000.0,33430.0,-19.52
NGC 5197,Sa,13.5236,-1.6925,284600000.0,24840.0,-19.5
NGC 5198,E1,13.5031,46.6708,158700000.0,46150.0,-20.73
NGC 5199,S0,13.5117,34.8311,317700000.0,41590.0,-20.24
NGC 5201,S0,13.4878,53.0817,399600000.0,98810.0,-21.34
NGC 5202,Sb,13.5333,-1.6986,287300000.0,54320.0,-19.32
NGC 5203,S0,13.5369,-8.7864,299600000.0,78440.0,-21.22
NGC 5204,Irr,13.4933,58.4183,16060000.0,11680.0,-16.76
NGC 5205,Sb,13.5008,62.5125,91700000.0,42680.0,-19.04
NGC 5206,S0,13.5619,-48.1519,35740000.0,19750.0,-18.6
NGC 5207,Sb,13.5369,13.8914,353300000.0,87370.0,-20.77
NGC 5208,S0,13.5408,7.3169,314200000.0,77690.0,-20.02
NGC 5209,E0,13.545,7.3278,312400000.0,54530.0,-20.41
NGC 5210,Sa,13.5469,7.17,318800000.0,64920.0,-20.85
NGC 5211,SBb,13.5514,-1.0358,178600000.0,54560.0,-20.09
NGC 5212,S0,13.5489,7.2881,336200000.0,19560.0,-19.97
NGC 5213,SBb,13.5775,4.1308,308400000.0,40370.0,-20.08
NGC 5214,Sc,13.5467,41.8722,374000000.0,59830.0,-20.8
NGC 5214A,Sc,13.5464,41.865,362600000.0,31650.0,-19.43
NGC 5215A,S0,13.585,-33.4811,186200000.0,16250.0,-19.58
NGC 5215B,S0,13.5858,-33.4839,188500000.0,32900.0,-19.91
NGC 5216,E0,13.5353,62.7008,188400000.0,49330.0,-20.21
NGC 5216A,S0,13.5781,61.9931,138900000.0,24240.0,-19.05
NGC 5217,E0,13.5681,17.8572,371700000.0,81080.0,-21.58
NGC 5218,SBb,13.5361,62.7681,165700000.0,43380.0,-20.43
NGC 5220,Sa,13.5989,-33.4544,198100000.0,69150.0,-20.72
NGC 5221,Sb,13.5822,13.8325,322600000.0,75070.0,-20.78
NGC 5222-1,E0,13.5819,13.7411,312200000.0,72660.0,-20.8
NGC 5222-2,S0,13.5825,13.7436,312200000.0,27250.0,-19.41
NGC 5223,E0,13.5736,34.6906,330900000.0,72200.0,-21.33
NGC 5224,S0,13.5856,6.4817,303200000.0,30860.0,-20.04
NGC 5225,S0,13.5556,51.4908,213800000.0,21770.0,-19.58
NGC 5226,S0,13.5842,13.9214,444100000.0,19380.0,-19.07
NGC 5227,SBb,13.59,1.4106,247200000.0,64710.0,-20.7
NGC 5228,S0,13.5764,34.7778,353300000.0,51380.0,-20.77
NGC 5229,SBc,13.5672,47.9144,16630000.0,7984.0,-14.14
NGC 5230,SBc,13.5922,13.6753,317700000.0,87790.0,-21.94
NGC 5231,SBa,13.5967,2.9989,289900000.0,46380.0,-20.24
NGC 5232,Sa,13.6022,-8.4978,306600000.0,66900.0,-20.97
NGC 5233,Sb,13.5869,34.6772,363500000.0,74020.0,-20.43
NGC 5234,S0,13.6247,-49.8372,172300000.0,32580.0,-19.61
NGC 5235,SBc,13.6003,6.585,291200000.0,50830.0,-19.95
M 83,Sc,13.6167,-29.8672,15790000.0,29620.0,-20.22
NGC 5237,E0,13.6272,-42.8478,25000000.0,7271.0,-16.22
NGC 5238-1,Irr,13.5783,51.6139,16960000.0,3700.0,-14.28
NGC 5238-2,Sc,13.5786,51.6094,16960000.0,1973.0,-13.58
NGC 5239,SBc,13.6072,7.3697,312400000.0,81790.0,-20.71
NGC 5240,SBc,13.5986,35.5883,109700000.0,30320.0,-18.83
NGC 5241,Sb,13.6108,-8.4017,292600000.0,46810.0,-19.76
NGC 5243,Sc,13.6042,38.3433,196600000.0,42900.0,-19.8
NGC 5244,Sb,13.6447,-45.8547,113300000.0,21430.0,-19.3
NGC 5245,S0,13.6231,3.8981,303200000.0,35270.0,-19.84
NGC 5246,SBb,13.6247,4.1044,307100000.0,44670.0,-20.17
NGC 5247,SBc,13.6339,-17.8847,70000000.0,54980.0,-20.96
NGC 5248,SBc,13.6256,8.8861,75000000.0,67630.0,-20.91
NGC 5249,S0,13.6269,15.9722,353900000.0,82360.0,-20.98
NGC 5250,S0,13.6019,51.2364,208600000.0,30340.0,-20.03
NGC 5251,Sa,13.6233,27.4192,506800000.0,51590.0,-21.16
NGC 5252,S0,13.6375,4.5425,319900000.0,65140.0,-20.66
NGC 5253,S0,13.6653,-31.6417,11370000.0,8268.0,-16.71
NGC 5254,Sc,13.6606,-11.4942,95240000.0,44330.0,-19.23
NGC 5255,S0,13.6214,57.1097,308400000.0,35890.0,-19.48
NGC 5256,Sb,13.6381,48.2775,379700000.0,66270.0,-21.43
NGC 5257,SBb,13.6644,0.8403,316200000.0,73580.0,-22.03
NGC 5258,SBb,13.6658,0.8317,314400000.0,64030.0,-22.02
NGC 5259-1,E0,13.6567,30.9911,807200000.0,129100.0,-21.77
NGC 5259-2,S0,13.6564,30.9925,807200000.0,35220.0,-20.47
NGC 5260,SBc,13.6719,-23.8583,303300000.0,70570.0,-21.24
NGC 5261,S0,13.6711,5.0769,303200000.0,35270.0,-19.84
NGC 5262,S0,13.5939,75.04,404300000.0,70560.0,-20.27
NGC 5263,Sc,13.6653,28.3997,226500000.0,52720.0,-20.11
NGC 5264,Irr,13.6933,-29.9119,14730000.0,5569.0,-15.67
NGC 5265,SBc,13.6692,36.8614,255500000.0,26010.0,-19.57
NGC 5266,S0,13.7169,-48.1692,146800000.0,70450.0,-21.27
NGC 5266A,SBc,13.6769,-48.3422,136700000.0,61640.0,-20.41
NGC 5267,SBb,13.6778,38.7944,273800000.0,55740.0,-20.32
NGC 5270,SBb,13.7028,4.2625,312400000.0,49980.0,-20.41
NGC 5271,SBa,13.695,30.1253,506000000.0,66240.0,-20.75
NGC 5273,S0,13.7022,35.6539,51860000.0,21120.0,-18.51
NGC 5274,E0,13.7064,29.8478,588900000.0,34260.0,-20.68
NGC 5275,S0,13.7064,29.8253,72500000.0,7381.0,-16.53
NGC 5276,SBb,13.7058,35.6242,249800000.0,32700.0,-19.72
NGC 5277,Sc,13.7106,29.9542,538600000.0,47000.0,-20.69
NGC 5278,Sb,13.6942,55.6706,341900000.0,64650.0,-21.4
NGC 5279,SBa,13.6953,55.6733,343700000.0,34990.0,-20.11
NGC 5280,E0,13.7153,29.8692,496800000.0,57800.0,-21.01
NGC 5282,E0,13.7233,30.07,544600000.0,87130.0,-21.31
NGC 5283,S0,13.6847,67.6731,123700000.0,19790.0,-18.39
NGC 5285,E0,13.7403,2.1106,950100000.0,110600.0,-22.12
NGC 5287,S0,13.7478,29.7708,816400000.0,83110.0,-20.69
NGC 5289,SBb,13.7522,41.5036,132800000.0,36710.0,-19.35
NGC 5290,Sc,13.7553,41.7131,124800000.0,67160.0,-20.01
NGC 5291-1,E0,13.79,-30.4053,207100000.0,36140.0,-19.11
NGC 5291-2,S0,13.7897,-30.4172,207100000.0,24090.0,-18.51
NGC 5292,Sb,13.7944,-30.9394,211700000.0,55410.0,-21.26
NGC 5293,Sc,13.7811,16.2728,269500000.0,70550.0,-20.78
NGC 5294,E0,13.755,55.2903,86710000.0,7567.0,-16.92
NGC 5295,S0,13.6442,79.4594,307100000.0,17870.0,-19.57
NGC 5296,Sa,13.7717,43.8517,107100000.0,14020.0,-17.28
NGC 5297,SBc,13.7731,43.8725,115400000.0,94000.0,-20.34
NGC 5298,SBb,13.81,-30.4292,208300000.0,42420.0,-20.13
NGC 5300,SBc,13.8042,3.9506,82390000.0,45540.0,-19.51
NGC 5301,SBc,13.7733,46.1075,75700000.0,44040.0,-18.83
NGC 5302,SBa,13.8136,-30.5119,169800000.0,41990.0,-20.48
NGC 5303,Sc,13.7958,38.3044,62140000.0,8135.0,-18.3
NGC 5303B,Sc,13.7958,38.2594,61480000.0,6259.0,-15.98
NGC 5304,S0,13.8336,-30.5786,183600000.0,40060.0,-20.15
NGC 5305,SBb,13.7986,37.8261,252300000.0,55050.0,-20.04
NGC 5306,S0,13.8197,-7.2233,336000000.0,63530.0,-21.86
NGC 5308,S0,13.7833,60.9728,111200000.0,59850.0,-20.26
NGC 5311,Sa,13.8153,39.9864,128800000.0,48710.0,-19.58
NGC 5312,Sa,13.8306,33.6222,191800000.0,22320.0,-19.05
NGC 5313,Sb,13.8289,39.9853,121700000.0,30100.0,-19.96
NGC 5314,S0,13.7697,70.3397,429700000.0,62490.0,-20.9
NGC 5318,S0,13.8431,33.7053,197100000.0,43000.0,-20.51
NGC 5319,S0,13.8444,33.7617,667600000.0,58260.0,-20.26
NGC 5320,SBc,13.8389,41.3661,116700000.0,61080.0,-19.87
NGC 5321,SBa,13.8453,33.6331,206400000.0,24020.0,-18.71
NGC 5322,E2,13.8206,60.1903,88910000.0,77590.0,-21.08
NGC 5323,Sb,13.76,76.8283,88950000.0,18110.0,-17.88
NGC 5324,Sc,13.8681,-6.0581,148200000.0,49580.0,-20.79
NGC 5325,Sc,13.8483,38.2747,150600000.0,19710.0,-17.32
NGC 5325B,S0,13.8481,38.2403,509800000.0,44490.0,-19.07
NGC 5326,Sb,13.8472,39.5753,120000000.0,38410.0,-19.93
NGC 5327,SBb,13.8678,-2.2064,207400000.0,57320.0,-20.22
NGC 5328,E1,13.8814,-28.4892,183600000.0,48070.0,-21.05
NGC 5329,E0,13.8694,2.3256,329200000.0,62240.0,-21.62
NGC 5330,E0,13.8831,-28.4706,229200000.0,23340.0,-19.43
NGC 5331-1,Sc,13.8711,2.1083,437900000.0,38210.0,-20.74
NGC 5331-2,Sb,13.8711,2.1011,437900000.0,70050.0,-21.04
NGC 5332,S0,13.8686,16.9697,310900000.0,40690.0,-20.9
NGC 5333,S0,13.9067,-48.5128,131900000.0,36460.0,-21.13
NGC 5334,SBc,13.8817,-1.1136,74010000.0,45210.0,-19.48
NGC 5335,SBb,13.8822,2.8147,221300000.0,67600.0,-20.06
NGC 5336,Sc,13.8692,43.2431,111500000.0,22700.0,-19.17
NGC 5337,S0,13.8731,39.6881,170300000.0,42100.0,-20.19
NGC 5338,S0,13.8906,5.2078,41750000.0,12140.0,-16.74
NGC 5339,SBa,13.9,-7.9306,127900000.0,31620.0,-17.97
NGC 5340,S0,13.8164,72.6544,477400000.0,55540.0,-20.33
NGC 5341,SBc,13.8756,37.8169,171400000.0,32400.0,-19.4
NGC 5342,S0,13.8569,59.8639,103400000.0,16540.0,-18.0
NGC 5343,S0,13.9031,-7.5883,116400000.0,25400.0,-18.86
NGC 5344,S0,13.8367,73.9533,267600000.0,23350.0,-19.07
NGC 5345,Sa,13.9039,-1.4358,324200000.0,75440.0,-21.59
NGC 5346,Sc,13.8839,39.5808,120200000.0,34960.0,-18.23
NGC 5347,SBb,13.8883,33.4908,115600000.0,26910.0,-19.35
NGC 5348,SBc,13.9031,5.2272,60780000.0,30940.0,-17.15
NGC 5349,SBb,13.8869,37.8831,264500000.0,65390.0,-19.64
NGC 5350,SBc,13.8892,40.3639,92630000.0,43110.0,-19.87
NGC 5351,SBb,13.8911,37.915,170200000.0,71770.0,-20.59
NGC 5352,S0,13.8939,36.1342,364500000.0,63620.0,-21.24
NGC 5353,S0,13.8906,40.2831,102300000.0,32740.0,-20.38
NGC 5354,S0,13.8906,40.3031,117900000.0,24020.0,-20.29
NGC 5355,S0,13.8958,40.3389,115900000.0,20240.0,-18.75
NGC 5356,SBc,13.9161,5.3333,73340000.0,30940.0,-17.96
NGC 5357,E0,13.9331,-30.3417,44400000.0,10330.0,-17.67
NGC 5358,Sa,13.9,40.2778,116700000.0,18680.0,-18.17
NGC 5360,SBa,13.9272,4.9842,64340000.0,14970.0,-16.87
NGC 5361,S0,13.9097,38.4494,260400000.0,30290.0,-19.71
NGC 5362,Sb,13.9147,41.3136,107700000.0,34450.0,-19.39
NGC 5363,Sa,13.9353,5.2539,85000000.0,50690.0,-20.68
NGC 5364,Sc,13.9364,5.0156,59690000.0,59030.0,-20.11
NGC 5365,S0,13.9639,-43.9319,119200000.0,65880.0,-20.41
NGC 5365A,SBb,13.9442,-44.0094,132100000.0,49940.0,-19.44
NGC 5365B,Sb,13.9775,-43.9642,109000000.0,25370.0,-18.52
NGC 5366,Sa,13.94,-0.2475,394200000.0,40130.0,-20.71
NGC 5368,SBb,13.9081,54.3308,211100000.0,27630.0,-20.15
NGC 5369,E0,13.9436,-5.4697,132000000.0,17280.0,-18.64
NGC 5370,S0,13.9025,60.6786,140800000.0,22530.0,-19.08
NGC 5371,SBc,13.9278,40.4622,102400000.0,62560.0,-21.18
NGC 5372,S0,13.9125,58.6669,82430000.0,7194.0,-18.11
NGC 5373,E0,13.9519,5.2525,526000000.0,38250.0,-21.04
NGC 5374,SBc,13.9581,6.0969,203400000.0,47330.0,-20.47
NGC 5376,SBb,13.9208,59.5069,181000000.0,55290.0,-20.72
NGC 5377,SBa,13.9378,47.2356,101100000.0,69120.0,-20.26
NGC 5378,SBa,13.9472,37.7972,143100000.0,56200.0,-19.81
NGC 5379,SBa,13.9261,59.7433,83010000.0,26560.0,-18.13
NGC 5380,S0,13.9489,37.6103,150300000.0,37170.0,-20.12
NGC 5382,S0,13.9706,6.2581,204000000.0,26710.0,-20.48
NGC 5383,SBb,13.9511,41.8461,108200000.0,50350.0,-20.3
NGC 5384,S0,13.97,6.5181,239300000.0,52200.0,-20.23
NGC 5386,Sa,13.9728,6.3386,203400000.0,29580.0,-20.07
NGC 5387,Sc,13.9733,6.0706,230300000.0,53590.0,-19.44
NGC 5389,SBa,13.935,59.7417,86840000.0,51790.0,-19.23
NGC 5392,Sa,13.99,-3.2089,325600000.0,56840.0,-20.2
NGC 5393,Sa,14.0089,-28.875,277900000.0,36370.0,-20.65
NGC 5394,SBb,13.9758,37.4536,161400000.0,44600.0,-19.77
NGC 5395,Sb,13.9769,37.4253,164100000.0,64430.0,-21.01
NGC 5396,SBb,13.9486,29.1642,116200000.0,55780.0,-19.96
NGC 5397,S0,14.0194,-33.9456,195400000.0,39790.0,-19.99
NGC 5398,Irr,14.0225,-33.0631,65630000.0,26730.0,-18.32
NGC 5399,Sc,13.9919,34.7733,172000000.0,30030.0,-18.81
NGC 5400,S0,14.0103,-2.8575,343500000.0,74950.0,-21.01
NGC 5401,Sa,13.9953,36.2381,167000000.0,36430.0,-18.95
NGC 5402,S0,13.9711,59.8144,139300000.0,26340.0,-18.45
NGC 5403,SBb,13.9972,38.1819,130600000.0,58900.0,-18.51
NGC 5405,Sc,14.0192,7.7019,320200000.0,37250.0,-20.46
NGC 5406,SBc,14.0056,38.9153,240200000.0,66370.0,-21.23
NGC 5407,E0,14.0139,39.1567,250300000.0,40050.0,-20.33
NGC 5408,Irr,14.0558,-41.3786,15670000.0,4331.0,-16.21
NGC 5409,SBb,14.0294,9.4906,266500000.0,65880.0,-20.36
NGC 5410,SBa,14.015,40.9881,174600000.0,38090.0,-19.64
NGC 5411,S0,14.0331,8.9378,272300000.0,55450.0,-20.21
NGC 5412,S0,13.9536,73.6172,316400000.0,55220.0,-20.03
NGC 5413,E0,13.9647,64.9114,433000000.0,69270.0,-20.81
NGC 5414,Irr,14.0342,9.9294,202100000.0,29400.0,-20.16
NGC 5415,S0,13.9489,70.755,391700000.0,56970.0,-20.3
NGC 5416,Sc,14.0364,9.44,318800000.0,64910.0,-20.95
NGC 5417,Sa,14.0369,8.0367,226300000.0,49370.0,-20.41
NGC 5418,SBc,14.0381,7.6839,214100000.0,34260.0,-19.69
NGC 5419,E0,14.0606,-33.9783,317500000.0,189300.0,-23.04
NGC 5420,Sb,14.0664,-14.6172,229600000.0,56770.0,-20.34
NGC 5421A,SBa,14.0281,33.8267,147000000.0,29940.0,-19.07
NGC 5421B,E0,14.0283,33.8219,239900000.0,27910.0,-20.13
NGC 5422,Sa,14.0114,55.1647,84930000.0,48170.0,-19.18
NGC 5423,S0,14.0467,9.3419,268300000.0,58530.0,-20.58
NGC 5424,S0,14.0486,9.4211,301700000.0,70210.0,-20.83
NGC 5425,Sc,14.0131,48.4431,98650000.0,27260.0,-18.2
NGC 5426,Sc,14.0567,-6.0689,128600000.0,56090.0,-20.18
NGC 5427,SBc,14.0572,-6.0308,95890000.0,40450.0,-20.24
NGC 5430,SBb,14.0125,59.3289,139600000.0,46710.0,-20.36
NGC 5431,S0,14.0519,9.3631,267500000.0,31120.0,-19.37
NGC 5433,Irr,14.0433,32.5103,203100000.0,47250.0,-19.87
NGC 5434,Sc,14.0564,9.4478,205800000.0,44910.0,-20.1
NGC 5434B,Sc,14.0575,9.4672,250000000.0,58180.0,-19.72
NGC 5436,Sa,14.0614,9.5739,306200000.0,48980.0,-19.96
NGC 5437,Sb,14.0631,9.5236,313400000.0,41020.0,-19.81
NGC 5439,Sc,14.0325,46.3114,84050000.0,13450.0,-17.36
NGC 5440,Sa,14.05,34.7567,173300000.0,55460.0,-20.43
NGC 5441,Sc,14.0531,34.6844,175900000.0,15350.0,-17.36
NGC 5442,Sb,14.0786,-9.7128,377300000.0,65850.0,-20.82
NGC 5443,SBb,14.0364,55.8144,90990000.0,35730.0,-19.13
NGC 5444,E0,14.0567,35.1325,162700000.0,59160.0,-20.79
NGC 5445,S0,14.0586,35.0247,182600000.0,39850.0,-19.74
NGC 5446,S0,14.0631,9.6111,313300000.0,36460.0,-20.31
NGC 5448,SBa,14.0472,49.1725,113500000.0,62730.0,-20.61
NGC 5452,SBc,13.9067,78.2206,92990000.0,27050.0,-18.37
NGC 5454,S0,14.0792,14.3819,353300000.0,77090.0,-21.07
NGC 5456,S0,14.0828,11.8717,329700000.0,57550.0,-21.02
M 101,Sc,14.0533,54.3494,24580000.0,103000.0,-21.18
NGC 5459,S0,14.0833,13.1325,245600000.0,39290.0,-19.78
NGC 5463,S0,14.1028,9.3531,333800000.0,58260.0,-21.25
NGC 5463B,E3,14.1033,9.3617,327000000.0,14270.0,-19.01
NGC 5464,Irr,14.1178,-30.0172,124400000.0,23520.0,-19.61
NGC 5468,SBc,14.1097,-5.4531,166500000.0,58110.0,-20.34
NGC 5469,S0,14.2081,8.6478,320400000.0,23300.0,-19.86
NGC 5470,Sb,14.1086,6.0292,57300000.0,20840.0,-16.82
NGC 5471,Irr,14.0744,54.3975,13230000.0,1155.0,-12.54
NGC 5472,Sb,14.115,-5.46,141600000.0,24710.0,-18.09
NGC 5473,S0,14.0786,54.8933,96380000.0,30840.0,-19.95
NGC 5474,Sc,14.0836,53.6628,23480000.0,16050.0,-17.99
NGC 5475,Sa,14.0867,55.7422,81990000.0,22660.0,-18.5
NGC 5476,Irr,14.1356,-6.0922,119800000.0,26130.0,-19.42
NGC 5477,Irr,14.0925,54.4608,25110000.0,5844.0,-15.13
NGC 5478,SBc,14.1356,-1.7022,334200000.0,53470.0,-20.55
NGC 5479,S0,14.0992,65.6911,424700000.0,43240.0,-20.27
NGC 5480,Sc,14.1058,50.725,88890000.0,20690.0,-19.18
NGC 5481,E0,14.1114,50.7236,83990000.0,21990.0,-18.55
NGC 5482,S0,14.1417,8.9314,327600000.0,57180.0,-20.91
NGC 5483,SBc,14.1736,-43.325,88630000.0,50270.0,-20.27
NGC 5484,E2,14.1133,55.0303,90710000.0,10550.0,-16.52
NGC 5485,S0,14.1197,55.0014,89890000.0,30070.0,-19.9
NGC 5486,Irr,14.1233,55.1031,141200000.0,30800.0,-19.28
NGC 5487,SBc,14.1619,8.0694,324300000.0,42450.0,-20.19
NGC 5488,SBc,14.1339,-33.3147,193700000.0,95790.0,-21.17
NGC 5489,Sa,14.2,-46.0889,141500000.0,30870.0,-20.09
NGC 5490,E0,14.1658,17.5456,257300000.0,89820.0,-21.48
NGC 5490B,Sc,14.1675,17.5517,280200000.0,24450.0,-19.07
NGC 5490C,Sc,14.1683,17.6156,254700000.0,40750.0,-19.46
NGC 5491A,Sb,14.1825,6.365,128100000.0,26080.0,-19.07
NGC 5491B,E0,14.1825,6.3722,262100000.0,11440.0,-17.83
NGC 5492,Sb,14.1764,19.6119,111600000.0,25960.0,-18.97
NGC 5493,S0,14.1914,-5.0439,128700000.0,31830.0,-20.58
NGC 5494,Sc,14.2064,-30.6447,161100000.0,53900.0,-20.77
NGC 5495,SBc,14.2064,-27.1078,298900000.0,65220.0,-21.31
NGC 5496,SBc,14.1936,-1.1583,81360000.0,55620.0,-19.08
NGC 5497,SBb,14.1753,38.8939,341300000.0,59580.0,-20.2
NGC 5498,S0,14.1844,25.6978,425500000.0,61890.0,-20.78
NGC 5499,Sa,14.1797,35.9136,383800000.0,50240.0,-20.85
NGC 5500,E0,14.1708,48.5467,90720000.0,13190.0,-17.92
NGC 5501,Sa,14.2056,1.2728,333400000.0,38790.0,-20.25
NGC 5502,S0,14.1592,60.41,391700000.0,17090.0,-19.3
NGC 5504,SBc,14.2042,15.8414,244500000.0,46230.0,-20.57
NGC 5504C,Irr,14.2042,15.8797,232900000.0,33880.0,-18.97
NGC 5505,SBa,14.2086,13.3047,201200000.0,29260.0,-20.05
NGC 5506,Sa,14.2206,-3.2069,92640000.0,36380.0,-19.47
NGC 5507,S0,14.2219,-3.1483,94060000.0,21890.0,-18.8
NGC 5508,S0,14.2081,24.6356,501900000.0,80290.0,-21.14
NGC 5509,S0,14.2108,20.3883,379800000.0,60770.0,-20.23
NGC 5510,Irr,14.2269,-17.9842,76820000.0,15640.0,-18.26
NGC 5511,S0,14.2181,8.6322,325600000.0,18950.0,-19.6
NGC 5511A,E0,14.2189,8.6189,346800000.0,35300.0,-20.13
NGC 5512,E0,14.2114,30.8556,202600000.0,14730.0,-18.57
NGC 5513,S0,14.2189,20.4156,232700000.0,64300.0,-20.37
NGC 5514,Sb,14.2272,7.66,337000000.0,68620.0,-20.97
NGC 5514A,E0,14.2275,7.6578,436600000.0,25400.0,-20.13
NGC 5515,Sb,14.2106,39.31,346700000.0,65550.0,-21.33
NGC 5516,S0,14.265,-48.1147,207600000.0,54340.0,-21.02
NGC 5517,Sa,14.2142,35.7111,370600000.0,53900.0,-20.48
NGC 5518,S0,14.2297,20.8489,213000000.0,21690.0,-19.07
NGC 5520,Sb,14.2061,50.3486,91030000.0,26480.0,-19.03
NGC 5521,S0,14.2564,4.4086,559300000.0,48810.0,-21.67
NGC 5522,Sb,14.2472,15.1467,214400000.0,56120.0,-19.89
NGC 5523,Sc,14.2475,25.3183,69600000.0,47580.0,-18.74
NGC 5525,S0,14.2608,14.2822,258000000.0,56300.0,-20.69
NGC 5526-1,Sc,14.2314,57.7722,92550000.0,30960.0,-17.96
NGC 5526-2,Sc,14.2303,57.7697,92550000.0,10770.0,-17.06
NGC 5527,Sc,14.2408,36.4044,360000000.0,41890.0,-20.01
NGC 5528,Sb,14.2719,8.2931,325600000.0,66310.0,-20.1
NGC 5529,Sc,14.2594,36.2269,194900000.0,170000.0,-21.08
NGC 5530,SBc,14.3075,-43.3869,62560000.0,38220.0,-19.61
NGC 5531,S0,14.2786,10.8856,344300000.0,45060.0,-20.42
NGC 5532,S0,14.2811,10.8075,327900000.0,76300.0,-22.11
NGC 5532B,S0,14.2814,10.7986,307200000.0,13400.0,-19.07
NGC 5533,Sb,14.2686,35.3439,180600000.0,81410.0,-21.01
NGC 5534,SBb,14.2944,-7.4169,128500000.0,31770.0,-19.88
NGC 5535,E0,14.2919,8.2075,767000000.0,33470.0,-20.86
NGC 5536,SBa,14.2731,39.5022,268300000.0,46820.0,-20.08
NGC 5537,S0,14.2936,7.0547,383800000.0,55820.0,-20.15
NGC 5538,Sc,14.295,7.4761,305800000.0,35580.0,-19.46
NGC 5539,S0,14.2936,8.1786,768200000.0,44690.0,-21.46
NGC 5540,S0,14.2483,60.0108,485300000.0,56460.0,-20.96
NGC 5541-1,S0,14.2753,39.5883,350700000.0,40810.0,-21.56
NGC 5541-2,S0,14.2756,39.5919,350700000.0,20400.0,-19.66
NGC 5542,S0,14.2981,7.5586,344200000.0,25030.0,-19.92
NGC 5543,S0,14.3011,7.6542,315100000.0,22910.0,-19.42
NGC 5544,SBa,14.2839,36.5711,145300000.0,23250.0,-19.04
NGC 5545,Sc,14.2844,36.5747,145100000.0,21110.0,-17.44
NGC 5546,E0,14.3025,7.5639,337300000.0,63780.0,-21.67
NGC 5547,S0,14.1625,78.6017,516800000.0,45100.0,-21.2
NGC 5548,Sa,14.2997,25.1367,238600000.0,52050.0,-21.12
NGC 5549,S0,14.3106,7.3769,354300000.0,82450.0,-21.18
NGC 5550,Sb,14.3078,12.8833,340500000.0,59430.0,-20.99
NGC 5551,E0,14.315,5.4511,332300000.0,19330.0,-19.84
NGC 5552,S0,14.3175,7.0322,336200000.0,39120.0,-20.17
NGC 5553,Sa,14.3081,26.2872,209800000.0,39670.0,-19.14
NGC 5554,S0,14.3208,7.0211,334900000.0,34100.0,-19.86
NGC 5555,Sb,14.3133,-19.1392,483900000.0,70390.0,-20.16
NGC 5556,SBc,14.3428,-29.2414,72010000.0,42940.0,-19.32
NGC 5557,E1,14.3069,36.4936,129500000.0,45200.0,-21.09
NGC 5559,SBb,14.32,24.7989,239700000.0,48800.0,-19.43
NGC 5560,SBb,14.3344,3.9928,88050000.0,46100.0,-18.96
NGC 5561,E0,14.2894,58.7503,526200000.0,38270.0,-20.54
NGC 5562,S0,14.3364,10.2633,417900000.0,42550.0,-21.14
NGC 5563,S0,14.3369,7.0556,311100000.0,31670.0,-19.6
NGC 5566,SBb,14.3389,3.9331,78110000.0,74980.0,-20.39
NGC 5567,Sa,14.3214,35.1383,377200000.0,60340.0,-20.42
NGC 5568,Sc,14.3225,35.0922,375900000.0,43730.0,-19.61
NGC 5569,SBc,14.3422,3.9831,89960000.0,22240.0,-17.8
NGC 5570,Sa,14.2389,7.5156,343100000.0,79850.0,-20.81
NGC 5572,Sb,14.3264,36.1408,328400000.0,42990.0,-19.91
NGC 5573,S0,14.3447,6.9078,328300000.0,62070.0,-19.71
NGC 5574,S0,14.3486,3.2381,77950000.0,17010.0,-18.69
NGC 5575,S0,14.3497,6.2028,351800000.0,51170.0,-20.76
NGC 5576,E3,14.3508,3.2714,81860000.0,45240.0,-20.2
NGC 5577,Sc,14.3536,3.4364,76730000.0,35710.0,-18.46
NGC 5579,Sc,14.3406,35.1892,168700000.0,46620.0,-19.17
NGC 5581,S0,14.3544,23.48,203700000.0,23710.0,-18.88
NGC 5582,E0,14.3453,39.6939,100900000.0,41080.0,-19.95
NGC 5583,S0,14.3611,13.2322,233500000.0,27170.0,-19.97
NGC 5584,SBc,14.3731,-0.3881,84080000.0,41580.0,-19.86
NGC 5585,SBc,14.3297,56.7289,26300000.0,22180.0,-18.33
NGC 5587,Sa,14.3694,13.9175,113000000.0,42710.0,-18.9
NGC 5589,SBa,14.3567,35.2706,159200000.0,25470.0,-19.24
NGC 5590,S0,14.3606,35.205,152600000.0,39940.0,-20.05
NGC 5591-1,Sc,14.3758,13.7169,352100000.0,66570.0,-21.07
NGC 5591-2,Irr,14.3761,13.7172,352100000.0,51200.0,-20.17
NGC 5592,SBc,14.3983,-28.6883,169000000.0,36860.0,-20.07
NGC 5594,S0,14.3861,26.2664,497100000.0,79530.0,-20.91
NGC 5595,SBc,14.4036,-16.7225,120200000.0,41950.0,-20.13
NGC 5596,S0,14.3744,37.1228,148900000.0,23820.0,-18.7
NGC 5597,SBc,14.4075,-16.7633,127700000.0,38990.0,-20.26
NGC 5598,S0,14.3744,40.3203,251000000.0,58400.0,-20.33
NGC 5599,Sb,14.3972,6.5756,332400000.0,67690.0,-20.44
NGC 5600,Sc,14.3969,14.6386,113500000.0,23110.0,-20.01
NGC 5601,S0,14.3814,40.31,232900000.0,27100.0,-18.67
NGC 5602,Sa,14.3717,50.5028,104700000.0,22830.0,-18.93
NGC 5603,S0,14.3836,40.3778,257900000.0,41270.0,-20.49
NGC 5603B,Sc,14.3822,40.4169,244900000.0,71230.0,-19.28
NGC 5604,Sa,14.4117,-3.2119,133600000.0,36920.0,-19.36
NGC 5605,SBc,14.4186,-13.1636,160900000.0,35090.0,-20.46
NGC 5607,S0,14.3239,71.5881,338300000.0,44280.0,-21.08
NGC 5608,Irr,14.3881,41.7756,36670000.0,11730.0,-16.25
NGC 5609,S0,14.3967,34.8428,1316000000.0,76550.0,-21.53
NGC 5610,SBb,14.4064,24.6144,235500000.0,68510.0,-19.99
NGC 5611,S0,14.4011,33.0478,82190000.0,15540.0,-18.41
NGC 5612,Sb,14.5669,-78.3878,124000000.0,34260.0,-19.9
NGC 5613,SBa,14.4014,34.8925,397800000.0,28930.0,-20.23
NGC 5614,Sb,14.4019,34.8592,181400000.0,63340.0,-21.23
NGC 5615,S0,14.4017,34.8653,175900000.0,10230.0,-18.16
NGC 5616,SBc,14.4056,36.4614,383200000.0,117000.0,-20.75
NGC 5618,SBc,14.4531,-2.2628,329400000.0,76650.0,-20.82
NGC 5619,Sb,14.455,4.8031,384000000.0,122900.0,-21.65
NGC 5619C,Sc,14.4581,4.7797,365300000.0,42500.0,-20.15
NGC 5620,S0,14.3778,69.5953,406200000.0,29540.0,-20.28
NGC 5622,Sb,14.4367,48.5644,179300000.0,44330.0,-19.7
NGC 5623,E0,14.4522,33.2531,162100000.0,37730.0,-19.98
NGC 5624,S0,14.4431,51.5847,91030000.0,14560.0,-18.13
NGC 5625-1,Sc,14.4506,39.9575,339000000.0,59170.0,-20.28
NGC 5625-2,E0,14.45,39.9564,339000000.0,14790.0,-19.08
NGC 5626,Sa,14.4969,-29.7494,315400000.0,55050.0,-20.93
NGC 5627,S0,14.4761,11.3783,357400000.0,88370.0,-20.9
NGC 5628,E0,14.4736,17.925,260700000.0,41700.0,-19.81
NGC 5629,S0,14.4711,25.8492,246200000.0,64450.0,-21.29
NGC 5630,Irr,14.46,41.2581,110400000.0,35320.0,-19.05
NGC 5631,S0,14.4425,56.5831,90670000.0,22420.0,-19.82
NGC 5633,Sb,14.4578,46.1475,110400000.0,33720.0,-19.65
NGC 5635,Sb,14.4753,27.4092,201100000.0,67270.0,-20.25
NGC 5636,SBa,14.4942,3.2667,88180000.0,24370.0,-18.06
NGC 5637,Sc,14.4831,23.1908,242700000.0,31770.0,-19.76
NGC 5638,E1,14.4944,3.2333,83860000.0,32930.0,-19.85
NGC 5639,Sc,14.4794,30.4125,157900000.0,32160.0,-19.02
NGC 5639B,S0,14.4825,30.4064,369400000.0,16120.0,-19.07
NGC 5640,Sa,14.3444,80.1236,627000000.0,82080.0,-20.82
NGC 5641,SBb,14.4878,28.8217,202300000.0,70600.0,-20.66
NGC 5642,E0,14.4869,30.0272,202500000.0,53010.0,-20.06
NGC 5643,SBc,14.5444,-44.1744,55000000.0,37600.0,-20.23
NGC 5644,S0,14.5069,11.9281,349300000.0,71130.0,-21.35
NGC 5645,SBc,14.5108,7.2747,71340000.0,26980.0,-18.8
NGC 5646,SBb,14.4925,35.4619,389900000.0,85060.0,-20.39
NGC 5647,Sa,14.51,11.8772,323500000.0,51760.0,-19.88
NGC 5649,Sc,14.5089,14.0233,239000000.0,38230.0,-20.22
NGC 5652,SBc,14.5167,5.9783,344400000.0,100200.0,-21.62
NGC 5653,Sb,14.5028,31.2153,149100000.0,36860.0,-20.4
NGC 5654,SBa,14.5003,36.3603,412100000.0,89900.0,-21.51
NGC 5655,Sc,14.5142,13.9692,231600000.0,37060.0,-20.26
NGC 5656,Sb,14.5069,35.3214,198300000.0,54800.0,-21.22
NGC 5657,SBb,14.5119,29.1806,182400000.0,47760.0,-19.54
NGC 5659,Sb,14.5183,25.355,208500000.0,48520.0,-19.13
NGC 5660,SBc,14.4967,49.6225,109400000.0,42960.0,-20.23
NGC 5661,SBb,14.5325,6.2506,115300000.0,25160.0,-18.54
NGC 5663,S0,14.5656,-16.5806,299200000.0,60920.0,-19.51
NGC 5664,Sa,14.5619,-14.6194,202400000.0,23550.0,-18.96
NGC 5665,SBc,14.5403,8.0792,108900000.0,33260.0,-19.92
NGC 5665A,E0,14.5408,8.0786,97350000.0,2832.0,-16.37
NGC 5666,S0,14.5525,10.5108,109000000.0,14270.0,-18.92
NGC 5667,SBc,14.5061,59.4703,93130000.0,23030.0,-19.08
NGC 5668,Irr,14.5567,4.4506,80830000.0,35270.0,-19.77
NGC 5669,SBc,14.5456,9.8922,71200000.0,41420.0,-19.39
NGC 5670,S0,14.5933,-45.9667,137100000.0,29900.0,-20.12
NGC 5671,SBb,14.4617,69.6947,403800000.0,99850.0,-21.26
NGC 5672,Sb,14.5439,31.6703,167000000.0,19430.0,-19.35
NGC 5673,SBc,14.525,49.9586,146800000.0,51230.0,-19.67
NGC 5674,SBc,14.5644,5.4586,343100000.0,54900.0,-21.41
NGC 5675,SBb,14.5442,36.3025,193300000.0,78720.0,-20.06
NGC 5676,Sc,14.5461,49.4569,123100000.0,69830.0,-20.98
NGC 5677,Sc,14.57,25.4683,224400000.0,29370.0,-19.49
NGC 5678,SBb,14.5347,57.9231,98010000.0,47040.0,-20.19
NGC 5679,Sb,14.5856,5.3592,395800000.0,63330.0,-21.62
NGC 5679A,Sc,14.585,5.3564,330600000.0,38470.0,-20.53
NGC 5679C,E0,14.5864,5.3544,871000000.0,38010.0,-20.13
NGC 5679D,S0,14.585,5.3567,307200000.0,17870.0,-19.07
NGC 5680,S0,14.5956,-0.0133,393000000.0,51450.0,-20.3
NGC 5681,Sb,14.5953,8.3,350500000.0,45880.0,-20.86
NGC 5682,SBb,14.5792,48.6703,107500000.0,25010.0,-17.89
NGC 5683,SBa,14.5811,48.6625,483800000.0,28150.0,-19.76
NGC 5684,S0,14.5972,36.5436,189200000.0,41290.0,-20.22
NGC 5685,E0,14.6042,29.9083,468800000.0,81830.0,-21.19
NGC 5686,Sa,14.6006,36.5036,185200000.0,16160.0,-18.47
NGC 5687,S0,14.5811,54.4767,91000000.0,33090.0,-19.53
NGC 5688,SBc,14.6597,-45.0186,133400000.0,60130.0,-20.46
NGC 5689,SBa,14.5914,48.7417,101700000.0,48830.0,-19.67
NGC 5690,Sc,14.6281,2.2906,70760000.0,34990.0,-18.98
NGC 5691,SBa,14.6314,-0.3981,92500000.0,25560.0,-19.96
NGC 5692,S0,14.6383,3.41,83950000.0,10990.0,-18.45
NGC 5693,SBc,14.6031,48.5853,107200000.0,28060.0,-18.38
NGC 5695,SBa,14.6228,36.5678,195400000.0,42640.0,-20.29
NGC 5696,Sc,14.6158,41.8283,250500000.0,72870.0,-20.63
NGC 5697,Sb,14.6089,41.6853,247600000.0,39610.0,-19.7
NGC 5698,SBb,14.6206,38.4544,169500000.0,44370.0,-19.68
NGC 5699,E0,14.645,30.4658,934200000.0,54350.0,-21.48
NGC 5700,SBc,14.6169,48.5453,96040000.0,13970.0,-17.14
NGC 5701,SBa,14.6531,5.3636,77090000.0,48210.0,-20.07
NGC 5702,S0,14.6486,20.5067,250100000.0,40010.0,-20.02
NGC 5703,SBa,14.6472,30.4425,173200000.0,40290.0,-19.12
NGC 5704,Irr,14.6378,40.4578,127300000.0,29620.0,-19.06
NGC 5705,SBc,14.6636,-0.7183,111500000.0,48660.0,-18.77
NGC 5707-1,Sb,14.625,51.5622,103500000.0,37620.0,-19.11
NGC 5707-2,E0,14.6264,51.5836,103500000.0,4514.0,-15.71
NGC 5710,E0,14.6544,20.0436,412700000.0,72020.0,-21.51
NGC 5711,SBa,14.6561,19.9906,411100000.0,59780.0,-20.5
NGC 5712,S0,14.4947,78.8647,301800000.0,30730.0,-19.33
NGC 5713,SBc,14.6697,-0.29,71430000.0,30130.0,-19.9
NGC 5714,Sc,14.6367,46.6381,105500000.0,49110.0,-18.45
NGC 5716,SBc,14.6847,-17.4767,193700000.0,53510.0,-20.17
NGC 5717,S0,14.6436,46.6636,489200000.0,56920.0,-20.28
NGC 5718,S0,14.6783,3.4656,378800000.0,82640.0,-21.12
NGC 5719,SBb,14.6822,-0.3178,87650000.0,40790.0,-18.75
NGC 5720,Sb,14.6425,50.8153,351900000.0,107500.0,-20.46
NGC 5721,S0,14.6481,46.6744,481300000.0,21000.0,-19.94
NGC 5722,S0,14.6483,46.6661,476000000.0,20770.0,-20.12
NGC 5723,S0,14.6492,46.69,482600000.0,49140.0,-20.85
NGC 5724,E0,14.6506,46.6922,257100000.0,3740.0,-17.58
NGC 5725,SBc,14.6828,2.1856,82520000.0,14400.0,-17.62
NGC 5726,S0,14.7153,-18.4442,155300000.0,29370.0,-19.49
NGC 5727,Irr,14.6739,33.9889,73880000.0,24710.0,-17.47
NGC 5728,Sb,14.7067,-17.2522,98500000.0,45850.0,-20.2
NGC 5729,Sb,14.7017,-9.0097,91430000.0,34580.0,-18.84
NGC 5730,Irr,14.6644,42.7425,119100000.0,31170.0,-18.21
NGC 5731,Sc,14.6692,42.7792,117800000.0,27420.0,-18.69
NGC 5732,Sc,14.6772,38.6381,173700000.0,35370.0,-19.33
NGC 5733,Sc,14.7125,-0.3514,76050000.0,11060.0,-17.14
NGC 5734,S0,14.7525,-20.8703,192000000.0,41900.0,-20.05
NGC 5735,SBc,14.7092,28.7267,174700000.0,60990.0,-20.14
NGC 5736,Sa,14.725,11.2031,373200000.0,59710.0,-20.09
NGC 5737,SBb,14.72,18.8806,432900000.0,81860.0,-21.11
NGC 5738,S0,14.7322,1.6036,77390000.0,11260.0,-16.98
NGC 5739,SBa,14.7078,41.8431,254900000.0,85260.0,-21.26
NGC 5740,SBb,14.74,1.68,99480000.0,40510.0,-19.82
NGC 5741,E0,14.7642,-11.9136,346800000.0,55480.0,-20.53
NGC 5742,S0,14.76,-11.8097,187300000.0,35420.0,-19.3
NGC 5743,Sb,14.7528,-20.9131,187300000.0,38140.0,-20.0
NGC 5744,Sb,14.7772,-18.5133,269800000.0,39240.0,-20.39
NGC 5745-1,Sa,14.7503,-13.9467,320000000.0,79130.0,-20.66
NGC 5745-2,E0,14.7503,-13.9489,320000000.0,13960.0,-19.46
NGC 5745-3,E0,14.7492,-13.965,320000000.0,9310.0,-18.46
NGC 5746,SBb,14.7486,1.9561,104100000.0,112000.0,-21.22
NGC 5747,Sb,14.7389,12.1319,393900000.0,45830.0,-21.01
NGC 5748,S0,14.7514,21.9167,541800000.0,63040.0,-20.8
NGC 5750,SBa,14.7694,-0.2233,84390000.0,39280.0,-19.56
NGC 5751,Sc,14.7303,53.4006,149000000.0,32520.0,-19.4
NGC 5752,Sb,14.7539,38.7292,202600000.0,14730.0,-19.07
NGC 5753,S0,14.755,38.8064,426000000.0,37170.0,-19.78
NGC 5754,SBb,14.7553,38.7328,208000000.0,60520.0,-20.12
NGC 5755,SBa,14.7567,38.7803,434600000.0,82170.0,-21.32
NGC 5756,SBc,14.7925,-14.8533,96650000.0,39360.0,-19.26
NGC 5757,SBb,14.7961,-19.0778,128800000.0,39350.0,-20.18
NGC 5758,S0,14.7839,13.6678,403100000.0,64500.0,-20.46
NGC 5759,Irr,14.7872,13.4561,372200000.0,16240.0,-20.39
NGC 5760,Sa,14.795,18.5017,272200000.0,59390.0,-20.41
NGC 5761,S0,14.8189,-20.3756,124500000.0,25360.0,-19.51
NGC 5762,S0,14.8117,12.4572,47540000.0,10370.0,-16.82
NGC 5763,S0,14.8161,12.4906,629600000.0,36630.0,-21.43
NGC 5765,Sb,14.8475,5.1147,369500000.0,37620.0,-19.87
NGC 5765B,Sc,14.8472,5.1197,363500000.0,47580.0,-20.64
NGC 5766,SBc,14.8858,-21.3933,149900000.0,23980.0,-19.11
NGC 5767,SBb,14.8261,47.3761,344300000.0,45060.0,-20.12
NGC 5768,Sc,14.8686,-2.5303,96600000.0,25290.0,-18.86
NGC 5769,E0,14.8781,7.9325,469500000.0,40970.0,-20.39
NGC 5770,S0,14.8872,3.9608,61970000.0,15320.0,-18.19
NGC 5771,E0,14.8706,29.8458,311600000.0,36260.0,-20.3
NGC 5772,Sb,14.8606,40.5994,358800000.0,109600.0,-21.51
NGC 5773,Sa,14.875,29.8081,316200000.0,41390.0,-20.53
NGC 5774,SBc,14.895,3.5828,79050000.0,34490.0,-18.92
NGC 5775,SBc,14.8992,3.545,84040000.0,48890.0,-19.55
NGC 5776,S0,14.9089,2.9669,362600000.0,47470.0,-20.33
NGC 5777,Sb,14.8547,58.9778,98740000.0,44520.0,-18.3
NGC 5778,E0,14.9086,18.6428,782700000.0,136600.0,-21.6
NGC 5779,S0,14.8692,55.9,503700000.0,29300.0,-19.94
NGC 5780,Sb,14.9061,28.94,318600000.0,41700.0,-20.05
NGC 5781,SBb,14.9447,-17.2442,85130000.0,17330.0,-17.58
NGC 5782,S0,14.9319,11.8617,427300000.0,43500.0,-20.89
NGC 5784,S0,14.9044,42.5586,249100000.0,68840.0,-21.01
NGC 5785,SBc,14.8911,52.0767,108500000.0,45740.0,-19.01
NGC 5786,SBc,14.9822,-42.0144,85780000.0,28700.0,-20.1
NGC 5787,S0,14.9208,42.5072,250200000.0,36380.0,-20.32
NGC 5788,S0,14.8878,52.0447,489200000.0,42690.0,-20.18
NGC 5789,SBc,14.9431,30.2333,87380000.0,11440.0,-18.14
NGC 5790,Sa,14.9597,8.2853,497100000.0,65070.0,-21.01
NGC 5791,E6,14.9794,-19.2669,124500000.0,45290.0,-20.21
NGC 5792,SBb,14.9728,-1.0903,81410000.0,80510.0,-19.88
NGC 5793,Sb,14.99,-16.6933,164700000.0,40720.0,-19.22
NGC 5794,S0,14.9314,49.7258,191500000.0,27850.0,-19.44
NGC 5795,Sc,14.9386,49.3986,105700000.0,24610.0,-17.85
NGC 5796,E0,14.99,-16.6236,124500000.0,45290.0,-20.31
NGC 5797,Sa,14.9397,49.6956,182000000.0,42350.0,-20.03
NGC 5798,Irr,14.9603,29.9681,187000000.0,38080.0,-20.19
NGC 5799,Sa,15.0931,-72.4328,142300000.0,18620.0,-18.9
NGC 5801,Sb,15.0069,-13.9036,267600000.0,27240.0,-19.07
NGC 5802,S0,15.0081,-13.9183,333600000.0,43670.0,-19.85
NGC 5803,S0,15.0094,-13.8939,307200000.0,26810.0,-19.07
NGC 5804,SBb,14.9517,49.6686,187200000.0,32680.0,-19.89
NGC 5805,E0,14.9531,49.6286,549600000.0,31970.0,-20.13
NGC 5806,SBb,15.0,1.8908,69800000.0,32490.0,-19.15
NGC 5807,E0,14.93,63.9039,376500000.0,27380.0,-20.11
NGC 5808,SBc,14.9006,73.1319,324800000.0,42510.0,-20.69
NGC 5809,Sa,15.0144,-14.1653,125000000.0,25460.0,-18.42
NGC 5810,SBb,15.045,-17.8683,146800000.0,25620.0,-19.27
NGC 5811,Irr,15.0075,1.6233,76370000.0,11110.0,-17.15
NGC 5812,E0,15.0153,-7.4575,92360000.0,30900.0,-20.06
NGC 5813,E1,15.0197,1.7019,96750000.0,56290.0,-20.86
NGC 5814,Sb,15.0225,1.6372,466700000.0,61090.0,-21.08
NGC 5815,Sb,15.0081,-16.8339,135400000.0,15750.0,-17.99
NGC 5816,S0,15.0011,-16.0936,307200000.0,22340.0,-19.07
NGC 5817,S0,14.9944,-16.1806,233000000.0,30510.0,-19.07
NGC 5818,S0,14.9828,49.8219,349100000.0,60920.0,-20.35
NGC 5820,S0,14.9775,53.8858,152400000.0,288200.0,-20.04
NGC 5821,S0,14.9831,53.9233,154400000.0,31440.0,-18.78
NGC 5826,S0,15.1092,55.4792,36050000.0,6291.0,-14.82
NGC 5827,S0,15.0314,25.9642,300800000.0,48130.0,-21.02
NGC 5828,Sc,15.0125,49.9933,181200000.0,15810.0,-19.42
NGC 5828A,Sb,15.0125,49.9831,179100000.0,7814.0,-16.8
NGC 5829,Sc,15.045,23.3333,261300000.0,64620.0,-20.72
NGC 5830,Sb,15.0308,47.8758,386100000.0,56150.0,-20.27
NGC 5831,E3,15.0683,1.22,90030000.0,27500.0,-19.7
NGC 5832,SBb,14.9625,71.6814,21480000.0,11250.0,-16.09
NGC 5833,Sc,15.1983,-72.8589,108900000.0,33270.0,-19.82
NGC 5835,Sa,15.0403,48.8781,354700000.0,56750.0,-19.88
NGC 5836,SBb,14.9919,73.8931,317700000.0,55450.0,-20.24
NGC 5837,SBc,15.0778,12.6339,381400000.0,55480.0,-20.84
NGC 5838,S0,15.0906,2.0989,69380000.0,42380.0,-19.74
NGC 5839,S0,15.0908,1.6344,73710000.0,13940.0,-18.07
NGC 5842,E0,15.0811,21.0703,458900000.0,26700.0,-20.44
NGC 5843,SBb,15.1242,-36.3283,184800000.0,51060.0,-20.67
NGC 5845,E0,15.1,1.6336,81540000.0,8302.0,-18.49
NGC 5846,E0,15.1081,1.6053,84040000.0,48890.0,-20.95
NGC 5846A,S0,15.1081,1.5944,108500000.0,7894.0,-18.81
NGC 5847,Sc,15.1061,6.3797,495800000.0,50480.0,-20.21
NGC 5848,Sa,15.1094,2.005,56060000.0,8968.0,-16.38
NGC 5849,S0,15.1139,-14.5711,319000000.0,41760.0,-20.05
NGC 5850,SBb,15.1186,1.5442,122200000.0,79970.0,-21.27
NGC 5851,Sc,15.1147,12.8581,297000000.0,43200.0,-19.8
NGC 5852,S0,15.1156,12.8475,307700000.0,49230.0,-20.37
NGC 5853,SBb,15.0981,39.5228,395700000.0,86320.0,-20.92
NGC 5854,SBa,15.1297,2.5686,85550000.0,33600.0,-19.29
NGC 5855,E0,15.13,3.9847,469500000.0,27310.0,-20.59
NGC 5857,SBb,15.1242,19.5983,216200000.0,37730.0,-20.31
NGC 5858,E6,15.1469,-11.2081,93880000.0,20480.0,-18.5
NGC 5859,SBc,15.1261,19.5819,219600000.0,95810.0,-20.84
NGC 5860,S0,15.1092,42.6419,245800000.0,32170.0,-20.19
NGC 5861,SBc,15.1544,-11.3222,79580000.0,34730.0,-19.64
NGC 5862,E0,15.1008,55.5744,389100000.0,28290.0,-19.48
NGC 5863,SBa,15.18,-18.4311,197000000.0,40110.0,-20.4
NGC 5864,S0,15.1592,3.0533,89920000.0,36620.0,-19.3
NGC 5865,S0,15.1636,0.5303,530400000.0,84850.0,-20.96
M 102,Sa,15.1081,55.7636,43820000.0,41420.0,-19.84
NGC 5866A,E0,15.0878,55.8275,25370000.0,1845.0,-12.95
NGC 5866B,SBc,15.2019,55.7853,40900000.0,16060.0,-15.29
NGC 5867,E0,15.1067,55.7317,551000000.0,16030.0,-19.64
NGC 5869,S0,15.1636,0.4703,81220000.0,27170.0,-19.08
NGC 5872,S0,15.1819,-11.4794,331600000.0,72330.0,-20.24
NGC 5874,SBc,15.1308,54.7528,156900000.0,52480.0,-20.21
NGC 5875,Sb,15.1536,52.5281,160900000.0,53840.0,-20.17
NGC 5875A,S0,15.1425,52.2961,109900000.0,7990.0,-18.44
NGC 5876,SBb,15.1586,54.5064,149300000.0,52110.0,-19.6
NGC 5878,Sb,15.2292,-14.2703,94910000.0,48320.0,-19.82
NGC 5879,Sc,15.1628,57.0006,48120000.0,29400.0,-18.64
NGC 5880,S0,15.2503,-14.5783,330900000.0,33690.0,-19.73
NGC 5881,S0,15.1056,62.9806,294800000.0,34300.0,-20.58
NGC 5883,S0,15.2528,-14.6164,328300000.0,42970.0,-20.41
NGC 5885,SBc,15.2511,-10.0858,97450000.0,49610.0,-19.88
NGC 5886,S0,15.2125,41.2339,369300000.0,48340.0,-20.27
NGC 5887,Sa,15.2453,1.1547,389100000.0,67900.0,-20.58
NGC 5888,SBc,15.2186,41.2644,394500000.0,74590.0,-21.21
NGC 5889,SBb,15.2208,41.3278,572000000.0,74870.0,-20.02
NGC 5890,Sa,15.2975,-17.5886,94420000.0,17850.0,-18.61
NGC 5891,Sc,15.2703,-11.4939,141400000.0,16460.0,-18.19
NGC 5892,SBc,15.23,-15.4642,110400000.0,57790.0,-19.95
NGC 5893,SBb,15.2261,41.9592,244800000.0,42720.0,-20.38
NGC 5894,Irr,15.1944,59.8086,156800000.0,68420.0,-20.11
NGC 5895,Sc,15.2306,42.0078,238200000.0,31190.0,-19.32
NGC 5896,S0,15.2306,42.025,864500000.0,37720.0,-21.12
NGC 5898,E0,15.3036,-24.0975,99110000.0,38920.0,-20.01
NGC 5899,SBc,15.2508,42.0497,119100000.0,57170.0,-20.31
NGC 5900,Sb,15.2514,42.2094,116800000.0,28890.0,-17.87
NGC 5902,S0,15.2394,50.3303,490500000.0,78480.0,-21.89
NGC 5903,E2,15.31,-24.0683,108500000.0,42620.0,-20.41
NGC 5905,SBb,15.2564,55.5178,154200000.0,89720.0,-20.47
NGC 5907,Sc,15.2647,56.3303,66040000.0,121000.0,-20.43
NGC 5908,Sb,15.2786,55.4094,150600000.0,72290.0,-20.52
NGC 5909,Sc,15.1908,75.3844,314800000.0,50360.0,-20.12
NGC 5910-1,S0,15.3233,20.8961,552800000.0,56280.0,-21.55
NGC 5910-2,E0,15.3233,20.8914,552800000.0,32160.0,-19.95
NGC 5911,Sa,15.3383,3.5189,489200000.0,56920.0,-20.98
NGC 5912,S0,15.1944,75.3847,323100000.0,56400.0,-20.18
NGC 5913,SBa,15.3486,-2.5783,87130000.0,20280.0,-17.73
NGC 5914,Sb,15.3119,41.8653,239600000.0,27870.0,-19.13
NGC 5914B-1,S0,15.3125,41.8906,992800000.0,43320.0,-20.62
NGC 5914B-2,Sb,15.3128,41.8867,992800000.0,101100.0,-20.92
NGC 5915,SBb,15.3592,-13.0917,109800000.0,25560.0,-19.54
NGC 5916,SBa,15.3603,-13.1692,99040000.0,40330.0,-18.21
NGC 5916A,SBc,15.3536,-13.1008,110100000.0,17610.0,-17.54
NGC 5917,Sb,15.3589,-7.3775,84690000.0,19710.0,-18.07
NGC 5918,Sc,15.3236,45.8803,234600000.0,64830.0,-20.38
NGC 5919,E0,15.36,7.7197,586000000.0,25570.0,-19.37
NGC 5920,S0,15.3642,7.7089,591700000.0,94670.0,-21.59
NGC 5921,SBc,15.3656,5.0703,73430000.0,51270.0,-20.26
NGC 5923,SBc,15.3539,41.7264,252900000.0,66200.0,-20.75
NGC 5924,Sa,15.3672,31.2325,428300000.0,49830.0,-20.09
NGC 5926,S0,15.3903,12.7158,283100000.0,32940.0,-19.99
NGC 5928,S0,15.4339,18.0736,198000000.0,63370.0,-20.42
NGC 5929,Sb,15.435,41.6711,118300000.0,15480.0,-18.7
NGC 5930,SBb,15.4356,41.6758,123600000.0,16170.0,-19.89
NGC 5931,S0,15.4914,7.5731,578500000.0,84140.0,-21.24
NGC 5932,S0,15.4467,48.615,505000000.0,58760.0,-20.65
NGC 5933,S0,15.4503,48.6139,481300000.0,35000.0,-20.04
NGC 5934,S0,15.47,42.9297,253800000.0,47980.0,-19.75
NGC 5935,S0,15.4711,42.9447,238200000.0,24260.0,-18.62
NGC 5936,SBb,15.5,12.9889,185100000.0,37700.0,-20.67
NGC 5937,Sb,15.5128,-2.8292,130200000.0,35970.0,-19.9
NGC 5938,SBc,15.6072,-66.8592,89700000.0,36530.0,-20.5
NGC 5939,Sc,15.4125,68.7297,297800000.0,38990.0,-20.9
NGC 5940,SBb,15.5217,7.4575,461600000.0,53710.0,-21.25
NGC 5941,S0,15.5278,7.3389,482000000.0,28040.0,-20.95
NGC 5942,S0,15.5267,7.3122,459100000.0,26710.0,-20.44
NGC 5943,S0,15.4956,42.7786,253100000.0,47850.0,-19.65
NGC 5944,Sc,15.5297,7.3081,454800000.0,52920.0,-19.92
NGC 5945,SBb,15.4956,42.9192,250200000.0,105500.0,-20.62
NGC 5947,SBc,15.51,42.7175,263600000.0,46000.0,-20.04
NGC 5949,Sc,15.4667,64.7631,49060000.0,15700.0,-17.99
NGC 5950,Sb,15.525,40.4306,116300000.0,25370.0,-18.16
NGC 5951,SBc,15.5619,15.0075,94200000.0,49320.0,-18.7
NGC 5952,S0,15.5822,4.9594,518100000.0,30140.0,-20.8
NGC 5953,Sa,15.5756,15.1942,93970000.0,21870.0,-19.4
NGC 5954,SBc,15.5761,15.2011,93620000.0,14980.0,-19.39
NGC 5955,SBb,15.5867,5.0633,437300000.0,57240.0,-19.94
NGC 5956,Sc,15.5828,11.7503,91030000.0,21180.0,-19.03
NGC 5957,SBb,15.5897,12.0478,87780000.0,35750.0,-19.25
NGC 5958,Sc,15.5803,28.6553,94600000.0,13760.0,-18.91
NGC 5959,E0,15.6228,-16.5961,319000000.0,92790.0,-20.35
NGC 5960,Sc,15.605,5.6658,526000000.0,53550.0,-20.94
NGC 5961,Sb,15.5878,30.8642,86220000.0,10030.0,-17.71
NGC 5962,Sc,15.6086,16.6078,93310000.0,40710.0,-20.28
NGC 5963,Sc,15.5575,56.56,31770000.0,15250.0,-16.94
NGC 5964,SBc,15.6267,5.9736,71120000.0,42410.0,-18.79
NGC 5965-1,Sb,15.5672,56.6856,154500000.0,116900.0,-20.68
NGC 5965-2,S0,15.5647,56.6911,154500000.0,6743.0,-17.28
NGC 5966,E0,15.5978,39.7692,205900000.0,53890.0,-20.7
NGC 5967,SBc,15.8044,-75.6731,114200000.0,44830.0,-20.02
NGC 5967A,SBc,15.7828,-75.7869,121500000.0,35330.0,-19.55
NGC 5968,SBb,15.6658,-30.5531,234600000.0,71670.0,-21.18
NGC 5969,S0,15.5806,56.4514,523400000.0,38060.0,-20.43
NGC 5970,SBc,15.6417,12.1864,96220000.0,41980.0,-20.15
NGC 5971,Sa,15.5933,56.4619,150400000.0,35000.0,-18.62
NGC 5972,Sa,15.6483,17.0261,396800000.0,57710.0,-20.73
NGC 5973,Sa,15.6708,-8.6008,162600000.0,21280.0,-18.19
NGC 5974,Sc,15.6506,31.7597,89650000.0,7824.0,-17.5
NGC 5975,Sc,15.6661,21.4706,201200000.0,29270.0,-19.05
NGC 5976,S0,15.6131,59.3983,136000000.0,15820.0,-17.3
NGC 5976A,SBb,15.6019,59.5667,136000000.0,19780.0,-17.7
NGC 5977,S0,15.6758,17.1286,360100000.0,62850.0,-20.31
NGC 5978,Sa,15.7075,-13.2339,323700000.0,37670.0,-20.08
NGC 5980,Sc,15.6917,15.7875,181800000.0,50250.0,-20.33
NGC 5981,Sc,15.6314,59.3914,116100000.0,45610.0,-18.86
NGC 5982,E3,15.6444,59.3561,151200000.0,57180.0,-21.33
NGC 5983,E0,15.7125,8.2417,544400000.0,79180.0,-21.21
NGC 5984,SBc,15.7147,14.2322,67510000.0,28470.0,-18.28
NGC 5985,SBb,15.6603,59.3319,112000000.0,89560.0,-20.78
NGC 5987,Sb,15.6656,58.0797,132800000.0,81140.0,-20.35
NGC 5988,Sc,15.7425,10.2931,468500000.0,81770.0,-20.89
NGC 5989,Sc,15.6922,59.755,128000000.0,16750.0,-19.27
NGC 5990,Sa,15.7711,2.4156,157500000.0,36660.0,-20.22
NGC 5991,S0,15.7544,24.6311,301800000.0,43900.0,-20.03
NGC 5992,Sb,15.7392,41.0858,426100000.0,55770.0,-21.28
NGC 5993,SBb,15.7408,41.1208,429900000.0,75020.0,-21.6
NGC 5994,SBc,15.7814,17.8731,151900000.0,8837.0,-17.74
NGC 5995,Sa,15.8067,-13.7572,334800000.0,43830.0,-20.56
NGC 5996,Sc,15.7828,17.8839,152500000.0,37710.0,-20.15
NGC 5997,E0,15.7908,8.3217,545700000.0,39690.0,-20.92
NGC 6000,SBc,15.8303,-29.3869,114800000.0,31730.0,-19.73
NGC 6001,Sc,15.7958,28.6417,448500000.0,65240.0,-21.29
NGC 6003,S0,15.8236,19.0325,186000000.0,24350.0,-19.38
NGC 6004,SBc,15.8394,18.9394,175600000.0,45960.0,-20.35
NGC 6006,E0,15.8839,12.0058,467600000.0,40800.0,-20.58
NGC 6007,SBc,15.8897,11.9597,475300000.0,117500.0,-22.02
NGC 6008,SBb,15.8819,21.1011,221700000.0,45150.0,-20.16
NGC 6008B,S0,15.8856,21.0758,226900000.0,23100.0,-18.91
NGC 6009,S0,15.89,12.0583,466800000.0,33950.0,-20.48
NGC 6010,Sa,15.905,0.5431,90720000.0,26390.0,-18.82
NGC 6011,Sb,15.7756,72.1692,341300000.0,99290.0,-20.8
NGC 6012,SBb,15.9036,14.6022,88090000.0,26910.0,-19.46
NGC 6013,SBb,15.8811,40.6467,203500000.0,41430.0,-19.57
NGC 6014,S0,15.9325,5.9317,115800000.0,28630.0,-19.25
NGC 6015,Sc,15.8569,62.3086,59840000.0,47000.0,-19.62
NGC 6016,SBc,15.9317,26.9672,293300000.0,42660.0,-19.67
NGC 6017,S0,15.9542,5.9989,97200000.0,11310.0,-18.37
NGC 6018,Sa,15.9581,15.8728,236000000.0,48050.0,-20.0
NGC 6019,E0,15.8692,64.8408,478700000.0,27850.0,-20.13
NGC 6020,E0,15.9522,22.405,236100000.0,48080.0,-20.5
NGC 6021,E0,15.9583,15.9564,215900000.0,43970.0,-20.0
NGC 6022,SBc,15.9631,16.2828,478600000.0,48730.0,-20.33
NGC 6023,E0,15.9636,16.3106,501100000.0,102000.0,-21.63
NGC 6024,S0,15.8853,64.9183,402300000.0,40950.0,-20.16
NGC 6027A,Sa,15.9864,20.7556,191400000.0,19490.0,-19.14
NGC 6027B,Sa,15.9861,20.7625,183400000.0,10670.0,-18.65
NGC 6027C,Sc,15.9864,20.7478,204100000.0,14840.0,-17.98
NGC 6027D,S0,15.9869,20.7603,887200000.0,25810.0,-20.87
NGC 6027E,S0,15.9867,20.7639,186900000.0,27180.0,-19.59
NGC 6029,E0,16.0328,12.5747,436600000.0,76190.0,-20.13
NGC 6030,S0,16.0308,17.9575,202500000.0,35340.0,-20.16
NGC 6032,SBb,16.0503,20.9558,199000000.0,46300.0,-19.63
NGC 6033,Sc,16.0742,-2.1203,411500000.0,65830.0,-20.1
NGC 6034,E0,16.0589,17.1986,456900000.0,66460.0,-21.13
NGC 6035,SBc,16.0567,20.8908,103400000.0,13530.0,-18.2
NGC 6036,Sa,16.075,3.8681,250600000.0,40100.0,-20.33
NGC 6037,Sb,16.0747,3.8156,263700000.0,26850.0,-19.54
NGC 6038,Sc,16.0444,37.3594,487500000.0,78000.0,-21.57
NGC 6040A,SBc,16.0739,17.75,552800000.0,104500.0,-21.55
NGC 6040B,S0,16.0739,17.7419,566400000.0,65900.0,-20.7
NGC 6041A,S0,16.0764,17.7214,471100000.0,89080.0,-21.4
NGC 6041B,S0,16.0764,17.7172,506700000.0,29480.0,-19.36
NGC 6042,S0,16.0775,17.7003,474900000.0,55260.0,-20.92
NGC 6043A,S0,16.0836,17.7758,443200000.0,45120.0,-20.27
NGC 6043B,E0,16.0833,17.7733,411500000.0,17950.0,-19.3
NGC 6044,S0,16.0831,17.8703,447000000.0,39010.0,-20.38
NGC 6045A,SBc,16.0856,17.7581,193800000.0,36650.0,-19.07
NGC 6045B,S0,16.0861,17.7583,414100000.0,24090.0,-19.02
NGC 6046,Sa,16.0247,19.3594,203800000.0,38530.0,-19.58
NGC 6047,E0,16.0858,17.7297,425600000.0,68090.0,-20.88
NGC 6048,E0,15.9583,70.6889,343900000.0,110000.0,-21.81
NGC 6050A,SBc,16.0897,17.7572,193800000.0,25370.0,-19.07
NGC 6050B,SBc,16.0894,17.7544,491800000.0,28610.0,-19.79
NGC 6051,E0,16.0822,23.9322,406900000.0,94690.0,-21.28
NGC 6053,E0,16.0942,18.1647,469500000.0,40970.0,-20.09
NGC 6054,S0,16.0939,17.7675,451500000.0,52530.0,-20.41
NGC 6055,S0,16.0922,18.1594,506800000.0,73710.0,-20.96
NGC 6056,SBa,16.0919,17.9628,524900000.0,68710.0,-21.03
NGC 6060,SBc,16.0978,21.4844,201800000.0,58700.0,-19.86
NGC 6061,S0,16.1044,18.25,504100000.0,73320.0,-21.35
NGC 6062,SBc,16.1061,19.7769,526100000.0,91830.0,-21.84
NGC 6062B,Sc,16.1053,19.7628,336900000.0,19600.0,-19.07
NGC 6063,Sc,16.1203,7.9794,165700000.0,40970.0,-19.63
NGC 6064-1,Sc,16.0867,20.5419,168800000.0,22100.0,-19.07
NGC 6064-2,Irr,16.0869,20.5422,229100000.0,26660.0,-20.13
NGC 6065,S0,16.1228,13.8883,451000000.0,52480.0,-20.7
NGC 6066,S0,16.1264,13.9442,456300000.0,46460.0,-20.83
NGC 6068,SBc,15.9236,78.9967,176500000.0,25680.0,-20.47
NGC 6068A,S0,15.9131,78.9856,177500000.0,23240.0,-18.68
NGC 6069,S0,16.1281,38.9314,511600000.0,59520.0,-20.68
NGC 6070,Sc,16.1661,0.71,87410000.0,45770.0,-19.64
NGC 6070A,S0,16.1692,0.765,255500000.0,22300.0,-19.07
NGC 6070B,E0,16.17,0.7836,556200000.0,32360.0,-20.36
NGC 6071,S0,16.035,70.4172,334900000.0,48710.0,-20.06
NGC 6073,Sc,16.1694,16.7,210900000.0,39880.0,-19.75
NGC 6074-1,S0,16.1881,14.2586,244000000.0,14200.0,-19.07
NGC 6074-2,E0,16.1878,14.255,912100000.0,79600.0,-20.13
NGC 6075,S0,16.1894,23.965,424700000.0,55590.0,-20.37
NGC 6076-1,E0,16.1867,26.8719,416900000.0,24250.0,-20.13
NGC 6076-2,E0,16.1869,26.8736,416900000.0,24250.0,-20.13
NGC 6077,E0,16.1872,26.9239,430700000.0,75160.0,-20.8
NGC 6078,E0,16.2014,14.2094,415400000.0,30210.0,-19.33
NGC 6079,E0,16.0744,69.6661,336100000.0,68430.0,-21.36
NGC 6080,Sb,16.2161,2.1778,335200000.0,58500.0,-20.86
NGC 6081,S0,16.2156,9.8678,229800000.0,60170.0,-19.74
NGC 6083,Sb,16.22,14.1861,410200000.0,41760.0,-20.1
NGC 6084,Sb,16.2378,17.7581,408300000.0,59380.0,-20.59
NGC 6085,Sa,16.2097,29.3656,451700000.0,98540.0,-21.31
NGC 6086,E0,16.2097,29.485,489600000.0,121100.0,-21.98
NGC 6088A,Sc,16.1783,57.4661,336900000.0,34300.0,-19.07
NGC 6088B,S0,16.1789,57.4619,307200000.0,31280.0,-19.07
NGC 6089-1,Sa,16.2111,33.0353,424700000.0,55590.0,-20.57
NGC 6089-2,E0,16.2114,33.0383,424700000.0,18530.0,-20.07
NGC 6090,Sb,16.1944,52.4578,392900000.0,137200.0,-20.9
NGC 6091,S0,16.1311,69.9053,305800000.0,35580.0,-19.86
NGC 6094,S0,16.1092,72.495,338300000.0,88580.0,-20.28
NGC 6095,S0,16.1864,61.2681,412700000.0,108000.0,-21.81
NGC 6096,Sb,16.2461,26.5594,440000000.0,57590.0,-20.45
NGC 6097,Sa,16.2406,35.1092,441800000.0,70680.0,-20.86
NGC 6098,E0,16.2594,19.4617,551500000.0,80220.0,-21.84
NGC 6099,E0,16.2597,19.4539,564900000.0,106800.0,-20.99
NGC 6100,Sa,16.2811,0.8411,217600000.0,56960.0,-19.82
NGC 6102,Sc,16.26,28.1589,338200000.0,59020.0,-19.98
NGC 6103,Sc,16.2622,31.9639,420800000.0,42840.0,-21.05
NGC 6104,SBa,16.275,35.7075,375900000.0,43740.0,-21.11
NGC 6105,SBa,16.2858,34.8794,388100000.0,33860.0,-19.68
NGC 6106,Sc,16.3131,7.4111,81940000.0,28600.0,-19.1
NGC 6107,E0,16.2889,34.9022,402800000.0,87880.0,-20.66
NGC 6108,SBb,16.2903,35.1358,408600000.0,65380.0,-20.19
NGC 6109,S0,16.2944,35.0042,402800000.0,58580.0,-21.46
NGC 6110,Sb,16.2953,35.0875,403500000.0,35210.0,-19.86
NGC 6111,E0,16.2394,63.2614,130200000.0,13260.0,-17.81
NGC 6112,E0,16.3,35.1108,417600000.0,60740.0,-20.14
NGC 6113,S0,16.3194,14.1336,395700000.0,51790.0,-20.32
NGC 6114,Sc,16.3064,35.1744,389600000.0,68000.0,-20.19
NGC 6116,Sb,16.315,35.1539,394500000.0,126200.0,-20.31
NGC 6117,Sc,16.3217,37.0953,384100000.0,67040.0,-20.85
NGC 6117B,Sc,16.3225,37.0689,383800000.0,33490.0,-20.65
NGC 6118,Sc,16.3633,-2.2836,84620000.0,57840.0,-19.67
NGC 6119,Sc,16.3283,37.8067,407500000.0,41490.0,-19.48
NGC 6120,Irr,16.33,37.7742,410700000.0,59740.0,-21.0
NGC 6122,S0,16.3358,37.7986,445800000.0,58350.0,-20.08
NGC 6123,Sa,16.2886,61.9392,178100000.0,20720.0,-19.09
NGC 6125,E0,16.3197,57.9847,206100000.0,41970.0,-21.0
NGC 6126,S0,16.3575,36.3772,437000000.0,63560.0,-21.03
NGC 6129,S0,16.3619,37.9964,444000000.0,51670.0,-20.67
NGC 6130,SBc,16.3258,57.615,226500000.0,32940.0,-20.01
NGC 6131,SBc,16.3644,38.9367,231500000.0,33670.0,-20.46
NGC 6131B,S0,16.3667,38.9158,231600000.0,13470.0,-18.76
NGC 6132,Sb,16.3939,11.7867,224400000.0,48950.0,-19.49
NGC 6135,S0,16.24,64.9833,162600000.0,21280.0,-18.49
NGC 6136,Sc,16.3497,55.9703,415400000.0,54380.0,-20.03
NGC 6137,E0,16.3842,37.9225,416500000.0,115100.0,-21.43
NGC 6137B,Sa,16.3831,37.9492,426000000.0,30980.0,-19.98
NGC 6138,E0,17.3775,41.1022,394700000.0,63150.0,-20.91
NGC 6140,SBc,16.3492,65.39,40680000.0,37280.0,-18.58
NGC 6141,S0,16.385,40.8583,397000000.0,17320.0,-19.63
NGC 6142,Sb,16.3892,37.2583,452700000.0,131700.0,-21.11
NGC 6143,SBc,16.3617,55.0864,232400000.0,33810.0,-20.36
NGC 6145,Sc,16.4172,40.9464,381300000.0,44370.0,-20.24
NGC 6146,E0,16.4194,40.8925,281300000.0,53190.0,-21.18
NGC 6147,Sb,16.4181,40.9289,385100000.0,22400.0,-19.36
NGC 6148,S0,16.4511,24.0928,678100000.0,59170.0,-19.69
NGC 6149,S0,16.4567,19.5975,106400000.0,17020.0,-17.97
NGC 6150,E0,16.4303,40.4889,386200000.0,73030.0,-20.37
NGC 6150B,S0,16.4289,40.4756,422000000.0,30690.0,-20.26
NGC 6154,SBa,16.425,49.8403,269100000.0,82190.0,-20.88
NGC 6155,Sc,16.4356,48.3675,109300000.0,20670.0,-19.53
NGC 6156,SBc,16.5811,-60.6192,147700000.0,34370.0,-20.98
NGC 6157,S0,16.43,55.3611,410200000.0,35790.0,-20.0
NGC 6158,S0,16.4611,39.3833,506900000.0,66350.0,-21.16
NGC 6159,S0,16.4569,42.6803,415300000.0,84560.0,-19.72
NGC 6160,E0,16.4614,40.9275,281300000.0,73650.0,-20.38
NGC 6161,Sc,16.4722,32.8103,451800000.0,59140.0,-20.11
NGC 6162,S0,16.4728,32.8497,500000000.0,65450.0,-21.33
NGC 6163,S0,16.4742,32.8469,467500000.0,40790.0,-20.38
NGC 6166,E0,16.4772,39.5514,506900000.0,140100.0,-23.06
NGC 6166A,S0,16.4753,39.5211,397000000.0,17320.0,-19.43
NGC 6166B,S0,16.4814,39.5608,389500000.0,22660.0,-19.59
NGC 6166C,E0,16.4731,39.5706,389100000.0,22630.0,-19.88
NGC 6166D,S0,16.4775,39.5189,333600000.0,19410.0,-19.25
NGC 6168,Irr,16.5225,20.185,114700000.0,23360.0,-18.03
NGC 6170,S0,16.46,59.5631,407500000.0,41490.0,-20.68
NGC 6172,E0,16.3694,-1.5142,220800000.0,25690.0,-20.35
NGC 6173,E0,16.4958,40.8111,281300000.0,77740.0,-21.48
NGC 6175-1,S0,16.4992,40.6303,390400000.0,73810.0,-20.69
NGC 6175-2,E0,16.4994,40.6281,390400000.0,34070.0,-20.39
NGC 6177,SBb,16.5106,35.0556,416300000.0,102900.0,-21.03
NGC 6179,E0,16.5128,35.1028,495800000.0,28840.0,-19.61
NGC 6180,E0,16.5092,40.5397,407400000.0,53330.0,-20.38
NGC 6181,SBc,16.5389,19.8256,114200000.0,41510.0,-20.22
NGC 6182,Sa,16.4925,55.5178,235100000.0,47870.0,-19.79
NGC 6183,Sa,16.6947,-69.3725,219900000.0,57560.0,-21.04
NGC 6184,Sb,16.5261,40.5656,367400000.0,42750.0,-20.16
NGC 6185,Sa,16.5547,35.3422,460300000.0,80340.0,-21.35
NGC 6186,SBa,16.5736,21.5414,507900000.0,110800.0,-21.96
NGC 6187,S0,16.5267,57.7072,243500000.0,14170.0,-18.97
NGC 6189,SBc,16.5278,59.6267,246300000.0,68060.0,-21.09
NGC 6190,Sc,16.535,58.4392,149900000.0,30520.0,-20.11
NGC 6194,S0,16.6103,36.2006,412800000.0,60040.0,-20.71
NGC 6195,Sb,16.6089,39.0283,402200000.0,87740.0,-21.55
NGC 6196,S0,16.6314,36.0731,421100000.0,122500.0,-21.55
NGC 6197,SBa,16.6331,35.9958,436500000.0,82540.0,-20.13
NGC 6198,E0,16.5917,57.4872,235600000.0,34270.0,-19.39
NGC 6201,E0,16.6706,23.7653,470800000.0,27390.0,-20.3
NGC 6203,S0,16.6742,23.7753,481300000.0,42000.0,-20.44
NGC 6206,S0,16.6686,58.6172,223600000.0,22770.0,-19.68
NGC 6207,Sc,16.7175,36.8319,38810000.0,16930.0,-18.28
NGC 6209,Sc,16.9158,-72.5867,266400000.0,77500.0,-21.96
NGC 6211,S0,16.6908,57.7839,264700000.0,61600.0,-20.95
NGC 6212,E0,16.7231,39.8072,408600000.0,35660.0,-20.29
NGC 6213,Sa,16.6936,57.815,238200000.0,24260.0,-18.62
NGC 6214,Sc,16.6586,66.0397,338400000.0,49220.0,-20.78
NGC 6215,Sc,16.8519,-58.9931,71830000.0,22980.0,-19.91
NGC 6215A,Sb,16.88,-58.9469,131200000.0,28630.0,-18.82
NGC 6217,SBc,16.5439,78.1992,59710000.0,26050.0,-19.51
NGC 6219,S0,16.7728,9.0383,419400000.0,42700.0,-20.35
NGC 6220,Sb,16.7869,-0.275,309800000.0,76590.0,-20.19
NGC 6221,SBc,16.8794,-59.2183,28490000.0,14500.0,-18.91
NGC 6223,S0,16.7178,61.5786,256200000.0,130400.0,-21.77
NGC 6224,S0,16.805,6.3122,402000000.0,58480.0,-20.65
NGC 6225,S0,16.8058,6.2231,434300000.0,56850.0,-20.72
NGC 6226,S0,16.7231,61.9836,249100000.0,28990.0,-20.41
NGC 6228,Sb,16.8006,26.2128,457800000.0,73240.0,-20.64
NGC 6230,E0,16.8461,4.6044,417300000.0,48560.0,-20.03
NGC 6232,SBa,16.7219,70.6325,197100000.0,43010.0,-20.51
NGC 6233,S0,16.8375,23.5803,479900000.0,97710.0,-20.84
NGC 6234,E0,16.8658,4.3842,422000000.0,24550.0,-20.16
NGC 6236,SBc,16.7428,70.78,56230000.0,23720.0,-18.58
NGC 6238,Sc,16.7875,62.1475,262100000.0,22870.0,-19.92
NGC 6239,SBb,16.8347,42.7397,41390000.0,14450.0,-17.62
NGC 6240,E0,16.8828,2.4031,326400000.0,99700.0,-21.2
NGC 6241,Sc,16.8364,45.4211,399600000.0,58120.0,-19.64
NGC 6243,Sa,16.8739,23.3328,474700000.0,69040.0,-20.71
NGC 6244,SBa,16.8008,62.2006,194500000.0,45260.0,-19.48
NGC 6246,SBb,16.8314,55.5428,232100000.0,50630.0,-19.96
NGC 6246A,SBc,16.8372,55.3847,234400000.0,68190.0,-19.98
NGC 6247,Irr,16.8053,62.9772,201000000.0,29230.0,-20.25
NGC 6248,SBc,16.7728,70.3561,49500000.0,22320.0,-17.11
NGC 6251,E0,16.5419,82.5383,306200000.0,80180.0,-20.96
NGC 6252,S0,16.5444,82.5772,284600000.0,28980.0,-19.1
NGC 6255,SBc,16.9131,36.5017,106900000.0,55990.0,-19.08
NGC 6257,S0,16.9342,39.6461,209100000.0,24320.0,-18.43
NGC 6258,E0,16.8747,60.5144,139000000.0,18190.0,-18.75
NGC 6260,Sc,16.8639,63.7147,291200000.0,33890.0,-19.95
NGC 6261,Sa,16.9417,27.9781,458100000.0,79960.0,-20.34
NGC 6262,S0,16.9783,57.0992,151900000.0,13260.0,-18.64
NGC 6263,E0,16.9453,27.8225,441200000.0,57760.0,-20.56
NGC 6264,SBb,16.9544,27.8494,452300000.0,46050.0,-20.21
NGC 6265,S0,16.9581,27.8447,412400000.0,47980.0,-20.01
NGC 6267,SBc,16.9689,22.9853,133300000.0,25200.0,-19.06
NGC 6269,E0,16.9661,27.855,464400000.0,135100.0,-22.37
NGC 6270,S0,16.9789,27.8589,429900000.0,43770.0,-21.3
NGC 6271,S0,16.9806,27.9647,471700000.0,54890.0,-20.2
NGC 6272,Sb,16.9828,27.9308,469800000.0,34170.0,-20.19
NGC 6274-1,Sc,16.9889,29.9464,522100000.0,45560.0,-21.52
NGC 6274-2,SBb,16.9892,29.9408,522100000.0,45560.0,-20.52
NGC 6275,E0,16.9258,63.2428,300000000.0,17450.0,-19.52
NGC 6276,S0,17.0125,23.0444,131800000.0,7668.0,-17.43
NGC 6278,S0,17.0139,23.0111,124700000.0,38090.0,-19.31
NGC 6279,S0,16.9836,47.2378,321800000.0,51490.0,-20.07
NGC 6280-1,S0,17.0325,6.6664,280200000.0,20380.0,-19.07
NGC 6280-2,E0,17.0328,6.6675,549600000.0,15990.0,-20.13
NGC 6282,SBc,17.0131,29.8203,469800000.0,47830.0,-20.59
NGC 6283,S0,16.9906,49.9219,48670000.0,7786.0,-17.17
NGC 6285,Sa,16.9731,58.9558,252800000.0,44130.0,-19.95
NGC 6286,Sb,16.9753,58.9375,248600000.0,47000.0,-20.31
NGC 6288,S0,16.9567,68.4575,453700000.0,52790.0,-20.22
NGC 6289,S0,16.9622,68.5142,485300000.0,56460.0,-20.36
NGC 6290,SBa,17.0156,58.9708,547300000.0,87560.0,-21.72
NGC 6291,SBb,17.0156,58.9378,229000000.0,23310.0,-19.33
NGC 6292,Sc,17.0508,61.0439,151500000.0,35250.0,-19.03
NGC 6295,S0,17.0542,60.3378,406200000.0,53170.0,-19.68
NGC 6296,SBc,17.1456,3.8944,300500000.0,39340.0,-20.52
NGC 6297,S0,17.06,62.0261,222300000.0,22640.0,-19.57
NGC 6299,E0,17.0844,62.4583,264800000.0,23100.0,-19.45
NGC 6300,SBb,17.2831,-62.8203,45990000.0,28760.0,-19.84
NGC 6301,Sc,17.1422,42.3392,372800000.0,97590.0,-21.09
NGC 6303,E0,17.0839,68.8278,536500000.0,101400.0,-21.28
NGC 6305,S0,17.3,-59.1711,124800000.0,25410.0,-19.71
NGC 6306,SBb,17.1267,60.7292,133100000.0,19360.0,-18.45
NGC 6307,SBa,17.1278,60.7506,140800000.0,26620.0,-19.38
NGC 6308,SBc,17.1997,23.3794,392600000.0,62820.0,-21.1
NGC 6310,Sb,17.1325,60.9903,149800000.0,41390.0,-19.41
NGC 6311,E0,17.1786,41.6511,474000000.0,75840.0,-21.21
NGC 6312,E0,17.18,42.2881,464200000.0,47260.0,-20.37
NGC 6313,Sb,17.1722,48.3317,325600000.0,61570.0,-20.3
NGC 6314,Sa,17.2106,23.2706,295400000.0,68750.0,-20.98
NGC 6315,SBc,17.2128,23.2236,301200000.0,35050.0,-20.63
NGC 6317,S0,17.1497,62.8981,354700000.0,61910.0,-19.08
NGC 6319,S0,17.1622,62.9731,364000000.0,42350.0,-20.74
NGC 6320,Sc,17.2153,40.2672,367000000.0,64050.0,-20.56
NGC 6321,SBc,17.24,20.3136,277000000.0,44320.0,-20.25
NGC 6323,Sb,17.2214,43.7822,344500000.0,55110.0,-20.32
NGC 6324,Sc,17.0903,75.4078,215100000.0,31290.0,-20.4
NGC 6327,E0,17.2339,43.6489,549600000.0,31970.0,-20.13
NGC 6328,SBb,17.3944,-65.0097,191200000.0,66740.0,-20.64
NGC 6329,E0,17.2375,43.685,365400000.0,95670.0,-21.35
NGC 6330,SBb,17.2622,29.4042,386400000.0,84290.0,-20.27
NGC 6331,E0,17.0594,78.6297,773400000.0,67490.0,-21.47
NGC 6332,Sa,17.2506,43.6603,372500000.0,86690.0,-20.79
NGC 6336,SBa,17.2711,43.8208,361500000.0,47330.0,-20.72
NGC 6338,S0,17.2561,57.4114,366400000.0,79930.0,-21.75
NGC 6339,SBc,17.285,40.845,119000000.0,50200.0,-19.41
NGC 6340,Sa,17.1731,72.3047,52400000.0,22860.0,-19.13
NGC 6343,E0,17.2878,41.0528,366600000.0,58650.0,-20.45
NGC 6345,S0,17.2564,57.3506,457600000.0,53250.0,-20.34
NGC 6346,E0,17.2567,57.3231,393000000.0,28580.0,-19.8
NGC 6347,SBb,17.3317,16.6606,273200000.0,47690.0,-20.12
NGC 6348,Sb,17.3058,41.6481,422000000.0,42970.0,-20.36
NGC 6349,S0,17.3183,36.0614,510200000.0,59370.0,-20.77
NGC 6350,S0,17.3117,41.6944,432400000.0,62890.0,-21.41
NGC 6351,Irr,17.3194,36.06,549600000.0,47960.0,-20.13
NGC 6358,S0,17.3144,52.6158,410200000.0,53690.0,-20.4
NGC 6359,S0,17.2981,61.7808,130500000.0,24680.0,-19.41
NGC 6361,Sb,17.3111,60.6081,168400000.0,53880.0,-19.76
NGC 6364,S0,17.4075,29.3911,303500000.0,66220.0,-20.74
NGC 6365,Irr,17.3786,62.1733,349400000.0,55910.0,-20.35
NGC 6365A,SBc,17.3789,62.1658,350600000.0,56090.0,-20.56
NGC 6367,S0,17.4189,37.7603,350800000.0,40810.0,-20.06
NGC 6368,Sb,17.4531,11.5431,108500000.0,55210.0,-19.21
NGC 6370,E0,17.3903,56.975,361200000.0,73540.0,-21.32
NGC 6371,S0,17.4556,26.505,284600000.0,33120.0,-19.5
NGC 6372,Sc,17.4586,26.4747,210300000.0,51990.0,-20.35
NGC 6373,SBc,17.4022,58.9953,146100000.0,27620.0,-18.96
NGC 6375,E0,17.4892,16.2072,274300000.0,63830.0,-20.32
NGC 6376,Sc,17.4219,58.8172,379300000.0,27580.0,-19.83
NGC 6377,Sc,17.4231,58.8228,373600000.0,38040.0,-19.79
NGC 6378,Sc,17.5114,6.2814,297000000.0,56160.0,-20.0
NGC 6379,Sc,17.5097,16.2886,264800000.0,42370.0,-20.75
NGC 6381,Sc,17.4544,60.0139,143500000.0,27130.0,-19.62
NGC 6382,S0,17.4653,56.8689,393000000.0,51450.0,-20.0
NGC 6384,SBc,17.54,7.0608,60180000.0,54270.0,-20.13
NGC 6385,SBa,17.4669,57.5219,148100000.0,28000.0,-19.29
NGC 6386,Sc,17.4808,52.7239,313700000.0,45630.0,-19.92
NGC 6387,E0,17.4731,57.5458,378300000.0,16510.0,-19.02
NGC 6389,Sc,17.5442,16.4019,137500000.0,56000.0,-20.22
NGC 6390,Sc,17.4744,60.0944,141800000.0,33010.0,-18.69
NGC 6391,S0,17.4803,58.8508,360000000.0,47120.0,-19.71
NGC 6392,Sb,17.725,-69.7844,166700000.0,31520.0,-21.04
NGC 6393,S0,17.5022,59.5319,376200000.0,16410.0,-18.81
NGC 6394,SBb,17.5058,59.64,375900000.0,76530.0,-20.01
NGC 6395,Sc,17.4419,71.0972,85600000.0,29880.0,-19.19
NGC 6398,SBa,17.7119,-61.6939,238100000.0,69270.0,-20.92
NGC 6399,Sa,17.5306,59.6156,478000000.0,76470.0,-21.13
NGC 6403,S0,17.7231,-61.6819,226500000.0,16470.0,-19.91
NGC 6407,S0,17.7492,-60.7397,206600000.0,63090.0,-21.51
NGC 6408,SBa,17.6464,18.8783,173500000.0,40380.0,-19.93
NGC 6409,E0,17.6097,50.7664,274000000.0,31880.0,-19.82
NGC 6411,E0,17.5922,60.8131,162900000.0,47380.0,-20.69
NGC 6412,SBc,17.4933,75.7047,57210000.0,20800.0,-18.92
NGC 6414,S0,17.51,74.3767,713400000.0,103800.0,-20.6
NGC 6417,SBb,17.6964,23.6717,145600000.0,29650.0,-19.05
NGC 6418,S0,17.6358,58.7153,380100000.0,27640.0,-20.03
NGC 6419,Sa,17.6014,68.1558,352200000.0,66600.0,-19.47
NGC 6420,S0,17.6044,68.0525,360000000.0,31420.0,-19.71
NGC 6422,S0,17.6081,68.0583,340200000.0,29690.0,-19.29
NGC 6423,E0,17.6147,68.1711,321700000.0,28070.0,-19.17
NGC 6424,S0,17.6033,69.9894,346800000.0,45400.0,-20.03
NGC 6427,S0,17.7272,25.4939,143600000.0,33420.0,-18.82
NGC 6429,SBa,17.7347,25.3508,149600000.0,39180.0,-19.11
NGC 6430,Sb,17.7539,18.1389,136000000.0,37580.0,-18.5
NGC 6433,Sb,17.7322,36.8006,330500000.0,96140.0,-20.93
NGC 6434,SBc,17.6133,72.0883,111700000.0,37350.0,-19.47
NGC 6435,E0,17.6697,62.6419,375900000.0,60130.0,-20.61
NGC 6436,Sc,17.6869,60.4497,279900000.0,56990.0,-19.97
NGC 6438,S0,18.3708,-85.4017,109800000.0,25560.0,-19.94
NGC 6438A,S0,18.3758,-85.4061,113400000.0,44550.0,-20.11
NGC 6442,E0,17.7808,20.7617,281800000.0,73780.0,-20.28
NGC 6443,Sb,17.7425,48.1144,402800000.0,70310.0,-20.76
NGC 6446,Sb,17.7686,35.5694,332500000.0,33850.0,-19.04
NGC 6447,SBc,17.7714,35.5722,297500000.0,69220.0,-21.1
NGC 6449,Sc,17.7294,56.8042,233800000.0,34010.0,-19.78
NGC 6452,S0,17.7994,20.8375,393000000.0,28580.0,-20.1
NGC 6454,S0,17.7489,55.7044,406100000.0,59070.0,-20.98
NGC 6456,E0,17.7086,67.5922,478700000.0,55700.0,-20.13
NGC 6457,S0,17.7144,66.4761,361000000.0,63010.0,-19.92
NGC 6458,S0,17.8194,20.8047,140000000.0,26460.0,-18.06
NGC 6459,S0,17.7631,55.7769,386400000.0,44960.0,-20.07
NGC 6460,Sc,17.825,20.7642,146500000.0,40470.0,-19.06
NGC 6461,Sb,17.6656,74.0339,321700000.0,37430.0,-19.07
NGC 6462,E0,17.7467,61.9106,510700000.0,29710.0,-20.97
NGC 6463,S0,17.7261,67.6042,540500000.0,47160.0,-20.8
NGC 6464,Sc,17.7631,60.8975,439200000.0,38320.0,-20.15
NGC 6466,S0,17.8022,51.3994,301800000.0,21950.0,-19.83
NGC 6467,S0,17.8444,17.5383,132500000.0,50090.0,-18.84
NGC 6470,Sc,17.7372,67.6192,359800000.0,68030.0,-19.81
NGC 6471-1,Sc,17.7367,67.5928,255500000.0,52030.0,-19.07
NGC 6471-2,Sc,17.7381,67.5908,336900000.0,14700.0,-19.07
NGC 6472,S0,17.7342,67.6303,369900000.0,16140.0,-19.27
NGC 6474,Sc,17.7847,57.3014,374500000.0,49030.0,-20.3
NGC 6477,S0,17.7414,67.6108,386800000.0,22500.0,-19.07
NGC 6478,Sc,17.8106,51.1567,299400000.0,39200.0,-20.71
NGC 6479,Sc,17.8058,54.1497,295900000.0,43040.0,-20.39
NGC 6482,E0,17.8633,23.0728,171900000.0,52510.0,-21.31
NGC 6483,E4,17.9917,-63.6686,196800000.0,45800.0,-20.9
NGC 6484,Sb,17.8628,24.4831,203900000.0,56330.0,-20.68
NGC 6485,Sc,17.8644,31.4619,208400000.0,45480.0,-20.03
NGC 6486,S0,17.8764,29.8186,357400000.0,41580.0,-19.9
NGC 6487,E0,17.8781,29.8386,340100000.0,89040.0,-21.89
NGC 6488,E0,17.8222,62.2233,383800000.0,39070.0,-19.85
NGC 6489,S0,17.8336,60.0925,367900000.0,21400.0,-18.96
NGC 6490,S0,17.9083,18.3764,144200000.0,20980.0,-18.33
NGC 6491,Sb,17.8333,61.5319,236900000.0,41350.0,-19.71
NGC 6492,Sc,18.0467,-66.4306,191100000.0,69470.0,-21.24
NGC 6493,SBc,17.8394,61.5594,238500000.0,38160.0,-19.12
NGC 6495,E0,17.9139,18.3275,140500000.0,40860.0,-19.57
NGC 6497,SBb,17.8547,59.4711,137600000.0,28030.0,-18.93
NGC 6500,Sb,17.9331,18.3389,130600000.0,41800.0,-20.01
NGC 6501,Sa,17.9342,18.3736,124800000.0,32670.0,-19.61
NGC 6502,S0,18.0706,-65.4097,243500000.0,46050.0,-20.77
NGC 6503,Sc,17.8242,70.1436,17860000.0,18190.0,-17.79
NGC 6504,S0,17.9347,33.2086,212700000.0,68040.0,-20.57
NGC 6505,S0,17.8519,65.5314,566700000.0,90670.0,-20.6
NGC 6508,E0,17.8294,72.0217,334300000.0,63220.0,-20.75
NGC 6509,SBc,17.9903,6.2872,77750000.0,18090.0,-18.59
NGC 6511,SBc,17.9108,60.8172,190500000.0,27700.0,-19.43
NGC 6512,S0,17.9139,62.6456,372600000.0,27090.0,-20.39
NGC 6513,S0,17.9928,24.8875,263600000.0,46010.0,-20.04
NGC 6515,E0,17.9569,50.7275,303600000.0,70650.0,-20.84
NGC 6516,S0,17.9211,62.6694,336600000.0,24480.0,-19.27
NGC 6518,E0,17.9953,28.8672,299200000.0,17410.0,-19.91
NGC 6521,E0,17.93,62.6117,364400000.0,84790.0,-21.84
NGC 6521A,Sc,17.9428,62.6169,341300000.0,34750.0,-19.4
NGC 6524,S0,17.9872,45.8881,255800000.0,52080.0,-20.57
NGC 6527,Sa,18.0294,19.7292,239100000.0,48700.0,-19.23
NGC 6532,Sc,17.9869,56.2319,241100000.0,63120.0,-19.64
NGC 6536,SBb,17.9544,64.9378,348500000.0,60820.0,-20.94
NGC 6538,S0,17.9047,73.4242,60060000.0,8735.0,-17.03
NGC 6542,Sa,17.9942,61.3589,30290000.0,5726.0,-15.64
NGC 6545,E1,18.2039,-63.7758,189200000.0,30270.0,-19.62
NGC 6547,Sa,18.0861,25.2328,120500000.0,22780.0,-18.44
NGC 6548,S0,18.0997,18.5872,75020000.0,31640.0,-19.11
NGC 6549,Sc,18.0969,18.5378,288700000.0,58780.0,-19.93
NGC 6552,SBc,18.0019,66.6153,346900000.0,50460.0,-20.53
NGC 6555,SBc,18.1303,17.6047,95350000.0,29120.0,-19.33
NGC 6557,S0,18.3567,-76.5828,246200000.0,57300.0,-20.49
NGC 6560,SBc,18.0869,46.8817,310200000.0,54140.0,-20.69
NGC 6562,E0,18.0833,56.2636,292600000.0,29790.0,-19.86
NGC 6566,E0,18.1167,52.2606,235600000.0,20560.0,-18.59
NGC 6570,Irr,18.1853,14.0928,92460000.0,25550.0,-18.96
NGC 6571,S0,18.1803,21.2392,211700000.0,12320.0,-18.66
NGC 6574,SBc,18.1975,14.9817,97670000.0,21310.0,-19.58
NGC 6575,E0,18.1825,31.1161,307100000.0,80390.0,-20.87
NGC 6576,S0,18.1964,21.4289,225000000.0,19630.0,-18.79
NGC 6577,E0,18.2003,21.4639,231100000.0,50420.0,-20.55
NGC 6579,S0,18.2086,21.4206,221000000.0,12860.0,-19.65
NGC 6580,E0,18.2092,21.4258,259500000.0,49060.0,-20.4
NGC 6581,E0,18.205,25.6628,198400000.0,11540.0,-18.62
NGC 6582-1,S0,18.1836,49.9114,203000000.0,17710.0,-19.07
NGC 6582-2,S0,18.1847,49.9092,255500000.0,29730.0,-19.07
NGC 6585,Sc,18.2058,39.6333,122000000.0,33730.0,-19.16
NGC 6586,S0,18.2272,21.0908,140000000.0,18320.0,-18.46
NGC 6587,S0,18.2306,18.8258,129600000.0,24500.0,-19.4
NGC 6591,S0,18.2342,21.0636,386800000.0,16880.0,-19.07
NGC 6592,S0,18.1639,61.4225,360000000.0,26180.0,-19.61
NGC 6593,S0,18.2342,22.2847,217000000.0,25250.0,-18.82
NGC 6594,S0,18.1681,61.1336,358700000.0,52170.0,-19.91
NGC 6597,E0,18.1869,61.1811,501200000.0,58320.0,-20.13
NGC 6598,S0,18.1486,69.0686,367900000.0,80270.0,-21.26
NGC 6600,S0,18.2617,24.9131,134900000.0,25510.0,-19.28
NGC 6601,S0,18.1956,61.4531,293400000.0,21340.0,-19.07
NGC 6602,SBa,18.2761,25.0436,137300000.0,19970.0,-18.52
NGC 6606,Sb,18.2447,43.2686,256800000.0,33620.0,-20.08
NGC 6607,Sb,18.2039,61.3333,352700000.0,25650.0,-19.07
NGC 6608,Sc,18.2081,61.2986,297900000.0,43320.0,-19.2
NGC 6609,S0,18.2092,61.3322,361300000.0,36790.0,-19.92
NGC 6612,E0,18.2694,36.0792,436600000.0,44450.0,-20.13
NGC 6614,S0,18.4186,-63.2483,200800000.0,40880.0,-20.15
NGC 6615,SBa,18.3092,13.2653,119300000.0,22560.0,-18.52
NGC 6616,Sb,18.2947,22.2378,246600000.0,50220.0,-19.39
NGC 6617,Sc,18.2339,61.3194,297900000.0,47650.0,-19.5
NGC 6619,E0,18.3153,23.6553,227200000.0,39660.0,-20.11
NGC 6621,Sb,18.2153,68.3631,276200000.0,84350.0,-20.64
NGC 6622,Sc,18.2164,68.3542,263700000.0,34510.0,-18.74
NGC 6623-1,E0,18.3283,23.7094,211100000.0,39920.0,-19.76
NGC 6623-2,E0,18.3283,23.7019,211100000.0,9212.0,-18.56
NGC 6627,SBb,18.3772,15.6983,249800000.0,47240.0,-20.12
NGC 6628,S0,18.3725,23.4775,201500000.0,55670.0,-19.55
NGC 6630,S0,18.5428,-63.2919,117100000.0,13620.0,-18.17
NGC 6632,Sc,18.4175,27.5358,207200000.0,90430.0,-21.11
NGC 6635,S0,18.4603,14.8186,219400000.0,31910.0,-19.64
NGC 6636-1,Sc,18.3672,66.6175,185100000.0,56520.0,-19.57
NGC 6636-2,Sb,18.3678,66.6225,185100000.0,8074.0,-17.77
NGC 6640,Sc,18.4689,34.3025,305000000.0,48790.0,-20.65
NGC 6641,S0,18.4825,22.9033,179600000.0,23510.0,-19.4
NGC 6643,Sc,18.3292,74.5683,77000000.0,41440.0,-20.16
NGC 6646,Sa,18.4939,39.865,255500000.0,59450.0,-20.87
NGC 6650,E0,18.4242,68.0064,312400000.0,18180.0,-20.01
NGC 6651,Sc,18.4053,71.6022,254100000.0,59130.0,-20.76
NGC 6653,E1,18.7439,-73.2631,229900000.0,56850.0,-20.74
NGC 6654,SBa,18.4019,73.1828,78330000.0,29620.0,-19.1
NGC 6654A,SBc,18.6569,73.5808,66300000.0,26040.0,-18.04
NGC 6657,SBc,18.5503,34.0608,312400000.0,45440.0,-20.51
NGC 6658,Sa,18.5653,22.8881,176100000.0,40980.0,-19.76
NGC 6661,Sa,18.5767,22.9092,189600000.0,49650.0,-20.62
NGC 6662,SBb,18.5697,32.0647,235600000.0,54820.0,-19.49
NGC 6663,Sc,18.5592,40.0492,305400000.0,44420.0,-20.26
NGC 6665,Sc,18.575,30.7208,219500000.0,35120.0,-19.54
NGC 6667,SBb,18.5108,67.9867,111700000.0,38980.0,-18.87
NGC 6670-1,S0,18.5592,59.8878,383800000.0,61400.0,-20.25
NGC 6670-2,S0,18.5603,59.8897,383800000.0,27910.0,-20.25
NGC 6671,S0,18.6239,26.4175,142600000.0,31120.0,-19.5
NGC 6673,S0,18.7517,-62.2969,35550000.0,11380.0,-17.59
NGC 6674,SBb,18.6425,25.3744,147100000.0,89880.0,-20.27
NGC 6675,Sc,18.6239,40.0578,106100000.0,27780.0,-19.26
NGC 6676,Sc,18.5525,66.96,305800000.0,71160.0,-19.66
NGC 6677,Sc,18.5597,67.11,296000000.0,38740.0,-20.39
NGC 6679,Sc,18.5586,67.1472,300500000.0,13110.0,-19.02
NGC 6680,S0,18.6622,22.3164,179800000.0,18310.0,-18.31
NGC 6684,S0,18.8158,-65.1728,35750000.0,23920.0,-18.9
NGC 6684A,Irr,18.8731,-64.8314,43440000.0,18960.0,-17.42
NGC 6685,S0,18.6661,39.9822,291200000.0,46600.0,-20.35
NGC 6686,E0,18.6683,40.1381,313700000.0,41070.0,-19.22
NGC 6687,Sc,18.6228,59.6431,150600000.0,28480.0,-18.72
NGC 6688,Sa,18.6775,36.2894,245700000.0,57170.0,-20.78
NGC 6689,SBc,18.5803,70.5242,55430000.0,32250.0,-18.15
NGC 6691,SBc,18.6533,55.6417,257800000.0,59990.0,-20.89
NGC 6692,S0,18.6947,34.8442,242200000.0,35230.0,-20.15
NGC 6695,SBb,18.7117,40.3672,240500000.0,38480.0,-20.04
NGC 6696,S0,18.6681,59.3333,336900000.0,39190.0,-19.07
NGC 6697,E0,18.7539,25.5128,208000000.0,36300.0,-19.72
NGC 6699,SBc,18.8669,-57.3206,149800000.0,32680.0,-20.61
NGC 6700,SBc,18.7678,32.2794,203400000.0,41420.0,-19.87
NGC 6701,SBa,18.72,60.6531,173200000.0,37790.0,-20.63
NGC 6702,E0,18.7825,45.7061,180000000.0,49750.0,-20.41
NGC 6703,S0,18.7883,45.5508,100300000.0,39370.0,-20.14
NGC 6706,S0,18.9475,-63.1664,167100000.0,36460.0,-19.65
NGC 6707,SBc,18.9225,-53.8192,119000000.0,36350.0,-19.51
NGC 6708,Sb,18.9264,-53.7233,112400000.0,19610.0,-19.89
NGC 6710,Sa,18.8428,26.8386,196500000.0,48580.0,-19.7
NGC 6711,SBc,18.8167,47.6575,202700000.0,32430.0,-20.27
NGC 6713,S0,18.8456,33.9603,232900000.0,13550.0,-19.87
NGC 6718,SBb,19.0244,-66.1103,190300000.0,38740.0,-19.63
NGC 6719,Sc,19.0519,-68.5878,167000000.0,41290.0,-20.05
NGC 6721,E0,19.0139,-57.7594,196500000.0,45730.0,-20.8
NGC 6722,Sb,19.0611,-64.895,204600000.0,86280.0,-20.39
NGC 6725,S0,19.0322,-53.8642,157700000.0,50460.0,-21.02
NGC 6730,E1,19.1258,-68.9122,181700000.0,47560.0,-21.43
NGC 6732-1,E0,18.94,52.3775,359000000.0,62650.0,-20.71
NGC 6732-2,E0,18.9406,52.3772,359000000.0,5221.0,-19.21
NGC 6733,S0,19.1028,-62.1967,216200000.0,56610.0,-20.91
NGC 6734,S0,19.1206,-65.4608,186500000.0,35260.0,-19.99
NGC 6736,E2,19.1247,-65.4286,191800000.0,30690.0,-19.55
NGC 6739,S0,19.13,-61.3675,186900000.0,65250.0,-20.69
NGC 6740,Sb,19.0139,28.7711,193100000.0,25280.0,-18.86
NGC 6744,SBc,19.1628,-63.8567,28410000.0,83050.0,-20.59
NGC 6744A,Irr,19.1453,-63.73,363100000.0,95060.0,-20.13
NGC 6745-1,Irr,19.0281,40.7458,196100000.0,37090.0,-19.4
NGC 6745-2,S0,19.0281,40.7592,196100000.0,11410.0,-20.6
NGC 6746,S0,19.1728,-61.9683,183300000.0,37330.0,-20.65
NGC 6747,E0,18.9225,72.7722,514200000.0,37390.0,-20.89
NGC 6750,Sc,19.01,59.1672,165200000.0,24030.0,-19.72
NGC 6753,Sb,19.1897,-57.0489,137200000.0,47910.0,-21.22
NGC 6754,SBb,19.1903,-50.6419,128500000.0,33640.0,-20.08
NGC 6754A,Sb,19.1456,-51.0464,222300000.0,54970.0,-19.87
NGC 6757,SBa,19.085,55.7175,104600000.0,21300.0,-18.63
NGC 6758,E0,19.2311,-56.3094,145500000.0,48690.0,-20.65
NGC 6759,S0,19.1158,50.3483,108000000.0,15710.0,-17.5
NGC 6761,SBb,19.2511,-50.6569,248100000.0,57730.0,-20.41
NGC 6763,Sa,19.0936,63.9342,130400000.0,28450.0,-18.71
NGC 6764,SBc,19.1378,50.9331,122000000.0,39030.0,-20.16
NGC 6768-1,E4,19.2756,-40.2086,243200000.0,42440.0,-21.16
NGC 6768-2,S0,19.2747,-40.2228,243200000.0,21220.0,-20.46
NGC 6769,SBb,19.3061,-60.5008,169600000.0,54260.0,-21.18
NGC 6770,SBb,19.3103,-60.4961,170500000.0,54560.0,-20.79
NGC 6771,SBa,19.3108,-60.5464,185600000.0,62100.0,-20.28
NGC 6776,E0,19.4219,-63.86,130000000.0,30240.0,-19.9
NGC 6776A,SBc,19.4181,-63.6828,168000000.0,34200.0,-18.76
NGC 6780,SBc,19.3806,-55.7758,152000000.0,42010.0,-20.04
NGC 6782,SBa,19.3992,-59.9222,170700000.0,59570.0,-21.69
NGC 6783,E0,19.2797,46.0181,416900000.0,36380.0,-20.13
NGC 6784,S0,19.4419,-65.6267,203000000.0,26570.0,-19.07
NGC 6784A,S0,19.4431,-65.6175,185100000.0,24230.0,-19.07
NGC 6786,SBc,19.1814,73.4108,330900000.0,52940.0,-21.23
NGC 6787,SBb,19.2694,60.4175,520800000.0,90890.0,-21.32
NGC 6788,Sb,19.4469,-54.9506,146400000.0,61770.0,-20.36
NGC 6789,Irr,19.2781,63.9719,11740000.0,2220.0,-14.08
NGC 6792,SBb,19.3492,43.1322,199600000.0,63860.0,-20.63
NGC 6794,Sb,19.4675,-38.9186,266800000.0,65980.0,-20.66
NGC 6796,Sc,19.3586,61.145,87740000.0,24250.0,-18.65
NGC 6798,S0,19.4008,53.6242,109300000.0,25420.0,-18.42
NGC 6799,S0,19.5378,-55.9078,263300000.0,61270.0,-21.53
NGC 6801,Sc,19.4597,54.3725,188100000.0,35570.0,-19.2
NGC 6805,E1,19.6125,-37.5539,271400000.0,43420.0,-20.3
NGC 6806,SBc,19.6178,-42.2958,249600000.0,43560.0,-20.72
NGC 6808,Sa,19.7317,-70.6322,152200000.0,35420.0,-20.84
NGC 6810,Sb,19.7261,-58.6561,83680000.0,14610.0,-19.65
NGC 6812,S0,19.7564,-55.3469,204600000.0,32730.0,-20.39
NGC 6814,SBc,19.7111,-10.3244,60550000.0,26420.0,-19.24
NGC 6816,S0,19.7339,-28.4008,267400000.0,46670.0,-20.87
NGC 6817-1,Sc,19.6231,62.3839,307200000.0,31280.0,-19.07
NGC 6817-2,E0,19.6225,62.3833,631000000.0,18360.0,-20.13
NGC 6821,SBc,19.74,-6.8344,58640000.0,11090.0,-17.47
NGC 6822,Irr,19.7489,-14.8064,1793000.0,4016.0,-14.4
NGC 6824,Sb,19.7278,56.1089,142100000.0,39260.0,-20.19
NGC 6825,E0,19.6983,64.0733,255500000.0,18580.0,-19.17
NGC 6829,Sb,19.7853,59.9072,145200000.0,33800.0,-18.34
NGC 6831,S0,19.7992,59.8931,152500000.0,31060.0,-19.05
NGC 6835,SBa,19.9089,-12.5675,62650000.0,21870.0,-18.02
NGC 6836,Irr,19.9111,-12.6883,63010000.0,15580.0,-17.93
NGC 6841,E0,19.9636,-31.8108,259500000.0,56600.0,-20.8
NGC 6844,Sb,20.0472,-65.2289,139600000.0,28430.0,-19.66
NGC 6845,SBb,20.0161,-47.07,277300000.0,92760.0,-20.85
NGC 6845B,SBb,20.0181,-47.0594,295000000.0,47190.0,-19.88
NGC 6845C,S0,20.0156,-47.0842,309100000.0,35970.0,-19.48
NGC 6845D,Sa,20.0147,-47.0947,297800000.0,30320.0,-18.5
NGC 6848,Sa,20.0461,-56.0903,190000000.0,66320.0,-21.33
NGC 6849,S0,20.1042,-40.1983,196600000.0,54330.0,-20.9
NGC 6850,SBa,20.0581,-54.8453,215800000.0,65920.0,-20.6
NGC 6851,E0,20.0594,-48.2844,118800000.0,34570.0,-20.11
NGC 6851A,Sc,20.0967,-47.9769,152100000.0,28760.0,-18.44
NGC 6851B,SBc,20.0942,-47.9792,336900000.0,53890.0,-19.07
NGC 6854,S0,20.0939,-54.375,248200000.0,72210.0,-21.11
NGC 6855,SBa,20.1136,-56.3897,188400000.0,41100.0,-20.01
NGC 6860,Sb,20.1464,-61.0997,195000000.0,36880.0,-20.18
NGC 6861,S0,20.1219,-48.3694,91650000.0,39990.0,-20.14
NGC 6861B,S0,20.1014,-48.4744,130700000.0,22800.0,-17.91
NGC 6861C,S0,20.1114,-48.6492,116000000.0,20250.0,-17.65
NGC 6861D,S0,20.1386,-48.2119,105600000.0,32250.0,-19.05
NGC 6861E,Sb,20.1836,-48.6906,112600000.0,22920.0,-17.59
NGC 6861F,SBc,20.1864,-48.2756,84660000.0,19700.0,-16.77
NGC 6862,SBc,20.1483,-56.3917,182700000.0,42520.0,-20.24
NGC 6865,S0,20.0989,-9.0406,211700000.0,24630.0,-18.06
NGC 6867,SBc,20.175,-54.7842,190600000.0,55450.0,-19.93
NGC 6868,E2,20.165,-48.38,100900000.0,52850.0,-20.85
NGC 6869,S0,20.0117,66.2281,104700000.0,24360.0,-19.43
NGC 6870,Sb,20.1694,-48.2867,115900000.0,43830.0,-19.55
NGC 6872,SBb,20.2825,-70.7678,212500000.0,185400.0,-21.57
NGC 6875,S0,20.22,-46.1614,132900000.0,46400.0,-20.05
NGC 6875A,SBc,20.1986,-46.1431,123900000.0,48660.0,-18.9
NGC 6876,E3,20.3053,-70.8583,146900000.0,57700.0,-21.57
NGC 6877,E6,20.3097,-70.8528,182600000.0,29210.0,-20.54
NGC 6878,SBb,20.2314,-44.5267,253000000.0,58870.0,-21.05
NGC 6878A,SBb,20.2267,-44.8164,229000000.0,59950.0,-20.43
NGC 6880,SBa,20.3247,-70.8594,173900000.0,50580.0,-20.43
NGC 6887,Sc,20.2881,-52.7972,130000000.0,60490.0,-20.2
NGC 6889,SBc,20.3147,-53.9567,109600000.0,14340.0,-18.93
NGC 6890,SBb,20.305,-44.8064,103200000.0,24020.0,-19.5
NGC 6893,S0,20.3469,-48.2394,132300000.0,50030.0,-20.34
NGC 6897,Sc,20.3503,-12.255,234200000.0,30660.0,-19.48
NGC 6898,Sa,20.3522,-12.3589,251200000.0,43850.0,-19.93
NGC 6899,SBc,20.4061,-50.4336,249400000.0,61660.0,-21.02
NGC 6900,Sb,20.3597,-2.5697,227800000.0,33130.0,-19.92
NGC 6901,SBb,20.3725,6.4297,212900000.0,43350.0,-19.27
NGC 6902,SBa,20.4075,-43.6531,98830000.0,80490.0,-20.61
NGC 6902A-1,Irr,20.3833,-44.2706,734800000.0,138900.0,-22.36
NGC 6902A-2,S0,20.3828,-44.2728,734800000.0,64120.0,-20.96
NGC 6902B,SBc,20.385,-43.8689,125000000.0,27270.0,-18.82
NGC 6903,S0,20.3956,-19.3258,146800000.0,32040.0,-20.37
NGC 6906,SBc,20.3928,6.4444,214600000.0,49940.0,-20.89
NGC 6907,SBc,20.4183,-24.8092,130900000.0,64740.0,-21.12
NGC 6908,S0,20.4192,-24.8028,267600000.0,11680.0,-19.07
NGC 6909,E0,20.4606,-47.0272,119400000.0,38210.0,-20.22
NGC 6911,SBb,20.3272,66.7289,105400000.0,26070.0,-17.25
NGC 6912,SBc,20.4478,-18.6175,305200000.0,62150.0,-20.56
NGC 6915,Sb,20.4628,-3.0767,251500000.0,54870.0,-21.34
NGC 6916,SBc,20.3925,58.3442,157500000.0,41240.0,-18.52
NGC 6917,S0,20.4578,8.0972,209100000.0,42570.0,-19.93
NGC 6918,SBa,20.5128,-47.4742,73340000.0,9601.0,-17.26
NGC 6919,SBc,20.5272,-44.2167,287900000.0,67000.0,-21.13
NGC 6920,S0,20.7325,-80.0003,123100000.0,32220.0,-20.38
NGC 6921,Sa,20.4744,25.7239,184600000.0,24170.0,-19.36
NGC 6922,Sc,20.4978,-2.1917,240600000.0,45490.0,-20.24
NGC 6923,SBb,20.5275,-30.8319,108900000.0,41200.0,-19.92
NGC 6924,S0,20.5553,-25.4744,259200000.0,75410.0,-20.9
NGC 6925,Sc,20.5722,-31.98,117600000.0,75250.0,-20.68
NGC 6926,SBc,20.5514,-2.0289,254100000.0,73920.0,-21.26
NGC 6927,S0,20.5439,9.9169,178500000.0,12980.0,-17.89
NGC 6927A,E5,20.5433,9.8833,184800000.0,8063.0,-17.27
NGC 6928,SBb,20.5472,9.9275,199400000.0,60890.0,-20.63
NGC 6929,Sa,20.5558,-2.0367,273900000.0,31880.0,-20.12
NGC 6930,SBb,20.5494,9.8739,195100000.0,34060.0,-20.08
NGC 6931,Sb,20.5614,-11.3689,157800000.0,22940.0,-18.92
NGC 6932,S0,20.7022,-73.6189,166200000.0,53200.0,-20.24
NGC 6935,SBa,20.6389,-52.1103,202800000.0,61940.0,-21.17
NGC 6936,S0,20.5989,-25.28,246400000.0,64510.0,-20.59
NGC 6937,SBc,20.6458,-52.1439,201500000.0,73280.0,-20.45
NGC 6941,Sb,20.6064,-4.6189,265300000.0,77190.0,-20.95
NGC 6942,SBa,20.6769,-54.3022,169400000.0,51740.0,-20.98
NGC 6943,SBc,20.7425,-68.7481,93610000.0,54460.0,-20.29
NGC 6944,S0,20.6397,6.9969,186700000.0,40720.0,-18.99
NGC 6944A,SBc,20.6364,6.9025,186500000.0,24420.0,-18.89
NGC 6945,S0,20.65,-4.9722,166800000.0,38830.0,-19.14
NGC 6946,SBc,20.5811,60.1533,23410000.0,39160.0,-19.58
NGC 6947,SBb,20.6875,-32.4864,241200000.0,56140.0,-20.04
NGC 6948,Sa,20.7244,-53.3572,137700000.0,44060.0,-19.33
NGC 6949,S0,20.5853,64.8033,116500000.0,23730.0,-18.06
NGC 6952,SBc,20.6206,66.1058,80240000.0,45510.0,-20.15
NGC 6954,Sa,20.7342,3.2094,166200000.0,24170.0,-19.44
NGC 6955,Sc,20.7381,2.5953,362400000.0,73790.0,-20.63
NGC 6956,SBb,20.7314,12.5122,194600000.0,53790.0,-20.68
NGC 6957,Sc,20.7464,2.5806,360600000.0,26220.0,-20.02
NGC 6958,S0,20.8117,-37.9978,115100000.0,41850.0,-20.44
NGC 6959,S0,20.7853,0.4303,151400000.0,13210.0,-18.53
NGC 6961,E0,20.7861,0.3639,156400000.0,13650.0,-18.8
NGC 6962,SBb,20.7883,0.3219,175100000.0,73840.0,-20.65
NGC 6964,E0,20.79,0.3014,157800000.0,39020.0,-19.52
NGC 6965,S0,20.7889,0.4842,181000000.0,15800.0,-18.72
NGC 6967,Sa,20.7928,0.4122,151500000.0,19830.0,-18.93
NGC 6968,S0,20.8089,-8.3597,275400000.0,60070.0,-20.33
NGC 6969,Sa,20.8075,7.7403,165400000.0,26470.0,-18.53
NGC 6970,SBa,20.8692,-48.7781,169000000.0,24580.0,-20.37
NGC 6971,Sb,20.8231,5.9953,231400000.0,37030.0,-19.65
NGC 6972,Sa,20.8328,9.8997,185100000.0,29610.0,-19.67
NGC 6976,Sc,20.8736,-5.7714,267700000.0,31150.0,-19.77
NGC 6977,SBb,20.8747,-5.7458,255100000.0,48240.0,-20.37
NGC 6978,Sb,20.8764,-5.7111,253300000.0,55250.0,-20.35
NGC 6982,SBa,20.955,-51.8628,205200000.0,29840.0,-19.69
NGC 6983,Sb,20.9453,-43.9861,225000000.0,26180.0,-19.99
NGC 6984,SBc,20.965,-51.8708,201300000.0,52690.0,-20.75
NGC 6985-1,Sa,20.7508,-11.1042,259500000.0,56600.0,-19.8
NGC 6985-2,S0,20.7503,-11.1081,259500000.0,18870.0,-19.0
NGC 6986,S0,20.9417,-18.5661,381100000.0,55430.0,-20.64
NGC 6987,E0,20.9694,-48.63,240300000.0,48940.0,-20.84
NGC 6988,S0,20.93,10.5083,201100000.0,14620.0,-19.25
NGC 6990,Sa,20.9992,-55.5619,424700000.0,74120.0,-21.57
NGC 6993,Sc,20.8983,-25.4722,270100000.0,47130.0,-20.79
NGC 6998,E0,21.0269,-28.0317,509200000.0,44430.0,-20.77
NGC 6999,S0,21.0331,-28.0589,486600000.0,63690.0,-20.87
NGC 7001,Sb,21.0186,-0.1947,314900000.0,64130.0,-20.62
NGC 7002,E1,21.0625,-49.0292,240300000.0,52430.0,-20.94
NGC 7003,Sc,21.0117,17.8047,223300000.0,35720.0,-20.38
NGC 7004,SBa,21.0672,-49.1142,313300000.0,59240.0,-20.91
NGC 7007,S0,21.0908,-52.5519,123500000.0,35920.0,-19.99
NGC 7010,E0,21.0775,-12.3378,365400000.0,101000.0,-21.25
NGC 7012,E0,21.1125,-44.8144,382200000.0,133400.0,-21.64
NGC 7013,Sa,21.0592,29.8969,22370000.0,13010.0,-16.78
NGC 7014,E0,21.1311,-47.1786,203000000.0,50200.0,-20.67
NGC 7015,Sc,21.0936,11.4136,204000000.0,53420.0,-20.78
NGC 7016,E0,21.1211,-25.4686,487900000.0,56770.0,-21.17
NGC 7017,S0,21.1222,-25.4875,448400000.0,39130.0,-20.29
NGC 7018,E0,21.1236,-25.4292,514200000.0,97220.0,-21.49
NGC 7019,SBb,21.1069,-24.4128,493100000.0,43040.0,-21.0
NGC 7021,S0,21.1886,-64.0253,128200000.0,65260.0,-20.27
NGC 7022,S0,21.1597,-49.3036,99370000.0,21680.0,-18.42
NGC 7025,Sa,21.1297,16.3358,208000000.0,57490.0,-20.22
NGC 7029,E6,21.1975,-49.2836,127900000.0,46490.0,-20.57
NGC 7030,SBb,21.1869,-20.4867,391700000.0,51270.0,-20.9
NGC 7032,Sc,21.2561,-68.2875,139900000.0,22380.0,-19.56
NGC 7033,S0,21.16,15.1253,390000000.0,45380.0,-20.19
NGC 7034,E0,21.1606,15.1511,383200000.0,55730.0,-20.35
NGC 7035,S0,21.1792,-23.1353,255500000.0,37170.0,-19.07
NGC 7035A,S0,21.1797,-23.1372,411500000.0,35910.0,-19.9
NGC 7038,SBc,21.2519,-47.2203,217100000.0,97900.0,-21.42
NGC 7038A,SBc,21.2542,-47.6128,226300000.0,36210.0,-18.91
NGC 7040,S0,21.2211,8.865,258500000.0,33840.0,-19.6
NGC 7041,S0,21.2756,-48.3631,83820000.0,43890.0,-19.95
NGC 7041A,SBc,21.2992,-48.4022,304500000.0,70850.0,-20.15
NGC 7041B,S0,21.2969,-48.3906,301800000.0,21950.0,-18.93
NGC 7042,Sb,21.2292,13.575,212900000.0,61920.0,-21.27
NGC 7043,SBa,21.2344,13.6264,206100000.0,38970.0,-19.3
NGC 7046,SBc,21.2489,2.8344,171700000.0,47440.0,-19.71
NGC 7047,SBb,21.2742,-0.8264,243100000.0,42430.0,-20.16
NGC 7049,S0,21.3167,-48.5614,90190000.0,59030.0,-20.61
NGC 7051,Sa,21.3308,-8.7825,107100000.0,21800.0,-18.68
NGC 7052,E0,21.3092,26.4472,206100000.0,62940.0,-20.4
NGC 7053,E0,21.3519,23.0853,196300000.0,39980.0,-19.8
NGC 7056,SBc,21.3686,18.6656,225800000.0,32840.0,-20.3
NGC 7057,S0,21.4161,-42.4603,219400000.0,44680.0,-20.44
NGC 7059,SBc,21.4558,-60.0147,54800000.0,26300.0,-18.63
NGC 7060,SBa,21.4314,-42.4108,205000000.0,59640.0,-20.29
NGC 7061,E0,21.4572,-49.0633,401300000.0,70050.0,-21.35
NGC 7064,SBc,21.4842,-52.7672,31010000.0,17140.0,-16.99
NGC 7065,SBb,21.445,-6.9947,317000000.0,50710.0,-20.44
NGC 7065A,SBc,21.4492,-7.0211,315700000.0,45920.0,-20.53
NGC 7066,Sb,21.4369,14.1831,214600000.0,28090.0,-19.09
NGC 7068,S0,21.4422,12.1844,230300000.0,23450.0,-19.34
NGC 7069,S0,21.4681,-1.6464,410900000.0,77690.0,-21.0
NGC 7070,SBc,21.5069,-43.0867,97360000.0,33990.0,-19.57
NGC 7070A,Sa,21.5297,-42.8469,97180000.0,24030.0,-19.07
NGC 7072,SBc,21.5103,-43.1525,210200000.0,27510.0,-19.75
NGC 7072A,SBc,21.5069,-43.2022,225100000.0,26190.0,-19.79
NGC 7073,Sc,21.4906,-11.4886,244600000.0,32010.0,-19.87
NGC 7074,E0,21.4939,6.6822,154500000.0,15730.0,-17.88
NGC 7075,E0,21.5256,-38.6181,258600000.0,45140.0,-20.7
NGC 7077,E0,21.4997,2.4147,36580000.0,4257.0,-16.25
NGC 7079,S0,21.5431,-44.0675,109500000.0,31850.0,-20.13
NGC 7080,SBb,21.5003,26.7183,202200000.0,52930.0,-20.76
NGC 7081,Sb,21.5233,2.4911,131500000.0,24860.0,-19.43
NGC 7083,Sc,21.5956,-63.9033,112200000.0,63640.0,-20.78
NGC 7085,Sb,21.5403,6.5817,378500000.0,66060.0,-20.02
NGC 7087,Sb,21.5758,-40.8183,216900000.0,34700.0,-20.41
NGC 7090,SBc,21.6075,-54.555,31410000.0,33350.0,-18.52
NGC 7091,SBc,21.5686,-36.6539,105200000.0,32120.0,-19.14
NGC 7095,Sc,21.8733,-81.5314,113500000.0,66030.0,-20.61
NGC 7096,Sa,21.6886,-63.9083,125500000.0,32860.0,-20.13
NGC 7097,E5,21.67,-42.5392,105700000.0,27670.0,-19.95
NGC 7097A,E0,21.6769,-42.4803,107100000.0,9348.0,-17.48
NGC 7098,SBa,21.7378,-75.1108,104700000.0,60920.0,-20.33
NGC 7101,E0,21.6594,8.8772,377200000.0,27430.0,-20.82
NGC 7102,SBb,21.6622,6.2858,201200000.0,46820.0,-20.25
NGC 7103,E1,21.6642,-22.4733,429900000.0,87550.0,-20.3
NGC 7104,E0,21.6675,-22.4244,415400000.0,42300.0,-20.73
NGC 7105,S0,21.6947,-10.635,250200000.0,36390.0,-20.12
NGC 7106,SBc,21.71,-52.6992,137300000.0,33940.0,-19.22
NGC 7107,Irr,21.7072,-44.7919,89380000.0,27300.0,-18.99
NGC 7108,E0,21.6981,-6.7086,305800000.0,62270.0,-19.76
NGC 7109,E0,21.6994,-34.4461,232900000.0,23720.0,-19.87
NGC 7110,SBb,21.7033,-34.1628,226400000.0,42810.0,-19.91
NGC 7113,E0,21.7072,12.5692,246100000.0,50100.0,-19.19
NGC 7115,Sb,21.7275,-25.3511,145900000.0,36080.0,-19.75
NGC 7116,Sc,21.7111,28.9467,143800000.0,23000.0,-18.92
NGC 7117,S0,21.7631,-48.4211,294100000.0,59880.0,-21.07
NGC 7118,S0,21.7692,-48.3533,294100000.0,59880.0,-21.27
NGC 7119-1,SBc,21.7708,-46.5156,431100000.0,75240.0,-22.01
NGC 7119-2,Sc,21.7706,-46.5197,418300000.0,36500.0,-21.84
NGC 7120,Sb,21.7425,-6.5231,300500000.0,34970.0,-19.62
NGC 7121,Sc,21.7478,-3.6197,364700000.0,58350.0,-20.64
NGC 7123,Sa,21.8461,-70.3339,162200000.0,70790.0,-20.88
NGC 7124,SBc,21.8014,-50.5656,220900000.0,89950.0,-20.95
NGC 7125,SBc,21.8211,-60.7125,129900000.0,56670.0,-20.5
NGC 7126,Sc,21.8217,-60.6094,121700000.0,49550.0,-19.96
NGC 7130,Sa,21.8053,-34.9528,203800000.0,47420.0,-20.98
NGC 7131,S0,21.7933,-13.1822,276500000.0,68360.0,-19.74
NGC 7132,Sc,21.7878,10.2414,366600000.0,58650.0,-20.35
NGC 7135,S0,21.8294,-34.8761,80160000.0,24480.0,-19.25
NGC 7137,SBc,21.8036,22.1597,60780000.0,14140.0,-18.25
NGC 7138,SBa,21.8169,12.5139,359800000.0,62790.0,-20.11
NGC 7140,SBc,21.8708,-55.5697,124400000.0,74190.0,-20.41
NGC 7144,E0,21.8783,-48.2547,85790000.0,46170.0,-20.2
NGC 7145,E0,21.8889,-47.8825,77850000.0,28310.0,-19.79
NGC 7146,SBb,21.8631,3.0172,387500000.0,56360.0,-20.07
NGC 7147,SBa,21.8661,3.0722,408100000.0,59350.0,-20.99
NGC 7149,E0,21.8697,3.3017,381100000.0,72060.0,-21.14
NGC 7151,SBc,21.9178,-50.6581,74680000.0,31500.0,-18.3
NGC 7152,SBb,21.8997,-29.2892,280300000.0,48920.0,-20.27
NGC 7153,Sb,21.9097,-29.0639,299800000.0,82840.0,-20.52
NGC 7154,Irr,21.9225,-34.8139,105200000.0,33680.0,-19.64
NGC 7155,S0,21.9358,-49.5219,74230000.0,24830.0,-18.59
NGC 7156,SBc,21.9092,2.9422,162500000.0,40190.0,-20.29
NGC 7157,SBa,21.9489,-25.3508,387700000.0,62030.0,-20.38
NGC 7159,E0,21.9403,13.5631,482600000.0,42120.0,-20.65
NGC 7162,Sc,21.9939,-43.3044,92100000.0,37510.0,-18.95
NGC 7162A,Irr,22.0097,-43.1417,91340000.0,34540.0,-18.94
NGC 7163,SBb,21.9889,-31.8836,116200000.0,32110.0,-19.06
NGC 7164-1,Sa,21.9397,1.3644,280200000.0,28530.0,-19.07
NGC 7164-2,S0,21.94,1.3628,336900000.0,14700.0,-19.07
NGC 7165,Sb,21.9906,-16.5128,232600000.0,30450.0,-19.77
NGC 7166,S0,22.0089,-43.39,98300000.0,34310.0,-19.59
NGC 7167,SBc,22.0083,-24.6331,101700000.0,25150.0,-19.57
NGC 7168,E3,22.0353,-51.7433,114200000.0,31550.0,-19.82
NGC 7169,S0,22.0467,-47.6975,439700000.0,63950.0,-21.15
NGC 7170,S0,22.0239,-5.4322,361300000.0,63060.0,-20.72
NGC 7171,SBb,22.0169,-13.2697,148400000.0,56120.0,-20.29
NGC 7172,Sa,22.0336,-31.87,103200000.0,36040.0,-19.8
NGC 7173,E0,22.0342,-31.9731,113700000.0,19840.0,-19.81
NGC 7174,Sb,22.0347,-31.9925,111800000.0,37400.0,-18.77
NGC 7176,E0,22.0356,-31.9906,141100000.0,16420.0,-20.68
NGC 7177,SBb,22.0114,17.7372,66860000.0,31120.0,-19.56
NGC 7178,SBb,22.0403,-35.7908,416800000.0,66680.0,-20.73
NGC 7179,SBc,22.0803,-64.0469,123600000.0,35960.0,-19.59
NGC 7180,S0,22.0383,-20.5478,66360000.0,14480.0,-17.94
NGC 7181,S0,22.0286,-1.96,349400000.0,50820.0,-19.75
NGC 7182,Sa,22.0308,-2.1961,357300000.0,46780.0,-19.9
NGC 7183,Sa,22.0392,-18.9156,103500000.0,57180.0,-19.61
NGC 7184,SBc,22.0442,-20.8125,127400000.0,109300.0,-21.16
NGC 7185,S0,22.0489,-20.4714,65230000.0,21820.0,-18.3
NGC 7187,S0,22.0456,-32.8033,107200000.0,20260.0,-19.18
NGC 7188,SBc,22.0581,-20.3175,65100000.0,15150.0,-17.5
NGC 7189,SBb,22.0542,0.5714,391400000.0,56930.0,-21.1
NGC 7190,Sa,22.0517,11.1997,387700000.0,50740.0,-20.57
NGC 7191,SBc,22.1142,-64.6336,125800000.0,29270.0,-19.13
NGC 7192,E0,22.1136,-64.3161,123300000.0,34080.0,-20.69
NGC 7194,E0,22.0583,12.6369,347600000.0,55600.0,-20.84
NGC 7195,S0,22.0583,12.6614,345500000.0,20100.0,-19.62
NGC 7196,E0,22.0983,-50.1192,143200000.0,52060.0,-20.81
NGC 7197,Sa,22.0492,41.0594,194500000.0,45260.0,-19.58
NGC 7198,S0,22.0872,-0.6478,208400000.0,45460.0,-19.43
NGC 7199,SBa,22.1417,-64.7061,128100000.0,20490.0,-19.07
NGC 7200,E0,22.1192,-49.9956,177700000.0,31010.0,-19.88
NGC 7201,Sa,22.1089,-31.2639,185100000.0,43080.0,-19.97
NGC 7203,SBa,22.1119,-31.1633,180500000.0,41990.0,-20.11
NGC 7204-1,Sa,22.1147,-31.05,104000000.0,24200.0,-18.02
NGC 7204-2,SBb,22.1153,-31.0536,104000000.0,16640.0,-17.52
NGC 7205,Sc,22.1425,-57.4425,66050000.0,38430.0,-19.93
NGC 7205A,SBc,22.1256,-57.4642,310700000.0,54240.0,-20.39
NGC 7206,S0,22.0944,16.7853,417900000.0,60780.0,-21.14
NGC 7207,S0,22.0958,16.7678,389300000.0,33970.0,-19.58
NGC 7208,S0,22.14,-29.0514,118200000.0,15470.0,-19.0
NGC 7211,S0,22.1058,-8.0894,366600000.0,53320.0,-19.95
NGC 7212,Sb,22.1172,10.2347,332100000.0,57960.0,-20.14
NGC 7213,Sa,22.1544,-47.1669,70000000.0,31560.0,-20.66
NGC 7214,SBc,22.1519,-27.8097,290900000.0,93090.0,-21.55
NGC 7215,S0,22.1428,0.5122,179400000.0,28700.0,-18.7
NGC 7216,S0,22.21,-68.6619,150500000.0,37210.0,-19.82
NGC 7217,Sb,22.1311,31.3594,50000000.0,29090.0,-19.93
NGC 7218,SBc,22.1697,-16.6606,85780000.0,32440.0,-19.4
NGC 7219,SBa,22.2189,-64.8489,125500000.0,31040.0,-19.63
NGC 7220,S0,22.1917,-22.9531,222500000.0,29130.0,-19.67
NGC 7221,SBc,22.1875,-30.5633,180200000.0,52430.0,-20.81
NGC 7222,SBb,22.1808,2.1064,549000000.0,95820.0,-21.33
NGC 7223,SBc,22.1692,41.0172,193900000.0,39480.0,-20.47
NGC 7224,E0,22.1931,25.865,539000000.0,125400.0,-21.49
NGC 7225,Sa,22.2186,-26.1483,205100000.0,59650.0,-20.79
NGC 7227,S0,22.1919,38.7208,289200000.0,54690.0,-19.94
NGC 7228,SBa,22.1967,38.6989,279000000.0,85220.0,-19.96
NGC 7229,SBc,22.2342,-29.3833,179000000.0,46870.0,-20.5
NGC 7230,SBc,22.2369,-17.0744,195900000.0,25640.0,-18.99
NGC 7231,SBa,22.2083,45.3286,36360000.0,10050.0,-16.34
NGC 7232,SBa,22.2603,-45.8503,85240000.0,32230.0,-19.19
NGC 7232A,SBb,22.2281,-45.8936,95580000.0,29190.0,-18.33
NGC 7232B,Irr,22.2644,-45.7806,81450000.0,18950.0,-18.39
NGC 7233,SBa,22.2636,-45.8464,75480000.0,18660.0,-18.72
NGC 7236,S0,22.2458,13.8464,287700000.0,25110.0,-20.13
NGC 7237,S0,22.2461,13.8408,437900000.0,38210.0,-20.74
NGC 7239,S0,22.2503,-5.0528,345500000.0,55270.0,-19.32
NGC 7240,S0,22.2561,37.2806,253400000.0,22110.0,-19.15
NGC 7241,SBc,22.2636,19.2314,48840000.0,24150.0,-17.38
NGC 7242,E0,22.2608,37.2978,244800000.0,81880.0,-20.48
NGC 7244,Sc,22.2739,16.4717,321800000.0,32760.0,-20.37
NGC 7246,Sa,22.295,-15.57,188600000.0,41140.0,-18.41
NGC 7247,SBb,22.2947,-23.7306,95980000.0,19540.0,-18.94
NGC 7248,S0,22.2811,40.5053,171100000.0,44780.0,-20.1
NGC 7249,S0,22.3417,-55.1247,527400000.0,84380.0,-21.64
NGC 7250,Irr,22.3047,40.5631,38770000.0,9585.0,-17.17
NGC 7251,Sa,22.3408,-15.7731,202100000.0,55850.0,-20.36
NGC 7252,S0,22.3456,-24.6783,198700000.0,60700.0,-21.82
NGC 7253-1,SBc,22.3242,29.3969,190100000.0,47010.0,-19.43
NGC 7253-2,Sc,22.325,29.3878,185900000.0,43270.0,-18.78
NGC 7255,Sa,22.3856,-15.5411,223700000.0,42290.0,-19.18
NGC 7256,SBb,22.3767,-21.7347,118900000.0,22490.0,-18.81
NGC 7257,SBc,22.3767,-4.1208,243100000.0,67180.0,-20.66
NGC 7258,Sb,22.3828,-28.3453,159800000.0,32540.0,-19.55
NGC 7259,Sb,22.3847,-28.9544,63760000.0,10200.0,-17.56
NGC 7262,S0,22.3911,-32.3647,361300000.0,42040.0,-20.42
NGC 7263-1,Sa,22.3625,36.3497,261400000.0,30410.0,-18.92
NGC 7263-2,E0,22.3628,36.3525,261400000.0,15210.0,-18.52
NGC 7264,Sb,22.3703,36.3869,176800000.0,56560.0,-19.07
NGC 7265,S0,22.3742,36.2103,205300000.0,71670.0,-20.69
NGC 7266,Sa,22.3997,-4.0731,218300000.0,28580.0,-19.33
NGC 7267,SBa,22.4058,-33.6933,137100000.0,31900.0,-20.22
NGC 7268,S0,22.4278,-31.2011,154000000.0,24630.0,-19.07
NGC 7268A,E0,22.4283,-31.2003,436600000.0,69840.0,-20.13
NGC 7269,Sb,22.4294,-13.1669,423700000.0,61630.0,-21.07
NGC 7270,Sc,22.3964,32.4031,282900000.0,37030.0,-19.79
NGC 7271,S0,22.3992,32.3675,444100000.0,45210.0,-19.07
NGC 7272,SBa,22.4086,16.5886,440500000.0,57660.0,-20.95
NGC 7273,S0,22.4025,36.2003,225000000.0,26180.0,-19.39
NGC 7274,E0,22.4031,36.1264,245800000.0,53630.0,-20.09
NGC 7275,Sa,22.4047,32.4469,277100000.0,36270.0,-19.55
NGC 7276,E0,22.4039,36.0881,264800000.0,34660.0,-19.65
NGC 7277,Sb,22.4361,-31.1458,168800000.0,36820.0,-19.47
NGC 7278,SBc,22.4728,-60.1694,233000000.0,27120.0,-19.07
NGC 7279,SBc,22.4533,-35.14,392600000.0,68510.0,-21.1
NGC 7280,SBa,22.4408,16.1483,76490000.0,23360.0,-18.85
NGC 7282,SBb,22.4314,40.3156,189500000.0,68890.0,-18.92
NGC 7283,Sb,22.4756,17.4708,309100000.0,40460.0,-19.58
NGC 7284,S0,22.4764,-24.8444,189000000.0,63230.0,-20.81
NGC 7285,SBa,22.4769,-24.8406,177900000.0,54330.0,-20.88
NGC 7286,Sa,22.4639,29.0967,30430000.0,7082.0,-16.35
NGC 7287A,S0,22.48,-22.2022,527300000.0,23010.0,-20.04
NGC 7288,Sa,22.4706,-2.8847,198700000.0,66460.0,-20.02
NGC 7289,S0,22.4889,-35.4719,365200000.0,69040.0,-21.04
NGC 7290,Sc,22.4739,17.1478,113800000.0,26480.0,-18.91
NGC 7291,S0,22.4747,16.7836,456000000.0,119400.0,-21.23
NGC 7292,Irr,22.4736,30.2931,29630000.0,9050.0,-16.79
NGC 7294,S0,22.5353,-25.3981,439200000.0,127700.0,-22.15
NGC 7297,Sc,22.5194,-37.8269,486000000.0,63620.0,-21.37
NGC 7298,Sc,22.5139,-14.1886,209600000.0,39630.0,-19.64
NGC 7299,SBc,22.5258,-37.8097,402600000.0,40990.0,-20.66
NGC 7300,SBb,22.5164,-14.0031,222600000.0,67980.0,-20.47
NGC 7301,SBb,22.5094,-17.5736,307000000.0,44650.0,-20.77
NGC 7302,S0,22.5397,-14.1208,77630000.0,20320.0,-18.58
NGC 7303,Sc,22.5258,30.9567,150700000.0,32870.0,-19.72
NGC 7305,S0,22.5369,11.7128,345500000.0,35170.0,-20.02
NGC 7306,Sb,22.5544,-27.2458,145700000.0,36030.0,-19.75
NGC 7307,SBc,22.5644,-40.9347,113800000.0,56280.0,-19.81
NGC 7308,S0,22.5756,-12.9336,238300000.0,41590.0,-19.62
NGC 7309,SBc,22.5722,-10.3561,163300000.0,47490.0,-20.3
NGC 7310,SBc,22.5767,-22.485,417700000.0,54680.0,-20.84
NGC 7311,Sb,22.5683,5.57,186100000.0,43300.0,-20.38
NGC 7312,SBb,22.5761,5.8175,353300000.0,77080.0,-20.87
NGC 7313,SBb,22.5922,-26.1019,255500000.0,26010.0,-19.47
NGC 7314,SBc,22.5958,-26.0503,70050000.0,46860.0,-20.06
NGC 7315,S0,22.5919,34.8039,257900000.0,60020.0,-20.79
NGC 7316,Sc,22.5989,20.3222,232400000.0,37180.0,-20.66
NGC 7317,E4,22.5975,33.9453,282200000.0,16420.0,-20.09
NGC 7318-1,E2,22.5989,33.9661,282900000.0,49380.0,-20.29
NGC 7318-2,SBc,22.5994,33.9667,242300000.0,56380.0,-20.35
NGC 7319,SBc,22.6008,33.9764,281000000.0,57220.0,-20.58
NGC 7320,Sc,22.6008,33.9483,63760000.0,20400.0,-18.25
NGC 7320A,S0,22.6089,33.7961,336900000.0,19600.0,-19.07
NGC 7320B,S0,22.6244,33.9233,275100000.0,24010.0,-19.03
NGC 7320C,SBa,22.6056,33.9856,252800000.0,22060.0,-17.55
NGC 7321,SBb,22.6075,21.6219,303200000.0,70550.0,-21.04
NGC 7322,Sa,22.6308,-37.2314,505300000.0,66150.0,-21.45
NGC 7323,Sb,22.6147,19.1444,234200000.0,47680.0,-20.38
NGC 7324,S0,22.6169,19.1467,430700000.0,62640.0,-20.6
NGC 7328,Sb,22.6247,10.5317,110000000.0,31990.0,-18.54
NGC 7329,SBc,22.6733,-66.4792,131100000.0,70560.0,-20.62
NGC 7330,E0,22.6156,38.5481,223300000.0,45470.0,-20.88
NGC 7331,Sc,22.6181,34.4203,47870000.0,71020.0,-20.53
NGC 7332,S0,22.6233,23.7981,75020000.0,44740.0,-19.81
NGC 7335,Sa,22.6219,34.4483,267500000.0,46690.0,-19.87
NGC 7336,S0,22.6225,34.4822,390400000.0,45420.0,-19.99
NGC 7337,SBb,22.6239,34.3739,293600000.0,42700.0,-19.37
NGC 7339,SBc,22.6297,23.7864,55450000.0,22580.0,-18.05
NGC 7340,E0,22.6289,34.4106,271300000.0,35510.0,-19.7
NGC 7341,SBb,22.6514,-22.6664,180800000.0,63120.0,-20.42
NGC 7342,SBa,22.6369,35.4986,345800000.0,65390.0,-20.23
NGC 7343,SBc,22.6436,34.0717,257700000.0,37480.0,-20.19
NGC 7344,Sb,22.66,-4.1589,315000000.0,68720.0,-20.42
NGC 7345,Sa,22.6456,35.5406,333800000.0,58260.0,-19.85
NGC 7346,E0,22.6597,11.0839,478700000.0,27850.0,-20.13
NGC 7347,Sc,22.6656,11.0278,83900000.0,18300.0,-17.45
NGC 7348,SBc,22.6767,11.9061,310000000.0,49600.0,-20.19
NGC 7349,SBb,22.6872,-21.7967,192700000.0,28020.0,-18.76
NGC 7351,S0,22.6906,-4.4442,40390000.0,10570.0,-16.56
NGC 7353,S0,22.7033,11.8772,325200000.0,28380.0,-19.09
NGC 7355,Sb,22.725,-36.8653,519400000.0,75550.0,-20.91
NGC 7356,Sc,22.7006,30.7094,309700000.0,49550.0,-19.99
NGC 7357,Sb,22.7064,30.1719,311200000.0,67900.0,-19.7
NGC 7358,S0,22.76,-65.1217,144000000.0,39780.0,-19.52
NGC 7359,S0,22.7464,-23.6881,135500000.0,47300.0,-19.59
NGC 7360,S0,22.7261,4.1519,192800000.0,19630.0,-19.26
NGC 7361,Sc,22.7047,-30.0575,70000000.0,39710.0,-18.66
NGC 7362,E0,22.7303,8.7058,338900000.0,54220.0,-21.28
NGC 7363,SBc,22.7217,33.9986,22990000.0,3678.0,-14.74
NGC 7364,Sa,22.74,-0.1625,200600000.0,52510.0,-20.34
NGC 7365,S0,22.7528,-19.9517,123000000.0,26830.0,-18.88
NGC 7366,S0,22.7406,10.7819,233000000.0,13560.0,-19.07
NGC 7367,Sb,22.7428,3.6464,306500000.0,71330.0,-20.16
NGC 7368,SBb,22.7586,-39.3419,117400000.0,49500.0,-19.58
NGC 7369,Sc,22.7367,34.3517,279200000.0,56840.0,-19.96
NGC 7370,S0,22.7603,11.0583,352700000.0,25650.0,-19.07
NGC 7371,SBa,22.7675,-11.0006,103900000.0,30210.0,-20.01
NGC 7372,Sc,22.7628,11.1314,501700000.0,72970.0,-21.43
NGC 7373,S0,22.7719,3.21,208400000.0,39410.0,-19.33
NGC 7374,Sc,22.7669,10.8536,300200000.0,39300.0,-20.02
NGC 7375,Sa,22.7756,21.0842,309800000.0,36040.0,-20.29
NGC 7376,Sa,22.7881,3.6453,267600000.0,27240.0,-19.07
NGC 7377,SBa,22.7964,-22.3114,134100000.0,58520.0,-21.17
NGC 7378,SBb,22.7964,-11.8167,99050000.0,21610.0,-18.91
NGC 7379,SBa,22.7922,40.2392,236900000.0,37900.0,-20.01
NGC 7381,Sc,22.8356,-19.7247,199800000.0,20340.0,-18.94
NGC 7382,Sa,22.8397,-36.8569,505000000.0,88140.0,-21.35
NGC 7383,S0,22.8264,11.5569,345600000.0,40210.0,-20.03
NGC 7385,E0,22.8317,11.6081,307800000.0,58200.0,-21.67
NGC 7386,S0,22.8339,11.6981,307000000.0,80360.0,-21.37
NGC 7387,S0,22.8381,11.6372,292900000.0,29820.0,-19.47
NGC 7389,S0,22.8378,11.5667,336900000.0,68590.0,-20.27
NGC 7390,S0,22.8386,11.5311,330000000.0,48000.0,-19.73
NGC 7391,E0,22.8433,-1.5447,208800000.0,51630.0,-20.83
NGC 7392,SBc,22.8633,-20.6086,141200000.0,45190.0,-20.58
NGC 7393,SBc,22.8606,-5.5572,152000000.0,44220.0,-19.74
NGC 7395,S0,22.8506,37.0883,251900000.0,43960.0,-19.44
NGC 7396,Sa,22.8728,1.0922,205400000.0,71690.0,-20.19
NGC 7397,SBa,22.8794,1.1325,213000000.0,21680.0,-18.77
NGC 7398,Sa,22.8803,1.2017,447700000.0,78140.0,-21.09
NGC 7399,Sa,22.8775,-9.2675,198600000.0,26000.0,-19.32
NGC 7400,Sc,22.9056,-45.3472,120100000.0,47160.0,-19.23
NGC 7401,Sa,22.8828,1.1425,222300000.0,32340.0,-18.37
NGC 7402,S0,22.8844,1.145,206400000.0,21010.0,-18.51
NGC 7404,S0,22.905,-39.3147,75210000.0,16410.0,-18.01
NGC 7406,S0,22.8989,-6.5789,72060000.0,11530.0,-16.72
NGC 7407,Sc,22.8892,32.1297,272200000.0,79180.0,-20.61
NGC 7408,SBc,22.9322,-63.6953,147800000.0,34400.0,-19.98
NGC 7409,S0,22.8967,20.2108,296500000.0,25880.0,-19.39
NGC 7410,SBa,22.9167,-39.6622,66840000.0,50550.0,-20.26
NGC 7411,E0,22.9094,20.2367,289100000.0,37840.0,-20.34
NGC 7412,SBb,22.9294,-42.6414,65950000.0,36450.0,-19.63
NGC 7412A,SBc,22.9519,-42.805,30830000.0,15700.0,-15.38
NGC 7413,S0,22.9175,13.2211,418400000.0,60860.0,-20.44
NGC 7414,S0,22.9233,13.2489,441800000.0,25700.0,-18.86
NGC 7415-1,Sb,22.9142,20.2622,517200000.0,82750.0,-20.5
NGC 7415-2,S0,22.9147,20.2619,517200000.0,37610.0,-20.5
NGC 7416,SBb,22.9281,-5.495,111700000.0,51970.0,-19.47
NGC 7417,SBb,22.9636,-65.0383,137200000.0,47890.0,-19.92
NGC 7418,SBc,22.9431,-37.0289,52760000.0,26860.0,-19.34
NGC 7418A,Sc,22.9447,-36.7728,81940000.0,41710.0,-18.2
NGC 7420,Sc,22.9256,29.8056,406900000.0,47340.0,-20.38
NGC 7421,SBc,22.9483,-37.345,69960000.0,20350.0,-19.16
NGC 7422,Sb,22.9367,3.9269,198800000.0,28920.0,-19.62
NGC 7424,SBc,22.955,-41.0708,40000000.0,55270.0,-19.54
NGC 7425,SBa,22.9542,-10.95,320400000.0,41930.0,-19.36
NGC 7426,E0,22.9342,36.3622,224400000.0,55490.0,-20.79
NGC 7427,S0,22.9525,8.5061,1180000000.0,120100.0,-21.69
NGC 7428,SBa,22.9553,-1.0492,121200000.0,42320.0,-19.35
NGC 7430,S0,22.9581,8.7944,296500000.0,17250.0,-19.49
NGC 7431,E0,22.9606,26.1644,549600000.0,31970.0,-20.13
NGC 7432,E0,22.9672,13.1344,337600000.0,78550.0,-20.67
NGC 7433,S0,22.9642,26.1622,336200000.0,34230.0,-19.37
NGC 7434,S0,22.9725,-1.1833,353400000.0,30840.0,-19.07
NGC 7435,SBa,22.965,26.1389,317000000.0,55330.0,-19.74
NGC 7436,E0,22.9656,26.1497,313800000.0,91270.0,-21.02
NGC 7436B,S0,22.9656,26.1497,327000000.0,28530.0,-19.51
NGC 7437,Sc,22.9694,14.3086,78420000.0,20530.0,-17.9
NGC 7439,S0,22.9692,29.2289,416900000.0,60640.0,-20.63
NGC 7440,SBa,22.9756,35.8031,238600000.0,48580.0,-19.92
NGC 7441,Sc,22.9447,-7.3797,183000000.0,34600.0,-19.24
NGC 7442,Sc,22.9906,15.5483,308200000.0,49300.0,-20.68
NGC 7443,Sa,23.0022,-12.8078,139600000.0,28430.0,-19.36
NGC 7444,S0,23.0022,-12.8342,126000000.0,31150.0,-19.03
NGC 7445,S0,22.9894,39.1081,280200000.0,28530.0,-19.07
NGC 7446,E0,22.9911,39.0833,380200000.0,44240.0,-20.13
NGC 7448,Sc,23.0008,15.98,95400000.0,36080.0,-20.13
NGC 7449,E0,22.9936,39.1458,226000000.0,32870.0,-19.1
NGC 7450,Sa,23.0131,-12.9178,126900000.0,33210.0,-18.85
NGC 7451,SBc,23.0111,8.4675,281800000.0,40990.0,-19.78
NGC 7452,S0,23.0131,6.7458,424100000.0,24670.0,-19.07
NGC 7454,E4,23.0183,16.3892,81110000.0,25950.0,-19.18
NGC 7455,Sa,23.0111,7.3033,313600000.0,27360.0,-19.61
NGC 7456,Sc,23.0361,-39.5692,58640000.0,46910.0,-18.87
NGC 7457,S0,23.0164,30.1447,40440000.0,25290.0,-18.47
NGC 7458,E0,23.0244,1.7533,205800000.0,41900.0,-20.4
NGC 7459-1,S0,23.0164,6.7494,336900000.0,19600.0,-19.07
NGC 7459-2,Irr,23.0167,6.7508,602600000.0,70120.0,-20.13
NGC 7460,Sb,23.0283,2.2636,126400000.0,27570.0,-19.34
NGC 7461,S0,23.03,15.5825,174600000.0,22850.0,-19.14
NGC 7462,SBc,23.0461,-40.8356,43760000.0,27370.0,-18.44
NGC 7463,SBb,23.0308,15.9819,92590000.0,35010.0,-18.56
NGC 7464,E1,23.0314,15.9744,64250000.0,4673.0,-17.17
NGC 7465,S0,23.0333,15.9653,71560000.0,22900.0,-18.41
NGC 7466,Sb,23.0342,27.0531,317300000.0,69220.0,-20.54
NGC 7467,E0,23.0408,15.5547,505000000.0,29380.0,-20.45
NGC 7468,E1,23.0497,16.6044,77620000.0,10160.0,-17.78
NGC 7468A,SBa,23.0814,16.6789,92820000.0,17550.0,-17.27
NGC 7469,SBa,23.0542,8.8739,202100000.0,41160.0,-21.06
NGC 7470,Sc,23.0869,-50.1117,155300000.0,31620.0,-19.09
NGC 7473,S0,23.0658,30.16,308600000.0,49370.0,-20.18
NGC 7474,S0,23.0678,20.0678,449700000.0,32700.0,-20.2
NGC 7475-1,E0,23.0694,20.0792,363100000.0,58090.0,-20.13
NGC 7475-2,E0,23.0697,20.0844,501200000.0,36450.0,-20.13
NGC 7476,SBb,23.0867,-43.0981,121000000.0,24640.0,-19.25
NGC 7477,S0,23.0778,3.1183,424100000.0,18500.0,-19.07
NGC 7478,Sa,23.0822,2.5775,336900000.0,19600.0,-19.07
NGC 7479,SBc,23.0822,12.3222,101400000.0,59010.0,-20.86
NGC 7480,Sa,23.0869,2.5494,193500000.0,36580.0,-18.87
NGC 7480B,Sb,23.0836,2.5406,280200000.0,24450.0,-19.07
NGC 7482,E0,23.0939,3.0589,221200000.0,19310.0,-19.46
NGC 7483,SBa,23.0967,3.5453,204100000.0,47500.0,-19.98
NGC 7484,E0,23.1178,-36.2728,109800000.0,28760.0,-20.44
NGC 7485,S0,23.1011,34.1081,249600000.0,43570.0,-20.22
NGC 7487,S0,23.1139,28.1794,422000000.0,122800.0,-20.76
NGC 7488,S0,23.13,0.9411,555200000.0,48450.0,-21.36
NGC 7489,Sc,23.1256,22.9978,262700000.0,80230.0,-20.43
NGC 7490,Sc,23.1236,32.3756,262500000.0,103100.0,-21.23
NGC 7491,Sc,23.135,-5.9664,276300000.0,40190.0,-20.04
NGC 7494,E1,23.1494,-24.3692,436600000.0,50800.0,-20.13
NGC 7495,Sc,23.1492,12.0481,201800000.0,52830.0,-20.26
NGC 7496,SBb,23.1628,-43.4275,62960000.0,30220.0,-19.53
NGC 7496A,Irr,23.2064,-43.7786,70720000.0,14400.0,-17.08
NGC 7496B,S0,23.2058,-43.7775,336900000.0,19600.0,-19.07
NGC 7497,SBc,23.1508,18.1775,70000000.0,44800.0,-18.66
NGC 7498,Sb,23.1656,-24.4244,341500000.0,44700.0,-19.9
NGC 7499,S0,23.1728,7.5811,505700000.0,88260.0,-21.95
NGC 7500,S0,23.1747,11.0128,469700000.0,143500.0,-21.19
NGC 7501,E1,23.175,7.5894,550500000.0,40030.0,-21.54
NGC 7503,E2,23.1783,7.5681,574200000.0,66810.0,-21.83
NGC 7505,S0,23.1833,13.6314,303200000.0,35270.0,-19.54
NGC 7506,Sa,23.1947,-2.1597,157900000.0,39050.0,-19.42
NGC 7507,E0,23.2019,-28.5386,79490000.0,32370.0,-20.53
NGC 7508,S0,23.1969,12.9411,537800000.0,78230.0,-20.49
NGC 7509,E0,23.2058,14.6097,217000000.0,34720.0,-19.31
NGC 7511,S0,23.2072,13.7269,203100000.0,32490.0,-19.07
NGC 7512,E0,23.2056,31.1256,290100000.0,63290.0,-21.05
NGC 7513,SBb,23.2203,-28.3581,56630000.0,26360.0,-18.5
NGC 7514,Sc,23.2069,34.8811,201800000.0,41100.0,-20.36
NGC 7515,Sc,23.2133,12.6797,183400000.0,45360.0,-20.55
NGC 7516,S0,23.2142,20.2489,221600000.0,35460.0,-19.76
NGC 7517,E0,23.2203,-2.1,321900000.0,28090.0,-19.57
NGC 7518,Sa,23.22,6.3217,141600000.0,28830.0,-18.99
NGC 7519,Sb,23.2197,10.7717,457900000.0,86580.0,-20.94
NGC 7520,Sa,23.2147,-23.4689,134100000.0,25360.0,-19.07
NGC 7521,S0,23.2264,-1.7306,304600000.0,26590.0,-19.95
NGC 7523,S0,23.2261,13.9867,524700000.0,76310.0,-20.33
NGC 7524,Sa,23.2294,-1.7306,309800000.0,36040.0,-18.89
NGC 7525-1,E0,23.2278,14.0214,530500000.0,46300.0,-20.96
NGC 7525-2,S0,23.2278,14.0242,530500000.0,30860.0,-19.86
NGC 7527,E0,23.2281,24.9028,353900000.0,66910.0,-20.68
NGC 7528,E0,23.2389,10.2311,575500000.0,33480.0,-20.13
NGC 7529,Sc,23.2342,8.9922,186300000.0,24380.0,-19.18
NGC 7530,Sa,23.2364,-2.7789,155900000.0,20410.0,-17.9
NGC 7531,Sc,23.2467,-43.5989,82190000.0,53800.0,-19.91
NGC 7532,SBa,23.2394,-2.7278,142300000.0,28970.0,-18.5
NGC 7533,Sa,23.2394,-2.0333,348100000.0,35440.0,-19.34
NGC 7534,Irr,23.2406,-2.6994,154300000.0,22450.0,-18.87
NGC 7535,Sc,23.2367,13.5822,189200000.0,41290.0,-19.52
NGC 7536,SBc,23.2369,13.4267,202000000.0,55820.0,-19.86
NGC 7537,Sc,23.2428,4.4989,141000000.0,43070.0,-19.38
NGC 7539,S0,23.2414,23.6847,254200000.0,55460.0,-20.86
NGC 7540-1,E0,23.2433,15.9503,478700000.0,34810.0,-20.13
NGC 7540-2,E0,23.2436,15.9528,691900000.0,20130.0,-20.13
NGC 7541,SBc,23.2453,4.5344,115300000.0,58690.0,-20.34
NGC 7542,S0,23.2447,10.6433,255500000.0,29730.0,-19.07
NGC 7543,Sc,23.2428,28.3278,293700000.0,46990.0,-20.77
NGC 7544,S0,23.2489,-2.1989,313700000.0,36510.0,-18.82
NGC 7545,SBb,23.2589,-38.535,82210000.0,13150.0,-18.21
NGC 7546,SBc,23.2514,-2.3256,348600000.0,55770.0,-19.24
NGC 7547,SBa,23.2508,18.9736,199200000.0,31870.0,-19.33
NGC 7548,S0,23.2531,25.2819,340700000.0,54510.0,-20.69
NGC 7549,SBc,23.2547,19.0414,193200000.0,78680.0,-19.96
NGC 7550,S0,23.2544,18.9608,211700000.0,43110.0,-20.86
NGC 7551,S0,23.2561,15.9408,533900000.0,23290.0,-19.07
NGC 7552,SBb,23.2694,-42.5847,60240000.0,29790.0,-19.93
NGC 7553,S0,23.2592,19.0486,230300000.0,13400.0,-18.84
NGC 7554,E0,23.2614,-2.3781,354700000.0,20640.0,-19.28
NGC 7556,S0,23.2622,-2.3814,332800000.0,121000.0,-21.34
NGC 7556A,E0,23.2619,-2.3858,549600000.0,23980.0,-20.13
NGC 7557,S0,23.2608,6.7089,150000000.0,13090.0,-18.11
NGC 7558,S0,23.2606,18.9203,376800000.0,21920.0,-19.41
NGC 7559-1,S0,23.2628,13.2903,203700000.0,29630.0,-19.28
NGC 7559-2,S0,23.2628,13.2969,203700000.0,8890.0,-17.98
NGC 7562,E2,23.2658,6.6872,186900000.0,59800.0,-21.19
NGC 7562A,Irr,23.2669,6.6531,140100000.0,30570.0,-17.67
NGC 7563,SBa,23.2653,13.1967,176400000.0,48740.0,-19.76
NGC 7566,Sa,23.2769,-2.3303,353300000.0,71940.0,-20.67
NGC 7567,Sc,23.2694,15.8511,177300000.0,23210.0,-18.18
NGC 7569,S0,23.2789,8.9067,288600000.0,41970.0,-20.43
NGC 7570,SBa,23.2789,13.4833,193400000.0,45000.0,-19.96
NGC 7572,Sa,23.2806,18.4833,577200000.0,67160.0,-20.94
NGC 7573,SBc,23.2739,-22.1539,342400000.0,64750.0,-21.21
NGC 7574,S0,23.2733,24.4972,402100000.0,52630.0,-20.95
NGC 7575,S0,23.2889,5.6614,444400000.0,32320.0,-20.87
NGC 7576,Sa,23.2894,-4.7278,143300000.0,27100.0,-19.41
NGC 7577,S0,23.2881,7.3658,424100000.0,18500.0,-19.07
NGC 7578-1,S0,23.2864,18.7014,517700000.0,60230.0,-21.1
NGC 7578-2,E1,23.2869,18.7083,521400000.0,30340.0,-21.12
NGC 7579,E0,23.2939,9.4339,532500000.0,38730.0,-20.96
NGC 7580,S0,23.2933,14.0014,181800000.0,21150.0,-19.43
NGC 7582,SBb,23.3064,-42.3697,71920000.0,52300.0,-20.42
NGC 7583,S0,23.2978,7.3794,545800000.0,55570.0,-21.02
NGC 7584,S0,23.2981,9.4336,559300000.0,32540.0,-20.77
NGC 7585,Sa,23.3003,-4.6503,137800000.0,46100.0,-20.83
NGC 7586,S0,23.2986,8.5844,830000000.0,48290.0,-20.53
NGC 7587,SBb,23.2997,9.6803,381300000.0,66550.0,-20.44
NGC 7588,S0,23.2992,18.7528,481300000.0,21000.0,-20.14
NGC 7589,Sa,23.3042,0.2617,396000000.0,63360.0,-20.12
NGC 7590,Sc,23.315,-42.2392,83170000.0,31450.0,-19.93
NGC 7591,SBc,23.3044,6.5861,240800000.0,66540.0,-20.54
NGC 7592,Sa,23.3061,-4.4164,310200000.0,49630.0,-20.49
NGC 7593,Sc,23.2989,11.3489,182600000.0,26560.0,-19.44
NGC 7594,Sb,23.3036,10.2978,467200000.0,95130.0,-21.18
NGC 7595,E0,23.3083,9.9322,524900000.0,38170.0,-20.13
NGC 7596,S0,23.2867,-6.9117,317700000.0,46210.0,-19.74
NGC 7597,S0,23.3083,18.6883,476600000.0,69320.0,-20.72
NGC 7598,Irr,23.3092,18.7497,503700000.0,21980.0,-20.04
NGC 7599,SBc,23.3222,-42.2581,78610000.0,50300.0,-19.71
NGC 7600,S0,23.3147,-7.58,140500000.0,51100.0,-20.27
NGC 7601,SBc,23.3131,9.2336,342800000.0,54840.0,-20.51
NGC 7602,Sa,23.3119,18.6989,501700000.0,43780.0,-20.63
NGC 7603,Sb,23.3156,0.2442,378400000.0,88060.0,-21.22
NGC 7604,S0,23.2975,7.43,152500000.0,6653.0,-17.85
NGC 7606,Sb,23.3178,-8.4864,113500000.0,89130.0,-21.11
NGC 7608,Sc,23.3208,8.3503,140400000.0,30630.0,-18.17
NGC 7609,S0,23.325,9.5086,513600000.0,97110.0,-20.89
NGC 7610,SBc,23.3281,10.1844,142400000.0,51760.0,-19.8
NGC 7611,SBa,23.3267,8.0636,132300000.0,28870.0,-19.54
NGC 7612,S0,23.3289,8.5769,127000000.0,29550.0,-19.25
NGC 7615,Sb,23.3317,8.3994,183300000.0,23990.0,-18.55
NGC 7617,S0,23.3356,8.1661,152400000.0,19950.0,-18.55
NGC 7618,E0,23.3297,42.8528,220400000.0,38460.0,-20.05
NGC 7619,E0,23.3372,8.2069,188800000.0,68630.0,-21.71
NGC 7620,Sc,23.3347,24.2208,411800000.0,65880.0,-21.91
NGC 7621,S0,23.34,8.3667,170500000.0,17360.0,-17.89
NGC 7622,S0,23.3606,-62.1175,350600000.0,61190.0,-20.66
NGC 7623,S0,23.3414,8.3964,149000000.0,28160.0,-19.5
NGC 7624,SBc,23.3394,27.3147,172800000.0,25130.0,-19.82
NGC 7625,Sa,23.3417,17.2267,56540000.0,13160.0,-18.39
NGC 7626,E0,23.345,8.2169,152400000.0,57640.0,-21.15
NGC 7628,E0,23.3486,25.8986,171200000.0,27390.0,-19.8
NGC 7629,S0,23.3553,1.4036,403900000.0,58740.0,-20.66
NGC 7630,S0,23.3544,11.3975,542400000.0,86770.0,-20.8
NGC 7631,Sb,23.3572,8.2175,187100000.0,46250.0,-19.89
NGC 7632,S0,23.3667,-42.4803,58950000.0,20580.0,-18.18
NGC 7633,SBa,23.3842,-67.6536,162500000.0,54360.0,-19.99
NGC 7634,S0,23.3614,8.8875,169600000.0,29600.0,-19.98
NGC 7636,S0,23.3758,-29.2808,305100000.0,39940.0,-20.15
NGC 7637,Sc,23.4411,-81.9111,160800000.0,49100.0,-20.26
NGC 7638,S0,23.3758,11.3294,353400000.0,30840.0,-19.47
NGC 7639,S0,23.38,11.3733,357400000.0,25990.0,-19.6
NGC 7640,SBc,23.3683,40.845,30790000.0,47020.0,-18.07
NGC 7641,Sa,23.375,11.8936,334200000.0,82640.0,-20.15
NGC 7642,Sa,23.3814,1.4428,383100000.0,33430.0,-20.75
NGC 7643,S0,23.3806,11.9886,156800000.0,31940.0,-19.31
NGC 7645,SBc,23.3964,-29.3881,293000000.0,63920.0,-20.97
NGC 7646,Sc,23.4017,-11.8603,314300000.0,41140.0,-20.22
NGC 7647,E0,23.3992,16.7778,497900000.0,101400.0,-21.22
NGC 7648,S0,23.3983,9.6683,142600000.0,33190.0,-19.4
NGC 7649,E0,23.4056,14.6469,582700000.0,110200.0,-21.36
NGC 7650,SBc,23.4222,-57.7911,143500000.0,29220.0,-20.02
NGC 7651-1,S0,23.4069,13.9722,307200000.0,31280.0,-19.07
NGC 7651-2,S0,23.4069,13.9672,267600000.0,15570.0,-19.07
NGC 7652,Sa,23.4269,-57.8875,445800000.0,77800.0,-21.18
NGC 7653,Sb,23.4136,15.2756,174200000.0,40540.0,-20.24
NGC 7655,S0,23.4458,-68.0275,147000000.0,17110.0,-19.07
NGC 7656,S0,23.4086,-19.0592,325200000.0,56760.0,-20.59
NGC 7657,SBc,23.4464,-57.8053,132600000.0,27000.0,-18.35
NGC 7658-1,S0,23.44,-39.2158,485300000.0,42350.0,-20.56
NGC 7658-2,S0,23.44,-39.2269,466800000.0,54320.0,-20.88
NGC 7659,Sa,23.4319,14.2097,176300000.0,20510.0,-18.56
NGC 7660,E0,23.43,27.0297,238700000.0,48610.0,-20.62
NGC 7661,SBc,23.4539,-65.2717,83550000.0,21870.0,-17.94
NGC 7664,Sc,23.4442,25.0803,139700000.0,52820.0,-19.76
NGC 7665,Irr,23.4539,-9.3864,212100000.0,21590.0,-20.17
NGC 7667,Irr,23.4064,-0.1086,104300000.0,24270.0,-17.82
NGC 7671,S0,23.4553,12.4678,168000000.0,34210.0,-19.76
NGC 7672,Sb,23.4586,12.385,167500000.0,19490.0,-18.85
NGC 7673,Sc,23.4614,23.5892,136200000.0,25760.0,-19.9
NGC 7674,SBc,23.4656,8.7786,374500000.0,59920.0,-21.4
NGC 7674A,S0,23.4661,8.7828,391700000.0,17090.0,-20.2
NGC 7675,S0,23.4681,8.7692,367900000.0,32110.0,-19.06
NGC 7676,S0,23.4836,-59.7167,148000000.0,34450.0,-20.58
NGC 7677,SBc,23.4683,23.5314,199500000.0,46430.0,-20.03
NGC 7678,SBc,23.4742,22.4211,115100000.0,41860.0,-20.24
NGC 7679,S0,23.4794,3.5108,212900000.0,52640.0,-20.57
NGC 7680-1,S0,23.4764,32.4156,211200000.0,58350.0,-20.56
NGC 7680-2,E0,23.4753,32.4228,211200000.0,6142.0,-18.06
NGC 7681,S0,23.4817,17.3094,312500000.0,81820.0,-20.11
NGC 7682,SBb,23.4842,3.5339,212200000.0,37030.0,-19.97
NGC 7683,S0,23.4842,11.4453,165600000.0,45760.0,-19.83
NGC 7684,Sa,23.5089,0.0814,212700000.0,46410.0,-19.37
NGC 7685,SBc,23.5092,3.9017,235400000.0,65050.0,-20.39
NGC 7687,S0,23.515,3.5472,207500000.0,39230.0,-19.42
NGC 7688,S0,23.5181,21.4119,503700000.0,29300.0,-20.44
NGC 7689,SBc,23.5544,-54.0942,80120000.0,32630.0,-19.75
NGC 7690,Sb,23.5506,-51.6983,58100000.0,17750.0,-18.25
NGC 7691,SBc,23.54,15.8489,165200000.0,50450.0,-19.72
NGC 7692,Irr,23.5461,-5.5961,232900000.0,16940.0,-18.87
NGC 7693,Sa,23.5528,-1.2914,113300000.0,19770.0,-18.2
NGC 7694,Irr,23.5544,-2.7036,85950000.0,20000.0,-18.1
NGC 7695,S0,23.5539,-2.7197,98700000.0,8613.0,-16.3
NGC 7696,S0,23.5639,4.8714,252800000.0,47800.0,-19.75
NGC 7697,Sb,23.5811,-65.3961,92200000.0,21450.0,-17.96
NGC 7698,S0,23.5669,24.9453,298100000.0,43350.0,-20.4
NGC 7699,Sa,23.5742,-2.9,243500000.0,21250.0,-18.47
NGC 7700,Sa,23.575,-2.9533,217500000.0,41120.0,-19.42
NGC 7701,Sb,23.5753,-2.855,236900000.0,55130.0,-19.71
NGC 7702,S0,23.5911,-56.0119,131600000.0,40190.0,-19.93
NGC 7703,S0,23.5794,16.0758,178500000.0,57100.0,-19.19
NGC 7704,S0,23.5833,4.8981,253900000.0,40630.0,-19.86
NGC 7705,S0,23.5839,4.8044,250200000.0,21830.0,-19.22
NGC 7706,S0,23.5861,4.9647,250100000.0,43650.0,-20.12
NGC 7707,S0,23.5808,44.3047,243400000.0,46030.0,-19.76
NGC 7709,S0,23.5908,-16.7056,63940000.0,21390.0,-17.76
NGC 7710,S0,23.5961,-2.8808,100300000.0,17510.0,-17.54
NGC 7711,S0,23.5942,15.3017,165000000.0,62400.0,-20.42
NGC 7712,E0,23.5975,23.6183,121800000.0,15950.0,-19.06
NGC 7713,SBc,23.6042,-37.9389,19200000.0,12570.0,-17.25
NGC 7713A,SBc,23.6189,-37.715,121200000.0,31730.0,-19.65
NGC 7714,SBb,23.6039,2.1547,108800000.0,30070.0,-19.62
NGC 7715,Irr,23.6058,2.1564,107900000.0,42380.0,-17.9
NGC 7716,SBb,23.6086,0.2975,98430000.0,31500.0,-19.6
NGC 7717,SBa,23.6286,-15.1186,134700000.0,27440.0,-19.38
NGC 7718,S0,23.6344,25.7197,406100000.0,53160.0,-20.38
NGC 7719-1,Sb,23.6339,-22.9747,422000000.0,55240.0,-20.56
NGC 7719-2,S0,23.6339,-22.9778,422000000.0,12280.0,-18.56
NGC 7720-1,E0,23.6414,27.0311,367500000.0,85510.0,-21.86
NGC 7720-2,E0,23.6414,27.0347,367500000.0,10690.0,-19.76
NGC 7721,Sc,23.6467,-6.5178,89370000.0,36400.0,-19.89
NGC 7722,Sa,23.6444,15.9547,164100000.0,40580.0,-20.01
NGC 7723,SBb,23.6492,-12.9611,79910000.0,40680.0,-19.94
NGC 7724,Sb,23.6519,-12.2242,59750000.0,13040.0,-17.01
NGC 7725,S0,23.6539,-4.5389,264800000.0,30810.0,-19.75
NGC 7726,S0,23.6531,27.115,323900000.0,70670.0,-19.98
NGC 7727,SBa,23.6647,-12.2928,65860000.0,45020.0,-19.92
NGC 7728,E0,23.6667,27.1333,406200000.0,59080.0,-21.28
NGC 7729,SBa,23.6758,29.1881,219300000.0,57420.0,-19.74
NGC 7730,S0,23.6792,-20.5089,415400000.0,42300.0,-20.73
NGC 7731,SBa,23.6914,3.7406,112700000.0,22950.0,-18.59
NGC 7732,Sc,23.6928,3.725,114700000.0,33360.0,-18.43
NGC 7733,SBb,23.7089,-65.9561,449500000.0,84990.0,-21.3
NGC 7734,SBb,23.7119,-65.9442,466200000.0,94930.0,-21.88
NGC 7735,E0,23.7047,26.2322,424800000.0,80320.0,-20.87
NGC 7736,S0,23.7069,-19.4525,186400000.0,46090.0,-19.68
NGC 7737,Sa,23.7128,27.0525,325500000.0,42600.0,-20.19
NGC 7738,SBb,23.7339,0.5175,300300000.0,87360.0,-20.82
NGC 7739,E2,23.7417,0.3211,293900000.0,47020.0,-19.67
NGC 7740,S0,23.7256,27.3125,402300000.0,46800.0,-20.56
NGC 7741,SBc,23.7317,26.0753,41590000.0,27220.0,-18.83
NGC 7742,Sb,23.7375,10.7669,57790000.0,14290.0,-18.84
NGC 7743,SBa,23.7392,9.9339,65070000.0,26500.0,-19.2
NGC 7744,S0,23.7497,-42.91,126300000.0,40410.0,-20.04
NGC 7745,E0,23.7458,25.9094,756400000.0,77010.0,-21.63
NGC 7746,S0,23.7553,-1.6844,290900000.0,59230.0,-20.55
NGC 7747,SBb,23.7589,27.3606,402400000.0,87790.0,-21.06
NGC 7749,S0,23.7631,-29.5178,448300000.0,104300.0,-21.89
NGC 7750,SBc,23.7769,3.7997,115000000.0,26750.0,-19.24
NGC 7751,S0,23.7828,6.8619,129400000.0,18810.0,-19.09
NGC 7752,S0,23.7828,29.4594,210600000.0,27570.0,-19.05
NGC 7753,SBc,23.7844,29.4839,215500000.0,103400.0,-21.1
NGC 7754,Sa,23.8197,-16.6006,332500000.0,29020.0,-19.54
NGC 7754A,S0,23.8183,-16.5792,424100000.0,24670.0,-19.07
NGC 7755,SBc,23.7975,-30.5236,110600000.0,61110.0,-20.25
NGC 7757,Sc,23.8125,4.1714,115800000.0,40410.0,-19.65
NGC 7758,S0,23.8153,-22.0242,577200000.0,58770.0,-20.54
NGC 7759,S0,23.815,-16.5408,324800000.0,61410.0,-20.49
NGC 7759A,S0,23.8156,-16.5406,280200000.0,24450.0,-19.07
NGC 7760,E0,23.8197,30.9831,219400000.0,28730.0,-19.54
NGC 7761,S0,23.8578,-13.3811,319000000.0,55680.0,-20.85
NGC 7763,S0,23.8375,-16.5897,246200000.0,25070.0,-19.09
NGC 7764,Irr,23.8481,-40.73,65370000.0,19010.0,-18.61
NGC 7764A-1,Irr,23.8889,-40.8042,394900000.0,40200.0,-19.41
NGC 7764A-2,Sc,23.8897,-40.8069,394900000.0,74660.0,-20.31
NGC 7764A-3,E0,23.8906,-40.8161,394900000.0,22970.0,-19.61
NGC 7765,SBa,23.8478,27.1658,320600000.0,32640.0,-19.46
NGC 7766,E0,23.8486,27.1269,351800000.0,25580.0,-18.66
NGC 7767,Sa,23.8489,27.0867,342700000.0,49840.0,-20.71
NGC 7768,E0,23.8494,27.1478,263100000.0,61220.0,-21.23
NGC 7769,Sb,23.8511,20.1506,172400000.0,80260.0,-20.81
NGC 7770,Sa,23.8561,20.0969,174600000.0,17770.0,-19.14
NGC 7771,SBa,23.8567,20.1122,175600000.0,61310.0,-20.66
NGC 7773,SBc,23.8694,31.2769,363600000.0,63460.0,-20.94
NGC 7774,E0,23.8694,11.4703,274300000.0,39890.0,-20.42
NGC 7775,SBc,23.8733,28.7725,286100000.0,37450.0,-20.72
NGC 7776,Sa,23.9044,-13.5864,314000000.0,41100.0,-19.52
NGC 7777,S0,23.8867,28.2839,294800000.0,51450.0,-20.38
NGC 7778,E0,23.8886,7.8706,217600000.0,31650.0,-20.42
NGC 7779,Sa,23.8906,7.8761,211400000.0,43040.0,-20.36
NGC 7780,SBb,23.8922,8.1183,213900000.0,28000.0,-19.28
NGC 7781,S0,23.8958,7.8608,224100000.0,26070.0,-19.08
NGC 7782,Sb,23.8981,7.9706,371100000.0,118700.0,-22.18
NGC 7783-1,S0,23.9028,0.3833,348100000.0,65820.0,-21.14
NGC 7783-2,S0,23.9033,0.3775,352700000.0,35910.0,-19.77
NGC 7783C,S0,23.9036,0.3569,361300000.0,10510.0,-18.92
NGC 7783D,Sa,23.9028,0.3942,533900000.0,23290.0,-19.07
NGC 7784,E0,23.9203,21.7628,348100000.0,25320.0,-19.64
NGC 7785,E5,23.9217,5.9161,191700000.0,69690.0,-21.24
NGC 7786,S0,23.9225,21.5886,175500000.0,25520.0,-19.55
NGC 7787,Sa,23.9353,0.5497,281400000.0,73670.0,-19.38
NGC 7792,Sb,23.9675,16.5019,568000000.0,82620.0,-21.3
NGC 7793,Sc,23.9636,-32.5917,12850000.0,17380.0,-18.27
NGC 7794,Sc,23.9761,10.7283,219500000.0,41500.0,-20.54
NGC 7796,E0,23.9831,-55.4581,162800000.0,52080.0,-20.99
NGC 7797,Sc,23.9828,3.6342,377600000.0,54920.0,-20.72
NGC 7798,Sc,23.9903,20.75,91970000.0,18730.0,-19.25
NGC 7800,Irr,23.9936,14.8075,62160000.0,20790.0,-18.2
NGC 7802,S0,0.0167,6.2417,233400000.0,37340.0,-19.67
NGC 7803,Sa,0.0222,13.1114,223300000.0,32480.0,-20.08
NGC 7805,S0,0.0239,31.4336,201900000.0,35240.0,-19.76
NGC 7806,Sb,0.025,31.4419,198200000.0,31710.0,-19.62
NGC 7807,SBb,0.0072,-18.8419,338900000.0,34500.0,-19.48
NGC 7808,S0,0.0589,-10.7442,382500000.0,72330.0,-20.85
NGC 7809,Irr,0.0358,2.9406,844100000.0,61390.0,-21.86
NGC 7810,S0,0.0386,12.9717,230900000.0,40290.0,-20.15
NGC 7811,Irr,0.0406,3.3519,325100000.0,18920.0,-19.89
NGC 7812,Sb,0.0483,-34.2358,292800000.0,46850.0,-20.87
NGC 7813,Sb,0.0692,-11.9839,400400000.0,46590.0,-20.45
NGC 7814,Sb,0.0539,16.1453,63600000.0,50880.0,-19.85
NGC 7816,Sc,0.0636,7.4783,217700000.0,53820.0,-20.42
NGC 7817,Sc,0.0661,20.7506,91970000.0,46820.0,-19.65
NGC 7818,Sc,0.0692,7.3792,272300000.0,39600.0,-19.81
NGC 7819,SBb,0.0733,31.4725,206700000.0,45100.0,-19.81
NGC 7820,Sa,0.075,5.1997,120800000.0,22840.0,-18.94
NGC 7821,Sc,0.0878,-16.4764,316400000.0,64420.0,-20.93
NGC 7823,SBc,0.0792,-62.0611,201600000.0,32260.0,-20.56
NGC 7824,Sb,0.085,6.9206,257600000.0,59950.0,-20.19
NGC 7825,SBb,0.085,5.2031,357400000.0,51980.0,-20.8
NGC 7827,S0,0.0908,5.2219,235000000.0,41020.0,-19.19
NGC 7828,S0,0.1075,-13.4158,237400000.0,34530.0,-19.41
NGC 7829,S0,0.1081,-13.4211,243300000.0,38920.0,-19.46
NGC 7831,Sb,0.1219,32.6092,212000000.0,46240.0,-20.46
NGC 7832,E0,0.1078,-3.7167,275300000.0,76070.0,-20.43
NGC 7834,Sc,0.1103,8.3689,217200000.0,34750.0,-19.02
NGC 7835,S0,0.1128,8.4272,267600000.0,19460.0,-19.07
NGC 7836,Irr,0.1336,33.0714,204700000.0,26790.0,-19.59
NGC 7837,S0,0.1142,8.3519,465000000.0,27050.0,-19.07
NGC 7838,S0,0.1147,8.3519,512900000.0,52220.0,-20.48
NGC 7840,S0,0.1189,8.3847,336900000.0,19600.0,-19.07
IC 2,S0,0.1833,-12.8222,300500000.0,34960.0,-19.22
IC 3,S0,0.2017,-0.4147,240900000.0,21020.0,-19.44
IC 4,Sc,0.2242,17.4858,207200000.0,30130.0,-19.91
IC 5,E0,0.2928,-9.5428,297000000.0,38880.0,-20.0
IC 6,E0,0.315,-3.2761,274500000.0,31940.0,-20.13
IC 7,E0,0.3147,10.5953,238200000.0,24260.0,-19.52
IC 8,Sc,0.3172,-3.2219,266100000.0,30960.0,-19.46
IC 9,Sb,0.3289,-14.1214,557500000.0,32440.0,-20.06
IC 10,Irr,0.34,59.2925,2598000.0,2418.0,-12.7
IC 12,Sb,0.3375,-2.6533,269200000.0,31330.0,-18.88
IC 13,Sc,0.3389,7.7006,238900000.0,48640.0,-19.52
IC 15,E0,0.4658,-0.0614,608700000.0,35410.0,-20.35
IC 16,S0,0.4686,-13.0942,215700000.0,15690.0,-18.6
IC 17,Sc,0.4747,2.6486,191800000.0,13950.0,-17.95
IC 18,SBb,0.4764,-11.5864,270100000.0,43210.0,-19.19
IC 19,E0,0.4775,-11.6403,282300000.0,32840.0,-19.59
IC 20,S0,0.4775,-13.0097,341900000.0,29840.0,-19.9
IC 21,S0,0.4861,-0.1636,336900000.0,24500.0,-19.07
IC 22,S0,0.4925,-9.0803,270100000.0,27490.0,-18.99
IC 23,E0,0.5139,-12.7197,272200000.0,27710.0,-19.61
IC 25,S0,0.52,-0.4075,244200000.0,35510.0,-18.97
IC 27,S0,0.5517,-13.3711,312400000.0,27260.0,-18.81
IC 28,S0,0.5522,-13.4558,283300000.0,24720.0,-18.99
IC 29,E0,0.5694,-2.1769,575500000.0,58590.0,-20.13
IC 30,S0,0.5706,-2.0847,1078000000.0,109800.0,-20.9
IC 31,Sa,0.5733,12.2686,409000000.0,95170.0,-20.19
IC 32,S0,0.5836,-2.1411,369400000.0,21490.0,-19.07
IC 33,S0,0.5847,-2.1378,734200000.0,74750.0,-21.16
IC 34,SBa,0.5933,9.125,221000000.0,77150.0,-20.55
IC 35,Sc,0.6275,10.3575,189300000.0,27540.0,-19.02
IC 36,E0,0.6303,-15.4408,308400000.0,26920.0,-19.38
IC 37,SBb,0.6428,-15.3586,712000000.0,82850.0,-20.8
IC 38,Sb,0.6439,-15.4192,720700000.0,94340.0,-21.92
IC 40,Sc,0.6558,2.4561,240900000.0,35040.0,-19.24
IC 41,Irr,0.6611,-14.1739,177200000.0,10310.0,-18.17
IC 42,SBc,0.6847,-15.4283,722500000.0,73560.0,-21.23
IC 43,Sc,0.7061,29.6419,202700000.0,47180.0,-19.97
IC 46,E0,0.7158,27.2539,221600000.0,19340.0,-19.46
IC 47,S0,0.715,-13.7403,352700000.0,25650.0,-19.07
IC 48,S0,0.7261,-8.1856,254600000.0,37030.0,-20.36
IC 49,Sc,0.7322,1.8506,188400000.0,41100.0,-19.61
IC 50,E0,0.7681,-9.5033,271700000.0,27660.0,-19.5
IC 51,S0,0.7733,-13.4414,78240000.0,15930.0,-18.1
IC 52,S0,0.8064,4.0919,72450000.0,10540.0,-16.43
IC 53,S0,0.8444,10.6008,521800000.0,37940.0,-21.02
IC 55,S0,0.8617,7.7192,231600000.0,23580.0,-19.26
IC 56,Sc,0.8583,-12.8444,257500000.0,26210.0,-18.99
IC 56A,Irr,0.8642,-12.7669,546200000.0,31780.0,-19.82
IC 57,S0,0.9133,11.8417,533000000.0,54260.0,-20.57
IC 58,E0,0.9172,-13.6775,279300000.0,32500.0,-19.26
IC 60,S0,0.9344,-13.3575,740800000.0,53870.0,-20.78
IC 61,E0,0.9519,7.5072,497100000.0,86760.0,-21.01
IC 62,S0,0.9789,11.8083,512900000.0,67130.0,-20.98
IC 64,S0,0.99,27.0594,607400000.0,97170.0,-21.15
IC 65,SBc,1.0153,47.6817,93880000.0,40960.0,-18.79
IC 66,Sa,1.0089,30.7967,201800000.0,35220.0,-19.06
IC 69,Sc,1.0231,31.0411,210400000.0,27540.0,-19.45
IC 70,S0,1.0175,0.0514,835900000.0,36470.0,-19.94
IC 73,S0,1.0814,4.7672,278000000.0,36390.0,-19.25
IC 74,E0,1.0986,4.0908,222300000.0,12930.0,-18.37
IC 75,Sb,1.1197,10.8372,535000000.0,101200.0,-21.37
IC 76,S0,1.1364,-4.5544,405000000.0,53010.0,-19.07
IC 77,S0,1.1453,-15.4208,770800000.0,56050.0,-21.37
IC 78,Sa,1.1464,-15.8447,533600000.0,131900.0,-21.67
IC 79,S0,1.1469,-15.9483,545400000.0,71390.0,-20.92
IC 80A,S0,1.1475,-15.4064,680900000.0,49520.0,-21.6
IC 80B,S0,1.1469,-15.4036,702300000.0,30640.0,-20.17
IC 81,Sc,1.1561,-1.695,176600000.0,25690.0,-18.97
IC 82,Sb,1.1514,-16.0003,710000000.0,82610.0,-22.09
IC 83,S0,1.1747,1.6892,589600000.0,60020.0,-20.89
IC 84,S0,1.1903,1.6408,222500000.0,25890.0,-18.57
IC 86,S0,1.2244,-16.2411,582500000.0,59300.0,-20.76
IC 87,SBa,1.2375,0.7658,558600000.0,48750.0,-20.77
IC 88,S0,1.2419,0.7917,860600000.0,50070.0,-21.01
IC 90,E0,1.275,-7.9767,248300000.0,32500.0,-19.81
IC 91,S0,1.3108,2.5542,312400000.0,22720.0,-18.41
IC 93,Sb,1.3172,-17.0611,253000000.0,47850.0,-20.45
IC 95,E0,1.3214,-12.5736,587700000.0,34190.0,-19.78
IC 96,Sc,1.3425,29.6164,195800000.0,22780.0,-19.09
IC 98,E0,1.3483,-12.6042,631000000.0,64240.0,-20.13
IC 99,Sc,1.3742,-12.9525,653200000.0,47500.0,-21.11
IC 100,S0,1.3814,-4.6425,232100000.0,37140.0,-19.56
IC 101,Sb,1.4022,9.9306,93310000.0,19000.0,-17.48
IC 102,Sa,1.4072,9.8872,629000000.0,82340.0,-20.83
IC 103,S0,1.41,2.0447,424600000.0,55580.0,-20.57
IC 105,S0,1.4128,2.075,432300000.0,44010.0,-20.11
IC 107,E0,1.4233,14.8647,269700000.0,39230.0,-20.69
IC 108,Sa,1.4108,-12.6356,693800000.0,90810.0,-20.84
IC 109,S0,1.42,2.0675,430000000.0,68800.0,-21.0
IC 112,Irr,1.4339,11.4431,243400000.0,28320.0,-19.96
IC 113,E0,1.4403,19.1919,549600000.0,31970.0,-20.13
IC 114,S0,1.4394,9.9103,101200000.0,19140.0,-17.26
IC 115,S0,1.4483,19.2144,567800000.0,41290.0,-21.0
IC 116,Sc,1.4472,-4.9822,245000000.0,32070.0,-19.88
IC 118,E0,1.46,-4.9969,616500000.0,44840.0,-20.28
IC 119,SBa,1.465,-2.04,252900000.0,47820.0,-19.45
IC 120,S0,1.47,-1.915,205000000.0,26830.0,-18.69
IC 121,Sc,1.4725,2.5128,388600000.0,50870.0,-20.98
IC 122,S0,1.4703,-14.8389,336900000.0,24500.0,-19.07
IC 123,S0,1.4808,2.4469,395500000.0,23010.0,-20.32
IC 125,S0,1.4883,-13.2794,369400000.0,26860.0,-19.07
IC 126,S0,1.4964,-1.9833,268400000.0,35130.0,-19.38
IC 127,Sb,1.4964,-6.9797,88770000.0,20660.0,-17.67
IC 128,SBc,1.5231,-12.6244,255100000.0,33390.0,-19.17
IC 129,Sa,1.5253,-12.6539,235300000.0,47910.0,-19.29
IC 130,S0,1.5244,-15.5911,583800000.0,42450.0,-20.16
IC 138,Sc,1.5506,-0.6897,190900000.0,30540.0,-19.14
IC 141,SBc,1.5475,-14.8147,503400000.0,95190.0,-21.54
IC 144,E0,1.6278,-13.3142,537800000.0,54760.0,-20.19
IC 145,S0,1.6439,0.7414,563700000.0,57390.0,-20.39
IC 147,Sc,1.6664,-14.8628,660300000.0,86440.0,-21.23
IC 148,Irr,1.7072,13.9767,34710000.0,17670.0,-16.23
IC 149,S0,1.7069,-16.3,243500000.0,38960.0,-19.27
IC 150,Sb,1.7158,4.1992,235400000.0,34230.0,-19.39
IC 152,Irr,1.7336,13.0744,352500000.0,20510.0,-19.47
IC 154,Sb,1.7544,10.6497,246100000.0,53690.0,-19.79
IC 156,S0,1.7581,10.5533,220700000.0,48150.0,-19.25
IC 158,E0,1.7647,-6.9353,691100000.0,50260.0,-20.53
IC 159,Sb,1.7736,-8.6367,162400000.0,35420.0,-19.48
IC 160,S0,1.7747,-13.2472,247600000.0,46820.0,-19.5
IC 161,S0,1.8119,10.5083,236900000.0,27570.0,-19.61
IC 162,S0,1.8147,10.5222,216000000.0,43980.0,-19.3
IC 163,Irr,1.8208,20.7106,117700000.0,30810.0,-19.09
IC 164,E0,1.8189,-3.9044,231200000.0,47080.0,-20.15
IC 167,SBc,1.8522,21.9125,118600000.0,46560.0,-19.2
IC 168,Sb,1.8408,-8.5236,238200000.0,31190.0,-18.82
IC 169,S0,1.8442,-12.6792,377200000.0,27430.0,-19.22
IC 170,E0,1.8658,-8.5172,231600000.0,10110.0,-18.56
IC 171,S0,1.9194,35.2819,224000000.0,45610.0,-20.78
IC 172,S0,1.915,0.8117,351800000.0,20470.0,-20.26
IC 173,SBc,1.9325,1.2847,607600000.0,79530.0,-21.45
IC 174,S0,1.9378,3.7625,231200000.0,43710.0,-19.85
IC 175,E0,1.9383,1.3325,398100000.0,23160.0,-20.13
IC 176,Sc,1.9481,-2.0189,185900000.0,51370.0,-18.98
IC 177,S0,1.95,-0.0892,591200000.0,34390.0,-20.89
IC 178,Sb,1.9817,36.675,205000000.0,38760.0,-19.89
IC 179,E0,2.0031,38.0214,176100000.0,40980.0,-20.26
IC 180,Sb,2.0,23.605,218300000.0,25410.0,-18.73
IC 181,E0,2.0006,23.6592,478700000.0,34810.0,-20.13
IC 182,SBb,1.9975,7.4122,197800000.0,25900.0,-19.61
IC 183,S0,1.9925,-5.3472,167000000.0,31580.0,-18.65
IC 184,Sa,1.9975,-6.8406,238900000.0,38230.0,-19.62
IC 185,S0,2.0017,-1.5278,582500000.0,42360.0,-20.06
IC 186-1,S0,2.0064,-1.5533,566700000.0,49460.0,-20.9
IC 186-2,S0,2.0069,-1.5506,563700000.0,24600.0,-20.79
IC 187-1,SBa,2.025,26.4811,215800000.0,62790.0,-20.3
IC 187-2,S0,2.0258,26.4847,215800000.0,21970.0,-20.3
IC 189,SBc,2.0311,23.5511,538500000.0,54820.0,-21.29
IC 190,E0,2.0353,23.5503,200800000.0,23370.0,-18.75
IC 192,S0,2.0422,16.0142,174100000.0,22790.0,-18.94
IC 193,Sc,2.0419,11.0931,195100000.0,48230.0,-19.58
IC 194,Sb,2.0514,2.6139,272700000.0,59480.0,-19.31
IC 195,S0,2.0622,14.7092,150600000.0,32850.0,-19.22
IC 196,SBb,2.0636,14.7392,145500000.0,59270.0,-19.45
IC 197,SBc,2.0678,2.7867,270200000.0,39290.0,-20.19
IC 198,S0,2.1008,9.2961,354000000.0,56630.0,-20.48
IC 199,Sb,2.1053,9.2272,398900000.0,81230.0,-20.44
IC 200,SBb,2.0906,31.1756,160400000.0,48990.0,-19.66
IC 201,S0,2.1208,9.1156,486900000.0,42490.0,-19.07
IC 202,Sb,2.1244,9.1686,393600000.0,80150.0,-20.21
IC 203,S0,2.1247,9.1231,509800000.0,44490.0,-19.07
IC 204,E0,2.1242,-1.4297,524700000.0,22890.0,-20.33
IC 205,SBa,2.1242,-2.0919,359100000.0,47010.0,-20.51
IC 206,S0,2.1583,-6.9689,215700000.0,31370.0,-18.9
IC 207,Sa,2.1608,-6.9225,217000000.0,69440.0,-19.31
IC 208,Sc,2.1408,6.3947,141800000.0,26820.0,-18.89
IC 209,Sc,2.1494,-7.0592,175400000.0,43360.0,-19.75
IC 210,Sc,2.1578,-9.6797,85530000.0,28610.0,-18.19
IC 211,Sc,2.1856,3.8519,133400000.0,44630.0,-19.36
IC 212,Sc,2.2272,16.5944,482800000.0,63200.0,-20.45
IC 213,SBb,2.2344,16.4561,354900000.0,98060.0,-20.38
IC 214,Irr,2.2347,5.1761,392000000.0,39910.0,-20.8
IC 215,Sb,2.2358,-6.8061,94710000.0,15150.0,-16.71
IC 216,E0,2.2653,-2.0147,134600000.0,5875.0,-17.78
IC 217,Sc,2.2694,-11.9256,73610000.0,23550.0,-17.47
IC 218,Sc,2.2853,1.2825,286100000.0,33280.0,-19.01
IC 219,E0,2.3106,-6.9031,223700000.0,32530.0,-19.78
IC 220,Sc,2.3197,-12.7814,261500000.0,34230.0,-19.22
IC 221,Sc,2.3778,28.2569,216100000.0,50280.0,-20.31
IC 222,Sc,2.3797,11.6386,581400000.0,67650.0,-21.05
IC 223,Irr,2.3669,-20.7458,61540000.0,10740.0,-17.38
IC 224,S0,2.4125,-12.5639,185600000.0,13500.0,-18.58
IC 225,E0,2.4411,1.1608,56770000.0,8256.0,-16.9
IC 226,S0,2.4625,28.2089,475200000.0,117500.0,-21.22
IC 227,E0,2.4675,28.1756,455000000.0,86030.0,-20.22
IC 230,E0,2.4797,-10.8317,222300000.0,12930.0,-18.37
IC 231,S0,2.4989,1.1794,300400000.0,43690.0,-20.12
IC 232,E0,2.5197,1.2661,272700000.0,51560.0,-20.41
IC 233,Sc,2.5278,2.8106,356600000.0,20740.0,-20.29
IC 234,S0,2.5269,-0.1394,257500000.0,22470.0,-19.19
IC 235,Irr,2.5472,20.6414,378100000.0,22000.0,-20.32
IC 236,S0,2.5486,-0.1308,718600000.0,62710.0,-19.91
IC 237,S0,2.5586,1.1397,278000000.0,20220.0,-18.95
IC 238,S0,2.5894,12.8383,257200000.0,44890.0,-20.58
IC 239,SBa,2.6075,38.9689,31190000.0,20870.0,-18.0
IC 241,S0,2.6317,2.3278,298500000.0,47760.0,-20.41
IC 243,SBa,2.6422,-6.9017,320400000.0,55910.0,-19.86
IC 244,Sc,2.6567,2.7275,300500000.0,30590.0,-19.32
IC 245,S0,2.6483,-14.3061,203600000.0,32570.0,-18.78
IC 246,S0,2.6744,2.4792,295200000.0,34350.0,-19.48
IC 247,Sc,2.6689,-11.7333,368700000.0,64350.0,-20.47
IC 248,Sa,2.6903,17.8119,391900000.0,51300.0,-21.0
IC 250,SBb,2.6817,-13.3136,476000000.0,62310.0,-20.72
IC 251,S0,2.6869,-14.9581,212500000.0,18550.0,-19.07
IC 252-1,S0,2.6958,-14.8478,321700000.0,32750.0,-19.47
IC 252-2,S0,2.6958,-14.8453,321700000.0,14040.0,-18.47
IC 253,E0,2.7014,-15.0472,324900000.0,42530.0,-20.09
IC 254,S0,2.7011,-15.1072,336900000.0,19600.0,-19.07
IC 255,SBc,2.7842,16.2889,341500000.0,34770.0,-19.4
IC 256,E0,2.8278,46.9544,387700000.0,28200.0,-17.48
IC 257,S0,2.8292,46.9756,342600000.0,69770.0,-22.01
IC 258,SBa,2.8292,41.0519,231700000.0,33690.0,-18.66
IC 259,S0,2.8278,41.0556,266900000.0,27180.0,-19.26
IC 260,E0,2.85,46.955,385200000.0,56030.0,-20.56
IC 262,S0,2.8619,42.8283,239100000.0,55630.0,-19.92
IC 263,S0,2.8275,-0.0697,375900000.0,32800.0,-20.41
IC 264,E0,2.8131,-0.1086,327000000.0,19020.0,-19.31
IC 265,E0,2.9119,41.6558,235100000.0,23940.0,-18.49
IC 266,S0,2.9178,42.2639,225900000.0,23000.0,-18.5
IC 267,SBb,2.8972,12.8492,149600000.0,34810.0,-19.51
IC 268,SBa,2.9239,-14.1033,267600000.0,38920.0,-19.07
IC 269,S0,2.9239,-14.0664,244000000.0,39040.0,-19.07
IC 270,S0,2.9289,-14.2075,385500000.0,95320.0,-21.46
IC 271,S0,2.9331,-12.0083,72060000.0,9432.0,-17.12
IC 272,Sc,2.935,-14.1869,383800000.0,55820.0,-20.55
IC 273,SBa,2.9528,2.7761,133900000.0,29220.0,-18.77
IC 275-1,E0,3.0153,44.3503,431300000.0,18820.0,-18.31
IC 275-2,E0,3.0153,44.3461,431300000.0,12540.0,-18.11
IC 275-3,E0,3.0161,44.3506,431300000.0,12540.0,-19.01
IC 276,S0,2.9781,-15.7033,126100000.0,36690.0,-18.84
IC 277,SBc,2.9972,2.7711,210700000.0,39840.0,-20.15
IC 278,E0,3.025,37.7664,218100000.0,34890.0,-19.43
IC 279,Sc,3.02,16.2092,418100000.0,24320.0,-20.34
IC 283,S0,3.0639,-0.2044,366600000.0,37330.0,-19.45
IC 284,Irr,3.1025,42.3717,113800000.0,62900.0,-20.11
IC 285,Sb,3.0683,-12.015,173100000.0,27690.0,-18.12
IC 287,S0,3.0825,-12.07,170500000.0,19840.0,-18.09
IC 288,S0,3.1256,42.3878,219500000.0,31930.0,-19.04
IC 290,Sb,3.1617,40.975,261100000.0,41770.0,-18.92
IC 291,Sa,3.1239,-12.5869,185400000.0,37750.0,-19.17
IC 292,Irr,3.17,40.7658,127000000.0,22170.0,-18.75
IC 293,S0,3.1822,41.1378,209100000.0,18240.0,-18.73
IC 294,SBa,3.1842,40.6217,216000000.0,65980.0,-18.9
IC 298,Irr,3.1883,1.3158,421900000.0,49090.0,-19.76
IC 298A,Irr,3.1886,1.3133,436600000.0,44450.0,-20.13
IC 299,E0,3.1839,-13.1092,501200000.0,29160.0,-20.13
IC 300,S0,3.2375,42.415,336900000.0,14700.0,-19.07
IC 301,E0,3.2464,42.2231,298100000.0,34680.0,-20.1
IC 302,SBc,3.2142,4.7064,254700000.0,66690.0,-20.86
IC 303,E0,3.2111,-11.6894,602600000.0,35060.0,-20.13
IC 304,Sb,3.2503,37.8819,212600000.0,34010.0,-19.37
IC 305,E0,3.2508,37.8606,225000000.0,26170.0,-18.69
IC 306,SBc,3.2167,-11.7158,404900000.0,29440.0,-19.17
IC 307,Sa,3.2292,-0.2411,344800000.0,85260.0,-20.82
IC 308,S0,3.2708,41.1814,279300000.0,48750.0,-19.26
IC 309,S0,3.2683,40.8047,181500000.0,23760.0,-18.93
IC 310,S0,3.2786,41.3247,257400000.0,41190.0,-20.49
IC 311,S0,3.2794,40.0042,182400000.0,23870.0,-18.34
IC 312,E0,3.3022,41.7544,208400000.0,30310.0,-19.23
IC 313,E0,3.3492,41.8942,190500000.0,24930.0,-18.73
IC 315,S0,3.3192,4.0392,404900000.0,41220.0,-20.67
IC 316-1,S0,3.3553,41.9286,133300000.0,9695.0,-18.06
IC 316-2,Sc,3.3553,41.9319,133300000.0,27150.0,-18.16
IC 317,SBa,3.3153,-12.7397,444400000.0,58170.0,-20.87
IC 318,Sc,3.3453,-14.5681,406400000.0,53190.0,-20.78
IC 320,SBb,3.4331,40.7892,303900000.0,53050.0,-19.75
IC 321,S0,3.4081,-14.9858,336900000.0,29400.0,-19.07
IC 322,E0,3.4333,3.6803,402300000.0,52660.0,-20.26
IC 325,Sb,3.5133,-7.0464,516800000.0,60130.0,-19.5
IC 326,S0,3.51,-14.425,451000000.0,85280.0,-20.5
IC 327,Sc,3.5194,-14.6922,352700000.0,35910.0,-19.07
IC 328,Sc,3.5197,-14.6378,409300000.0,29760.0,-20.69
IC 329,S0,3.5336,0.28,311500000.0,40780.0,-19.7
IC 330,Sb,3.5353,0.3533,399700000.0,69760.0,-20.34
IC 331,S0,3.5386,0.2828,299800000.0,39250.0,-20.12
IC 332,Sa,3.5436,1.3831,411900000.0,53920.0,-20.81
IC 334,Irr,3.7547,76.6375,110000000.0,39990.0,-20.14
IC 335,S0,3.5919,-34.4467,72590000.0,27450.0,-18.64
IC 337,Irr,3.6058,-6.715,436600000.0,101600.0,-20.13
IC 338,S0,3.6272,3.1183,250400000.0,29140.0,-19.53
IC 340,S0,3.6578,-13.115,179300000.0,39110.0,-19.2
IC 342,SBc,3.78,68.0956,10020000.0,31190.0,-18.33
IC 343,SBa,3.6686,-18.4439,77580000.0,18050.0,-17.78
IC 344,SBc,3.6914,-4.6656,240900000.0,31530.0,-19.34
IC 345,Sa,3.6858,-18.3144,60060000.0,6988.0,-16.73
IC 347,S0,3.7089,-4.2986,196800000.0,34350.0,-19.9
IC 350,Sb,3.7433,-11.8008,417800000.0,72920.0,-20.94
IC 352,E0,3.7936,-8.7317,456300000.0,39820.0,-19.73
IC 355,Sc,3.8961,19.9742,382500000.0,27810.0,-19.75
IC 356,Sb,4.1294,69.8119,36400000.0,31240.0,-18.84
IC 357,SBb,4.0619,22.1597,273700000.0,47770.0,-20.42
IC 358,S0,4.0617,19.8956,296400000.0,43100.0,-19.69
IC 359,S0,4.2078,27.7031,180100000.0,34050.0,-18.41
IC 362,E0,4.2783,-12.1997,396700000.0,98080.0,-21.22
IC 363,E0,4.3153,3.0322,155900000.0,4536.0,-18.0
IC 364,E0,4.3183,3.1894,171900000.0,9999.0,-18.81
IC 365,Sa,4.3206,3.3489,326800000.0,47540.0,-20.2
IC 366,E0,4.3281,2.3603,166600000.0,7267.0,-17.84
IC 367,S0,4.3447,-14.7806,408800000.0,83250.0,-21.09
IC 368,S0,4.3783,-12.6147,276600000.0,36200.0,-20.14
IC 369,S0,4.3911,-11.7894,439200000.0,31940.0,-20.25
IC 370,SBc,4.4003,-9.3953,432200000.0,88010.0,-20.81
IC 372,S0,4.5011,-5.01,336900000.0,29400.0,-19.07
IC 373,S0,4.5117,-4.8697,203000000.0,41330.0,-19.07
IC 374,S0,4.5422,16.635,182500000.0,21230.0,-18.04
IC 375,Sb,4.5175,-12.9736,465500000.0,60940.0,-20.97
IC 376,S0,4.5203,-12.4331,424200000.0,37020.0,-20.07
IC 377,S0,4.5211,-12.455,408800000.0,53520.0,-20.99
IC 378,E0,4.5242,-12.2992,393000000.0,34300.0,-19.8
IC 379,SBb,4.5306,-7.2378,408800000.0,71360.0,-19.49
IC 380,SBc,4.5281,-12.9272,457300000.0,46560.0,-20.33
IC 381,SBc,4.7411,75.6397,128500000.0,44860.0,-19.88
IC 382,Sc,4.6319,-9.5197,173900000.0,58160.0,-20.13
IC 383,E0,4.6494,9.8925,501200000.0,29160.0,-20.13
IC 384,E0,4.655,-7.8389,209100000.0,18240.0,-18.53
IC 385,S0,4.6586,-7.0969,168800000.0,29470.0,-19.07
IC 387,SBc,4.6956,-7.0864,270900000.0,63030.0,-20.8
IC 388-1,E0,4.6978,-7.3042,602600000.0,26290.0,-20.13
IC 388-2,E0,4.6983,-7.3058,549600000.0,31970.0,-20.13
IC 389,S0,4.6997,-7.3108,203000000.0,26570.0,-19.07
IC 390,Sa,4.7008,-7.2058,209100000.0,33450.0,-18.83
IC 391,Sc,4.9561,78.1897,67460000.0,10790.0,-18.58
IC 392,S0,4.7736,3.5056,187800000.0,27310.0,-19.9
IC 393,E0,4.7975,-15.5253,519400000.0,52890.0,-21.01
IC 396,S0,4.9661,68.3231,37120000.0,11340.0,-17.18
IC 398,SBc,4.97,-7.7808,167900000.0,31740.0,-18.16
IC 399,Irr,5.0289,-4.2883,176900000.0,15430.0,-17.67
IC 400,S0,5.0625,-15.8194,336900000.0,48990.0,-19.07
IC 401,SBb,5.0719,-10.0756,145800000.0,36050.0,-19.95
IC 402,Sc,5.1039,-9.1072,148200000.0,49590.0,-18.89
IC 404,S0,5.2219,9.7547,401500000.0,29200.0,-20.05
IC 407,Sc,5.295,-15.5233,158400000.0,50690.0,-18.53
IC 408,S0,5.3289,-25.0644,461800000.0,127600.0,-21.95
IC 409,S0,5.3258,3.3172,376100000.0,38290.0,-20.31
IC 411,S0,5.3383,-25.3244,426400000.0,74420.0,-21.48
IC 412,Sb,5.3656,3.4864,192300000.0,36360.0,-19.25
IC 413,S0,5.3661,3.4822,193200000.0,25300.0,-19.06
IC 414,S0,5.3653,3.3431,197600000.0,14370.0,-18.81
IC 415,S0,5.3558,-15.5422,307200000.0,26810.0,-19.07
IC 416,SBc,5.3989,-17.2603,144600000.0,29450.0,-18.53
IC 421,SBc,5.5356,-7.9178,146600000.0,70380.0,-18.26
IC 422,E0,5.5383,-17.2239,112000000.0,11400.0,-18.18
IC 433,S0,5.6753,-11.6653,168800000.0,17190.0,-19.07
IC 437,S0,5.8603,-12.5644,304500000.0,39860.0,-19.55
IC 438,SBc,5.8833,-17.8758,131000000.0,53370.0,-20.32
IC 440,Sb,6.3203,80.0683,192600000.0,44820.0,-19.66
IC 441,SBc,6.045,-12.4997,102200000.0,20810.0,-17.58
IC 442,S0,6.6031,82.9689,189500000.0,24810.0,-19.42
IC 445,S0,6.6225,67.86,232700000.0,40610.0,-20.07
IC 449,E0,6.7611,71.3436,168800000.0,41750.0,-20.07
IC 450,Sa,6.87,74.4275,259300000.0,30170.0,-19.7
IC 451,Sb,6.8808,74.48,227600000.0,43040.0,-19.62
IC 454,SBb,6.8517,12.9225,181600000.0,31690.0,-19.43
IC 455,S0,7.5825,85.5378,83150000.0,13300.0,-17.73
IC 456,S0,7.0047,-30.1631,76050000.0,23230.0,-18.84
IC 458,S0,7.1758,50.1197,298500000.0,39080.0,-20.31
IC 459,E0,7.1772,50.1778,250200000.0,10920.0,-18.92
IC 460,S0,7.1789,50.2022,279300000.0,16250.0,-19.26
IC 461,S0,7.1792,50.0814,255500000.0,26010.0,-18.77
IC 463,S0,7.1833,50.1194,336900000.0,14700.0,-19.07
IC 464,E0,7.1844,50.1361,222400000.0,25880.0,-19.37
IC 467,SBc,7.5047,79.8725,80890000.0,36470.0,-18.97
IC 469,SBb,7.9331,85.1586,91920000.0,29410.0,-18.75
IC 471,E0,7.7267,49.6681,250800000.0,21890.0,-19.83
IC 472,SBb,7.7306,49.6133,258000000.0,60050.0,-20.19
IC 474,S0,7.7686,26.5044,361300000.0,52550.0,-20.02
IC 475,S0,7.7858,30.4889,196700000.0,22890.0,-18.6
IC 476,SBa,7.7878,26.9508,209700000.0,15250.0,-18.44
IC 477,S0,7.8683,23.4836,600800000.0,78650.0,-20.93
IC 478,S0,7.8947,26.4922,495800000.0,43260.0,-20.71
IC 479,SBc,7.9061,27.0072,354700000.0,36110.0,-19.78
IC 480,Sc,7.9231,26.7422,214500000.0,53030.0,-18.99
IC 481,Sc,7.9839,24.1603,213000000.0,30980.0,-18.87
IC 482,S0,7.9964,25.3561,353400000.0,35980.0,-19.87
IC 484,Sa,8.0003,26.6658,360000000.0,31420.0,-19.71
IC 485,Sa,8.0053,26.7017,380100000.0,66340.0,-19.93
IC 486,SBa,8.0058,26.6133,367600000.0,48110.0,-20.66
IC 490,S0,8.0556,25.8111,785100000.0,57090.0,-21.31
IC 491,S0,8.0653,26.5194,287300000.0,20890.0,-19.42
IC 492,SBc,8.0939,26.1675,238600000.0,38170.0,-19.82
IC 493,S0,8.1242,25.1336,275400000.0,24030.0,-19.63
IC 494,S0,8.1067,1.0367,202400000.0,38270.0,-19.76
IC 495,E0,8.1386,9.0144,696400000.0,40510.0,-21.55
IC 496,Sc,8.1619,25.8811,332200000.0,38650.0,-19.04
IC 497,S0,8.1683,24.9222,196700000.0,22890.0,-18.7
IC 498,S0,8.1583,5.2806,448400000.0,58690.0,-21.39
IC 499,Sa,8.7547,85.7406,83190000.0,25410.0,-18.13
IC 500,E0,8.2108,-16.0511,173800000.0,32860.0,-20.13
IC 501-1,E0,8.3131,24.5378,345100000.0,10040.0,-19.52
IC 501-2,E0,8.3131,24.5372,345100000.0,10040.0,-19.62
IC 502,E0,8.3675,8.7531,186500000.0,10850.0,-18.09
IC 503,SBa,8.3694,3.2686,195500000.0,31270.0,-19.99
IC 504,S0,8.3781,4.2619,184700000.0,32240.0,-19.66
IC 505,S0,8.3892,4.3731,414100000.0,72280.0,-20.82
IC 506,E0,8.3917,4.3003,366600000.0,31990.0,-20.55
IC 508,S0,8.4728,25.1244,103200000.0,10510.0,-17.6
IC 509,Sc,8.5342,24.0103,254800000.0,44470.0,-20.86
IC 510,SBc,8.5361,-2.1622,470800000.0,75320.0,-21.1
IC 511,Sa,8.6803,73.4867,162200000.0,33030.0,-18.98
IC 512,Sc,9.0636,85.5017,71340000.0,18680.0,-18.7
IC 513,S0,8.5514,-12.355,263400000.0,42150.0,-20.54
IC 514,S0,8.5894,-2.0469,490500000.0,21400.0,-20.99
IC 515,S0,8.5919,-1.9006,233000000.0,23730.0,-19.07
IC 516,S0,8.5972,-1.8711,497100000.0,36150.0,-20.21
IC 517,S0,8.6061,-2.0556,426000000.0,24780.0,-20.18
IC 519,E0,8.6761,2.6119,654500000.0,38080.0,-21.51
IC 520,SBb,8.895,73.4908,159300000.0,34750.0,-20.84
IC 521,S0,8.7789,2.5383,373200000.0,48850.0,-20.29
IC 522,S0,8.9094,57.1667,224100000.0,32590.0,-20.28
IC 523,Sb,8.8864,9.1483,403400000.0,52810.0,-20.96
IC 524,S0,8.97,-19.1914,197100000.0,28670.0,-18.81
IC 525,Sa,9.0228,-1.8531,256800000.0,37350.0,-19.48
IC 526,S0,9.0444,10.8422,256800000.0,29880.0,-19.18
IC 527,SBc,9.1614,37.6019,316700000.0,55270.0,-20.64
IC 528,Sb,9.1561,15.7958,181100000.0,39520.0,-18.82
IC 529,Sc,9.3089,73.7597,134700000.0,64630.0,-21.08
IC 530,Sb,9.2547,11.8861,276300000.0,72330.0,-20.54
IC 531,SBb,9.2972,-0.2781,232400000.0,57470.0,-19.56
IC 533,S0,9.3397,-3.9914,254200000.0,36960.0,-18.96
IC 534,Sb,9.3542,3.1503,170500000.0,42160.0,-18.59
IC 535,E0,9.3711,-1.04,726400000.0,42260.0,-21.54
IC 536,Sa,9.4111,25.1103,376800000.0,65760.0,-20.01
IC 537,Sa,9.4228,-12.3911,171300000.0,29890.0,-19.6
IC 539,Sc,9.4856,-2.5489,309000000.0,44940.0,-20.68
IC 540,Sc,9.5028,7.9014,90710000.0,13190.0,-17.32
IC 542,SBa,9.5183,-13.1811,398300000.0,69520.0,-20.63
IC 544,Sc,9.5981,24.8928,333900000.0,38850.0,-19.65
IC 545,Sb,9.6014,24.9475,286000000.0,20800.0,-19.51
IC 546,Sa,9.5806,-16.3844,191800000.0,30690.0,-19.35
IC 548,S0,9.6386,9.4461,248800000.0,21720.0,-18.91
IC 549,S0,9.6786,3.9589,58720000.0,4271.0,-15.78
IC 550,S0,9.6744,-6.9458,219000000.0,25480.0,-19.64
IC 551,S0,9.6833,6.9367,396300000.0,46110.0,-20.92
IC 552,S0,9.6878,10.6472,272900000.0,39690.0,-20.21
IC 553,Sa,9.6792,-5.4353,289900000.0,50600.0,-20.14
IC 554,S0,9.6992,12.2964,313800000.0,59340.0,-20.62
IC 557,Sb,9.7339,10.9886,270100000.0,31420.0,-19.59
IC 558,E0,9.75,29.4528,427900000.0,49790.0,-20.49
IC 559,S0,9.7453,9.6158,24040000.0,3146.0,-14.24
IC 560,Sa,9.7647,-0.2683,81840000.0,15470.0,-17.5
IC 561,Sb,9.7661,3.145,263400000.0,15330.0,-18.94
IC 562,Sc,9.7678,-3.9719,228700000.0,43250.0,-19.23
IC 563,SBb,9.7722,3.0461,286100000.0,37450.0,-19.92
IC 564,Sc,9.7725,3.0711,283100000.0,70000.0,-20.59
IC 565,Sc,9.7972,15.8514,274500000.0,63870.0,-19.52
IC 566,E0,9.8322,-0.2308,485300000.0,42350.0,-20.66
IC 568,SBb,9.8522,15.7306,402400000.0,99500.0,-20.86
IC 569,E0,9.8578,10.9206,458900000.0,26700.0,-20.64
IC 570,Sc,9.8639,15.7561,267600000.0,19460.0,-19.07
IC 571,S0,9.8753,15.7753,377200000.0,54860.0,-19.42
IC 572,E0,9.8756,15.8275,377200000.0,27430.0,-19.52
IC 574,S0,9.9075,-6.9528,271400000.0,51310.0,-19.9
IC 575,Sa,9.9089,-6.8572,256500000.0,44770.0,-20.38
IC 576,E0,9.9186,11.04,538200000.0,23480.0,-20.79
IC 577,Sc,9.9344,10.4989,415800000.0,36290.0,-20.93
IC 578,SBa,9.9378,10.4864,413000000.0,72080.0,-20.71
IC 579,Sb,9.9442,-13.7744,419400000.0,79300.0,-20.85
IC 581,SBb,9.9697,15.9475,353400000.0,51400.0,-20.07
IC 582,Sc,9.9833,17.8169,341500000.0,44700.0,-20.5
IC 583,Sc,9.9847,17.8211,350800000.0,45910.0,-19.86
IC 584,E0,9.9847,10.3611,257700000.0,14990.0,-18.89
IC 585,S0,9.9956,12.9892,314500000.0,59470.0,-20.32
IC 586,S0,9.9972,-6.9222,161200000.0,14070.0,-19.07
IC 587,Sc,10.0514,-2.3997,278000000.0,52560.0,-20.35
IC 588,SBa,10.0353,3.0583,328300000.0,33430.0,-20.31
IC 589,S0,10.0731,-5.6783,458900000.0,46720.0,-20.44
IC 590-1,S0,10.0969,0.6331,278000000.0,40430.0,-20.15
IC 590-2,S0,10.0972,0.6317,278000000.0,24260.0,-20.15
IC 591,S0,10.1242,12.2742,141100000.0,20520.0,-19.08
IC 592,Sc,10.1328,-2.4989,284800000.0,33130.0,-20.61
IC 593,S0,10.1383,-2.5267,286000000.0,29120.0,-20.31
IC 594,SBc,10.1419,-0.6661,302000000.0,48320.0,-20.23
IC 595,E0,10.1606,11.0008,373200000.0,27140.0,-20.29
IC 596,S0,10.1753,10.0417,420700000.0,55070.0,-19.75
IC 597,S0,10.1697,-6.8986,219700000.0,25560.0,-18.34
IC 598,Sa,10.2133,43.1456,111100000.0,22630.0,-18.76
IC 599,Sc,10.22,-5.6289,228400000.0,36540.0,-19.13
IC 600,Irr,10.2861,-3.4972,73790000.0,25760.0,-18.67
IC 601,Sc,10.3042,7.0392,178700000.0,18200.0,-18.89
IC 602,Sc,10.3053,7.0492,181900000.0,21170.0,-20.03
IC 603,Sa,10.3236,-5.6561,239700000.0,45330.0,-19.83
IC 605,Sc,10.3733,1.1989,304700000.0,26590.0,-20.25
IC 607,SBc,10.4022,16.7417,262800000.0,49690.0,-19.93
IC 608,S0,10.4058,-6.0394,497100000.0,57840.0,-20.71
IC 609,SBc,10.4264,-2.2142,245800000.0,53630.0,-20.19
IC 610,Sc,10.4411,20.2269,52060000.0,13630.0,-16.21
IC 612,S0,10.4514,11.0547,432300000.0,37730.0,-20.21
IC 613,E0,10.4519,11.0114,434600000.0,50570.0,-20.22
IC 614,Irr,10.4475,-3.4647,453100000.0,52720.0,-20.41
IC 615,S0,10.4558,11.0806,427100000.0,68330.0,-20.68
IC 616-1,Sc,10.5464,15.8606,272100000.0,39580.0,-20.21
IC 616-2,E0,10.5464,15.8453,272100000.0,7916.0,-17.61
IC 619,Sc,10.5639,12.8783,334900000.0,48710.0,-19.76
IC 620,S0,10.5592,11.8708,453400000.0,39570.0,-20.52
IC 621,E0,10.5558,2.6167,390400000.0,22710.0,-20.69
IC 623,Sb,10.5892,3.5583,292600000.0,42550.0,-19.76
IC 624,Sa,10.6042,-8.3342,240400000.0,94420.0,-20.24
IC 625,S0,10.7103,-23.935,46720000.0,15630.0,-17.08
IC 626,S0,10.6158,-7.0239,374100000.0,65290.0,-20.4
IC 627,S0,10.6219,-3.3572,413500000.0,36080.0,-20.41
IC 628,Sb,10.6267,5.6033,317900000.0,41620.0,-20.24
IC 630,S0,10.6425,-7.1706,112000000.0,34200.0,-19.18
IC 631,E0,10.6494,-7.0517,602600000.0,43820.0,-20.13
IC 632,Sa,10.6531,-0.4097,266200000.0,34840.0,-19.76
IC 633,S0,10.6567,-0.3886,262900000.0,22940.0,-19.73
IC 634,Irr,10.6817,5.9919,366600000.0,63990.0,-20.25
IC 635,S0,10.6958,15.6433,308800000.0,71870.0,-19.78
IC 636,SBc,10.6972,4.3308,354700000.0,46430.0,-20.18
IC 637,S0,10.7058,15.3603,642700000.0,93480.0,-21.47
IC 638,S0,10.73,15.8956,546600000.0,47700.0,-20.72
IC 639,S0,10.7644,16.9294,287300000.0,45960.0,-19.72
IC 642,E0,10.8019,18.1886,278700000.0,52690.0,-20.86
IC 643,S0,10.8242,12.2011,311100000.0,27150.0,-19.6
IC 645,S0,10.8358,-6.0431,332300000.0,24160.0,-19.54
IC 646,Sa,10.8597,55.4664,616600000.0,80710.0,-20.88
IC 647,E0,10.8428,-12.8539,198400000.0,8658.0,-17.92
IC 648-1,S0,10.85,12.2878,473400000.0,55080.0,-21.01
IC 648-2,E0,10.85,12.29,473400000.0,55080.0,-21.11
IC 649-1,Sb,10.8478,1.1653,511600000.0,52080.0,-20.78
IC 649-2,Sc,10.8478,1.1619,511600000.0,22320.0,-20.48
IC 650,Irr,10.8444,-13.4417,358700000.0,41740.0,-19.71
IC 651,Irr,10.8494,-2.1503,214800000.0,24990.0,-21.39
IC 653,Sa,10.8683,-0.5611,262600000.0,72580.0,-20.53
IC 654,Sa,10.8972,-11.7256,365300000.0,63760.0,-20.25
IC 655,S0,10.9061,-0.3656,543100000.0,78990.0,-20.81
IC 656,E0,10.9189,17.6117,549600000.0,15990.0,-20.13
IC 657,Sa,10.9647,-4.9042,428600000.0,74810.0,-19.69
IC 658,E0,10.9711,8.2422,461000000.0,46930.0,-21.35
IC 659,E0,10.9675,-6.26,629600000.0,128200.0,-21.13
IC 660,E0,10.9739,1.3833,541800000.0,70920.0,-20.7
IC 661,S0,10.9808,1.6511,527300000.0,46020.0,-20.34
IC 662,E0,10.9889,1.5994,519400000.0,68000.0,-20.71
IC 663,S0,11.0103,10.4372,479800000.0,55830.0,-20.44
IC 664,S0,11.0125,10.5531,466600000.0,88230.0,-21.38
IC 665,S0,11.0081,-13.8661,202400000.0,23550.0,-18.66
IC 666,E0,11.0206,10.4808,553900000.0,40280.0,-20.95
IC 667,E0,11.11,15.0892,437900000.0,19100.0,-20.44
IC 668,Sb,11.1108,15.0411,439200000.0,44710.0,-20.25
IC 669,S0,11.1211,6.3031,407800000.0,71180.0,-21.08
IC 670,S0,11.1244,6.7144,385200000.0,56030.0,-20.86
IC 671,Sb,11.1253,0.7833,523400000.0,98960.0,-21.63
IC 672,S0,11.1342,-12.4842,341500000.0,24840.0,-19.7
IC 673,Sb,11.1569,-0.0978,187900000.0,46460.0,-19.5
IC 674,Sb,11.185,43.6331,346900000.0,85780.0,-20.83
IC 676,SBa,11.2108,9.0561,78510000.0,23980.0,-18.81
IC 677,Sc,11.2322,12.3017,160000000.0,34900.0,-19.75
IC 678,E0,11.235,6.5778,58770000.0,5984.0,-16.38
IC 679,S0,11.2767,-13.9714,236900000.0,31010.0,-18.71
IC 680,Sa,11.2983,-1.9467,553500000.0,56360.0,-21.25
IC 681,Sc,11.3086,-12.1403,240300000.0,31460.0,-19.54
IC 683,E0,11.3586,2.7522,346800000.0,40350.0,-20.13
IC 685,E0,11.3683,17.7542,1135000000.0,66020.0,-21.51
IC 686,S0,11.3847,5.6442,650600000.0,37850.0,-21.2
IC 687,S0,11.4047,47.8481,448400000.0,52170.0,-20.49
IC 688,S0,11.3944,-9.7958,73390000.0,7472.0,-16.26
IC 690,S0,11.4056,-8.3414,305800000.0,40030.0,-19.46
IC 691,Irr,11.4456,59.1556,60200000.0,5253.0,-17.13
IC 692,S0,11.4314,9.9875,67240000.0,6846.0,-17.27
IC 693,Sb,11.4467,-5.0044,466800000.0,47530.0,-20.18
IC 694,S0,11.4742,58.5786,146500000.0,6391.0,-17.26
IC 695,S0,11.4661,-11.7153,287300000.0,33430.0,-19.02
IC 696,Irr,11.4775,9.0992,295400000.0,42970.0,-20.38
IC 697,S0,11.4761,-1.6289,564100000.0,32820.0,-20.89
IC 698,S0,11.4842,9.1125,298100000.0,43360.0,-20.4
IC 699,Sb,11.485,8.9892,292600000.0,51070.0,-20.16
IC 700,Sa,11.4875,20.5828,77400000.0,11260.0,-17.58
IC 701,Irr,11.5167,20.4697,288100000.0,25140.0,-20.03
IC 702,S0,11.515,-4.9222,397000000.0,34640.0,-19.43
IC 705,E0,11.5489,50.2422,134200000.0,15610.0,-17.57
IC 706,Sa,11.5533,-13.3381,221000000.0,41790.0,-18.85
IC 707,Sc,11.5622,21.38,307300000.0,22350.0,-20.47
IC 708,E0,11.5664,49.0622,436500000.0,88890.0,-21.63
IC 709,E0,11.5706,49.0436,434700000.0,37930.0,-20.62
IC 710,S0,11.5742,25.8761,293400000.0,17070.0,-19.07
IC 711,E0,11.5794,48.9561,442500000.0,32180.0,-20.56
IC 712,E0,11.5803,49.0778,456900000.0,73090.0,-20.93
IC 715-1,S0,11.615,-8.3756,307200000.0,31280.0,-19.07
IC 715-2,E0,11.615,-8.3789,549600000.0,31970.0,-20.13
IC 716,Sc,11.6508,-0.2056,257800000.0,60000.0,-19.69
IC 718,Irr,11.6644,8.8744,103700000.0,18100.0,-18.01
IC 719,S0,11.6717,9.0097,98160000.0,18560.0,-18.59
IC 720,Sc,11.7061,8.7672,299700000.0,47960.0,-20.12
IC 721,Sc,11.7078,-8.3403,316500000.0,59840.0,-19.83
IC 722,Sc,11.7119,8.9744,306600000.0,49050.0,-20.17
IC 723,Irr,11.7158,-8.3319,141300000.0,14390.0,-18.48
IC 724,Sa,11.7261,8.9425,281300000.0,94080.0,-21.08
IC 725,E0,11.7247,-1.6683,585100000.0,42550.0,-21.17
IC 726,S0,11.7292,33.3928,423400000.0,18470.0,-18.57
IC 727,Sb,11.7411,10.7833,288000000.0,67020.0,-19.73
IC 728,SBb,11.7472,-1.6014,377200000.0,71320.0,-20.82
IC 729,S0,11.755,33.3358,412800000.0,48030.0,-20.01
IC 731,S0,11.755,49.5703,312400000.0,22720.0,-19.01
IC 732-1,Sa,11.7664,20.4389,339000000.0,24650.0,-19.98
IC 732-2,Irr,11.7664,20.4478,339000000.0,19720.0,-19.58
IC 733,S0,11.7661,-8.1558,293400000.0,29870.0,-19.07
IC 734-1,E0,11.7675,-8.2708,398100000.0,57910.0,-20.13
IC 734-2,S0,11.7675,-8.2653,280200000.0,16300.0,-19.07
IC 735,Sc,11.8033,13.2089,140000000.0,28500.0,-18.36
IC 736,S0,11.8056,12.7172,198400000.0,14430.0,-18.32
IC 737,S0,11.8075,12.7272,197200000.0,17210.0,-19.21
IC 738,Irr,11.815,-4.6819,700300000.0,81480.0,-22.06
IC 739,SBb,11.8586,23.8628,316200000.0,50580.0,-20.03
IC 741,Sa,11.8419,-4.8364,149300000.0,17370.0,-18.5
IC 742,SBb,11.8506,20.7997,300500000.0,52440.0,-20.12
IC 743,Sc,11.8894,-13.2647,170500000.0,29760.0,-18.39
IC 744,S0,11.9011,23.1928,345500000.0,50250.0,-19.42
IC 745,S0,11.9033,0.1369,59690000.0,6077.0,-17.41
IC 746,Sc,11.9264,25.8889,237500000.0,37990.0,-19.71
IC 747,E0,11.9511,-8.2917,250200000.0,21830.0,-19.02
IC 748,E0,11.9572,7.4614,431300000.0,37630.0,-20.21
IC 749,SBc,11.9758,42.7333,45450000.0,15200.0,-17.82
IC 750,Sb,11.9811,42.7228,120000000.0,45390.0,-20.03
IC 751,Sb,11.9811,42.57,418800000.0,73100.0,-20.44
IC 752,S0,11.9875,42.5669,403600000.0,35220.0,-20.26
IC 753,S0,11.9867,-0.5236,276000000.0,16060.0,-20.04
IC 754,E0,11.9897,-1.6544,268700000.0,42990.0,-20.38
IC 756,Sc,12.0492,4.845,278400000.0,72890.0,-20.36
IC 758,SBc,12.0697,62.5056,62560000.0,17290.0,-17.31
IC 760,S0,12.0981,-29.2928,114000000.0,28180.0,-19.32
IC 761,S0,12.0981,-12.6728,243500000.0,24800.0,-18.57
IC 762,S0,12.1364,25.7564,345400000.0,35160.0,-20.02
IC 763,S0,12.1375,25.8119,328700000.0,43030.0,-19.72
IC 764,SBc,12.1706,-29.7369,104900000.0,73260.0,-19.64
IC 766,Sa,12.1814,-12.6547,207000000.0,39140.0,-19.11
IC 767,E0,12.1839,12.1042,93040000.0,9472.0,-17.48
IC 768,Sc,12.1964,12.1431,193900000.0,39490.0,-19.47
IC 769,SBc,12.2089,12.1233,113700000.0,41330.0,-19.51
IC 770,E0,12.2172,-4.5528,54720000.0,3184.0,-15.32
IC 771,SBc,12.2536,13.1844,276100000.0,24100.0,-19.94
IC 772,S0,12.2542,23.9589,296500000.0,38820.0,-19.29
IC 773,SBa,12.3022,6.1394,243100000.0,28290.0,-19.66
IC 774,E0,12.3142,-6.7658,406200000.0,29540.0,-19.78
IC 775,S0,12.3147,12.9131,357800000.0,62450.0,-20.8
IC 776,SBc,12.3172,8.8569,124700000.0,32650.0,-18.81
IC 777,SBb,12.3231,28.3094,112000000.0,19550.0,-18.28
IC 779,SBc,12.3272,29.8828,37840000.0,4953.0,-15.12
IC 780,S0,12.3328,25.7719,314000000.0,50240.0,-20.72
IC 781,Sa,12.3342,14.9614,61390000.0,9822.0,-16.87
IC 782,SBa,12.36,5.7664,109400000.0,17500.0,-17.93
IC 783,SBa,12.3606,15.7447,59620000.0,10410.0,-16.91
IC 783A,S0,12.3719,15.7333,51600000.0,3753.0,-15.5
IC 784,Sc,12.375,-4.6528,182200000.0,50360.0,-19.84
IC 785,Sc,12.3839,-13.2231,214700000.0,28100.0,-19.39
IC 786,S0,12.3861,-13.2042,211300000.0,30730.0,-19.66
IC 787,Sa,12.4236,16.1236,425300000.0,68040.0,-20.48
IC 789,S0,12.4389,7.4603,327700000.0,47660.0,-20.21
IC 790,E0,12.4431,9.0358,340200000.0,29690.0,-19.49
IC 791,SBa,12.4497,22.64,318100000.0,50890.0,-20.85
IC 792,Sb,12.4522,16.325,291500000.0,67820.0,-20.06
IC 794,E0,12.4689,12.0939,94240000.0,17820.0,-18.1
IC 795,S0,12.4753,23.3053,287300000.0,20890.0,-19.42
IC 796,Sa,12.4906,16.4047,83370000.0,15760.0,-17.84
IC 797,SBc,12.5317,15.1236,107600000.0,20340.0,-18.59
IC 798,E0,12.5425,15.4158,17360000.0,1010.0,-13.13
IC 800,SBc,12.5656,15.3544,118000000.0,27470.0,-18.69
IC 801,Sa,12.5622,52.2547,292600000.0,51060.0,-20.16
IC 803,Irr,12.66,16.5889,353400000.0,41120.0,-19.27
IC 804,S0,12.6875,-5.0092,129300000.0,18810.0,-18.59
IC 806,Sb,12.7022,-17.3497,456300000.0,46460.0,-20.53
IC 807,S0,12.7033,-17.4036,485300000.0,49400.0,-20.86
IC 809,E0,12.7022,11.7542,43710000.0,6357.0,-16.44
IC 810,Sa,12.7022,12.5967,8600000.0,2001.0,-12.8
IC 812,E0,12.7472,-4.4344,288400000.0,33560.0,-20.13
IC 813,Sc,12.7531,23.0358,323800000.0,42390.0,-20.58
IC 814,S0,12.7594,-8.0917,307200000.0,31280.0,-19.07
IC 815,E0,12.7728,11.8767,590300000.0,42930.0,-21.39
IC 816,SBa,12.7794,9.8511,327900000.0,42920.0,-20.21
IC 817,S0,12.7822,9.8578,329600000.0,28760.0,-20.12
IC 818,Sb,12.7789,29.7353,220200000.0,28820.0,-18.75
IC 821,SBc,12.7906,29.7878,311700000.0,49870.0,-20.3
IC 822,S0,12.7958,30.0778,820300000.0,47720.0,-21.0
IC 825,S0,12.8386,-5.3631,68060000.0,5939.0,-16.1
IC 826,SBb,12.8553,31.0592,321000000.0,28020.0,-20.07
IC 827,S0,12.8653,16.2831,303800000.0,39770.0,-19.65
IC 828,S0,12.8708,-8.1328,267600000.0,31130.0,-19.07
IC 829,Sa,12.8742,-15.5181,219700000.0,22360.0,-19.54
IC 830,S0,12.8544,53.6958,224200000.0,26090.0,-19.79
IC 831,S0,12.8786,26.4711,282400000.0,28750.0,-19.29
IC 832,E0,12.8997,26.4444,324300000.0,23580.0,-20.09
IC 833,E0,12.9439,-6.7333,436600000.0,19050.0,-20.13
IC 834,E0,12.9383,26.3594,287300000.0,20890.0,-19.42
IC 835,SBb,12.9478,26.4869,357400000.0,31190.0,-20.2
IC 836,S0,12.9317,63.6117,122700000.0,23190.0,-18.08
IC 837,Sa,12.9586,26.5111,334000000.0,43720.0,-19.55
IC 838,SBa,12.9703,26.4261,911200000.0,66270.0,-21.33
IC 839,S0,12.9708,28.1264,296000000.0,25830.0,-18.99
IC 840,SBa,12.9783,10.6167,477300000.0,55540.0,-21.33
IC 841,S0,12.9964,21.8133,317700000.0,41590.0,-19.54
IC 842,SBc,13.0108,29.0186,322200000.0,56230.0,-20.27
IC 843,S0,13.0258,29.1306,343600000.0,54970.0,-20.41
IC 844,S0,13.055,-30.5208,143600000.0,33410.0,-19.52
IC 845,S0,13.0825,12.0786,472100000.0,20600.0,-20.3
IC 846,E0,13.0892,23.0956,463800000.0,74200.0,-20.26
IC 848,Sb,13.1169,16.0067,701600000.0,81630.0,-21.36
IC 849,Sc,13.1272,-0.9425,255900000.0,59560.0,-20.67
IC 850,Sc,13.1306,-0.8681,240300000.0,31450.0,-19.34
IC 851,Sb,13.1428,21.05,129100000.0,18770.0,-18.09
IC 852,S0,13.1267,60.1578,369300000.0,59080.0,-20.27
IC 853,SBb,13.1447,52.7744,325900000.0,75840.0,-20.5
IC 854,SBc,13.1636,24.5775,328500000.0,38220.0,-20.02
IC 855,E0,13.1767,-4.4853,344200000.0,55060.0,-20.52
IC 856,S0,13.1781,20.5369,193000000.0,28070.0,-18.66
IC 857,SBb,13.2306,17.0758,314400000.0,41160.0,-20.22
IC 858,S0,13.2475,17.2272,329700000.0,67140.0,-20.52
IC 859,S0,13.2492,17.2258,309800000.0,40550.0,-19.79
IC 860,S0,13.2508,24.6183,184200000.0,21430.0,-18.36
IC 861,Sa,13.2519,34.3283,505000000.0,58760.0,-20.45
IC 862,E0,13.2708,20.0475,407000000.0,23680.0,-20.18
IC 863,SBa,13.2867,-17.2547,111100000.0,19390.0,-18.16
IC 864,S0,13.2856,20.6925,336900000.0,24500.0,-19.07
IC 865,Sa,13.2931,-5.8333,242200000.0,17610.0,-18.95
IC 866,SBb,13.2878,20.6914,299500000.0,47920.0,-19.31
IC 867,SBc,13.2886,20.6375,318500000.0,64850.0,-19.75
IC 868-1,S0,13.2911,20.6122,297800000.0,21660.0,-19.4
IC 868-2,S0,13.2917,20.6208,297800000.0,12990.0,-17.9
IC 870,Sc,13.2917,20.5997,299100000.0,30450.0,-19.41
IC 871,Sb,13.2994,4.4042,276700000.0,68410.0,-20.14
IC 872,Sb,13.305,6.3361,316400000.0,41410.0,-19.73
IC 873,E0,13.3044,4.465,274000000.0,15940.0,-19.62
IC 874,S0,13.3167,-27.6283,115900000.0,20240.0,-19.25
IC 875,S0,13.2853,57.54,130600000.0,26580.0,-19.21
IC 876,SBa,13.3094,4.4861,271400000.0,31580.0,-19.5
IC 879,SBb,13.3278,-27.4292,100700000.0,20510.0,-18.45
IC 881,Sa,13.3322,15.8503,322300000.0,75000.0,-20.27
IC 882,S0,13.3353,15.8981,319800000.0,37200.0,-20.06
IC 883,Irr,13.3431,34.1386,317500000.0,64650.0,-20.44
IC 885,E0,13.3753,21.3167,303500000.0,35320.0,-20.04
IC 886,E0,13.3992,-4.3947,996700000.0,43490.0,-21.13
IC 889,E0,13.4436,11.87,612600000.0,26730.0,-20.87
IC 890,S0,13.4736,-16.0919,258100000.0,33790.0,-18.99
IC 891,S0,13.4997,0.3058,287300000.0,20890.0,-19.42
IC 892,S0,13.5292,-2.7125,292000000.0,63700.0,-20.66
IC 893,Sb,13.5297,-2.6114,273400000.0,43740.0,-19.72
IC 894,Sc,13.5344,17.0494,288600000.0,46170.0,-19.73
IC 896,E0,13.5694,4.8689,292600000.0,51060.0,-19.96
IC 897,S0,13.5719,17.8481,217000000.0,18940.0,-18.52
IC 898,S0,13.5692,13.28,573300000.0,50030.0,-20.92
IC 899,E0,13.5831,-8.0911,287300000.0,20890.0,-19.42
IC 900,Sc,13.5783,9.3369,348200000.0,81040.0,-21.54
IC 901,Sb,13.595,13.3303,568000000.0,66090.0,-20.8
IC 902,Sb,13.6003,49.9606,72150000.0,23090.0,-17.12
IC 903,Sb,13.6406,-0.2275,181400000.0,50130.0,-19.33
IC 904,Sa,13.6422,0.5406,313600000.0,54730.0,-20.11
IC 905,E0,13.6672,23.1433,420500000.0,36700.0,-20.25
IC 906,Sc,13.6694,23.3408,293400000.0,38400.0,-19.07
IC 907,SBb,13.6561,51.0514,205100000.0,38770.0,-18.69
IC 908,SBa,13.6886,-4.3444,297900000.0,38990.0,-20.0
IC 909,SBa,13.6808,24.4731,358700000.0,20870.0,-20.21
IC 910,S0,13.6853,23.2814,373600000.0,27170.0,-20.09
IC 911,S0,13.6903,23.2481,203000000.0,11810.0,-19.07
IC 912,S0,13.6914,23.2453,161200000.0,16410.0,-19.07
IC 913,SBb,13.6914,23.1669,255500000.0,29730.0,-19.07
IC 914,Sc,13.6944,23.19,428600000.0,43640.0,-20.39
IC 915,E0,13.7242,-17.3322,411500000.0,29920.0,-20.4
IC 916,E0,13.7106,24.4656,373200000.0,38000.0,-19.89
IC 919,E0,13.7156,55.6033,466800000.0,27160.0,-19.98
IC 920,E0,13.7567,-12.5742,356000000.0,25890.0,-19.69
IC 921,E0,13.7189,55.6506,872300000.0,25370.0,-20.44
IC 922,E0,13.7206,55.6028,877500000.0,38290.0,-20.95
IC 923,S0,13.7211,55.6153,893000000.0,64940.0,-21.19
IC 924,S0,13.7603,-12.4553,375900000.0,32800.0,-19.51
IC 925,E0,13.7219,55.5978,911200000.0,13250.0,-19.73
IC 926,S0,13.7275,55.6311,907300000.0,26390.0,-20.22
IC 927,Sa,13.7644,-12.4639,364000000.0,37060.0,-19.34
IC 928,E0,13.7292,55.6336,889200000.0,38800.0,-21.18
IC 929,E0,13.7292,55.6461,898200000.0,26130.0,-20.7
IC 930,E0,13.7311,55.6561,898200000.0,26130.0,-20.5
IC 931,E0,13.7303,55.6233,886600000.0,25790.0,-20.47
IC 932,E0,13.7308,55.6464,691900000.0,20130.0,-20.13
IC 933,S0,13.7544,23.2192,406800000.0,70990.0,-20.98
IC 934,S0,13.7342,55.6497,899500000.0,26170.0,-20.7
IC 937,E0,13.7414,55.6294,913800000.0,26580.0,-20.74
IC 938,S0,13.7419,55.6269,912500000.0,53090.0,-21.23
IC 939,S0,13.7953,3.4119,313700000.0,41070.0,-20.32
IC 940,S0,13.7992,3.4503,311100000.0,31670.0,-20.0
IC 941,S0,13.8097,24.0156,309800000.0,31540.0,-19.69
IC 942,S0,13.7947,56.6219,345200000.0,35150.0,-19.82
IC 943,S0,13.8422,3.1942,429900000.0,43770.0,-20.7
IC 944,Sa,13.8583,14.0917,323300000.0,75230.0,-20.48
IC 945,Sb,13.7853,72.07,398300000.0,52140.0,-20.13
IC 946,Sa,13.8689,14.1164,316600000.0,41440.0,-20.43
IC 947,S0,13.8764,0.8181,210400000.0,52020.0,-20.15
IC 948,E0,13.8739,14.0911,319700000.0,60440.0,-20.76
IC 949,Irr,13.8711,22.5219,382700000.0,61220.0,-20.05
IC 950-1,S0,13.8739,14.4917,537800000.0,93870.0,-20.99
IC 950-2,S0,13.8736,14.4894,537800000.0,15650.0,-19.59
IC 951,SBc,13.8631,50.9778,186500000.0,32550.0,-19.59
IC 952,SBc,13.8947,3.3775,206400000.0,39030.0,-19.21
IC 954,Irr,13.8322,71.1647,460400000.0,73650.0,-21.25
IC 956-1,E0,13.9111,20.7197,478700000.0,20890.0,-20.13
IC 956-2,S0,13.9111,20.7164,293400000.0,17070.0,-19.07
IC 959,Sa,13.9342,13.5064,317700000.0,78540.0,-20.84
IC 960-1,Sb,13.9331,17.4994,176800000.0,36000.0,-19.07
IC 960-2,Sa,13.9333,17.5117,307200000.0,40210.0,-19.07
IC 961,Sb,13.9294,25.84,796800000.0,81130.0,-21.54
IC 962,S0,13.9536,12.0214,287500000.0,33460.0,-20.63
IC 963,S0,13.9569,17.4083,289900000.0,29520.0,-19.54
IC 964,E0,13.9614,17.5092,293900000.0,12820.0,-19.07
IC 965,S0,13.9631,17.5111,288600000.0,37780.0,-19.73
IC 966,S0,13.9706,5.4075,190500000.0,22160.0,-19.23
IC 967,S0,13.9728,14.4575,170500000.0,19840.0,-18.69
IC 968-1,S0,14.01,-2.9086,319500000.0,37180.0,-20.36
IC 968-2,S0,14.0103,-2.9058,319500000.0,23240.0,-18.96
IC 969,S0,14.0294,-4.1797,346800000.0,15130.0,-19.33
IC 970,SBa,14.0428,14.5525,187500000.0,27270.0,-19.0
IC 971,SBc,14.0644,-10.1397,159800000.0,53450.0,-19.95
IC 975,E0,14.1189,15.3186,398100000.0,28950.0,-20.13
IC 976,Sa,14.1453,-1.1622,79670000.0,17380.0,-17.94
IC 977,Sb,14.145,-3.0025,386200000.0,39320.0,-20.07
IC 978,Sc,14.1494,-2.9736,73260000.0,7459.0,-16.36
IC 979,SBb,14.1589,14.8317,355400000.0,51700.0,-20.69
IC 980,E0,14.1728,-7.3419,299200000.0,21760.0,-19.31
IC 981,S0,14.1744,-4.1719,398300000.0,40550.0,-20.73
IC 982,S0,14.1664,17.6967,235800000.0,34290.0,-19.99
IC 983,SBb,14.1678,17.7344,253100000.0,143600.0,-21.95
IC 984,Sb,14.1686,18.3642,238300000.0,65840.0,-19.92
IC 985,Sb,14.1925,-3.2197,392600000.0,28550.0,-20.7
IC 986,E0,14.1906,1.2869,332300000.0,28990.0,-20.04
IC 987,S0,14.1919,19.1719,186500000.0,35260.0,-18.59
IC 988,S0,14.2422,3.1908,370900000.0,26970.0,-20.18
IC 989,E0,14.2475,3.1311,348000000.0,65800.0,-21.14
IC 990,S0,14.2636,39.7983,340200000.0,29690.0,-19.39
IC 991,Sc,14.2967,-13.8731,218200000.0,47590.0,-20.33
IC 992,Sc,14.3039,0.8906,358300000.0,67750.0,-20.6
IC 993,S0,14.305,11.2164,333900000.0,14570.0,-19.35
IC 994,Sa,14.3061,11.1953,325800000.0,61610.0,-20.7
IC 995,SBc,14.2753,57.81,144200000.0,33550.0,-18.63
IC 996,Sc,14.2892,57.63,140900000.0,28690.0,-18.38
IC 997-1,S0,14.3331,-4.4522,307100000.0,62540.0,-20.87
IC 997-2,S0,14.3333,-4.4528,307100000.0,17870.0,-19.37
IC 998,S0,14.3386,-4.4161,267600000.0,42810.0,-19.07
IC 999,S0,14.3256,17.8758,265800000.0,30930.0,-20.16
IC 1000,S0,14.3278,17.855,260900000.0,34150.0,-20.21
IC 1001,S0,14.3442,5.4278,364000000.0,47640.0,-20.54
IC 1002,S0,14.345,5.4858,361300000.0,36790.0,-20.22
IC 1003,E0,14.3581,5.0731,360000000.0,68070.0,-19.91
IC 1004-1,E0,14.3469,17.6628,549600000.0,23980.0,-20.13
IC 1004-2,E0,14.3469,17.665,436600000.0,31750.0,-20.13
IC 1006,S0,14.3831,23.7947,227600000.0,33110.0,-18.92
IC 1007,E0,14.41,4.5594,345500000.0,20100.0,-20.12
IC 1008A,Irr,14.395,28.3472,398100000.0,23160.0,-20.13
IC 1008B,E0,14.395,28.3464,631000000.0,18360.0,-20.13
IC 1009,S0,14.4381,12.3533,344200000.0,35040.0,-19.82
IC 1010,SBb,14.4556,1.0258,353700000.0,97740.0,-20.98
IC 1011,E0,14.4678,1.0069,344900000.0,20070.0,-20.72
IC 1012,Sc,14.4525,30.9483,191100000.0,33350.0,-19.24
IC 1013,S0,14.4639,25.8386,205100000.0,20880.0,-18.59
IC 1014,Irr,14.4717,13.7806,67510000.0,26510.0,-17.98
IC 1015,S0,14.4719,15.4203,233000000.0,23730.0,-19.07
IC 1016,S0,14.4589,4.8214,368100000.0,48180.0,-20.66
IC 1017,S0,14.4686,25.8683,203700000.0,29620.0,-19.18
IC 1018,E0,14.47,25.83,202500000.0,20610.0,-18.26
IC 1019,S0,14.4703,25.9472,180100000.0,10480.0,-18.31
IC 1020,S0,14.4803,26.0328,194100000.0,33880.0,-18.77
IC 1021,SBa,14.4881,20.655,404500000.0,64720.0,-20.17
IC 1022,Sb,14.5003,3.7728,86890000.0,13900.0,-16.93
IC 1024,S0,14.5242,3.0078,75210000.0,17500.0,-17.91
IC 1025,S0,14.5244,7.0631,356000000.0,25890.0,-19.89
IC 1027,S0,14.4967,53.9656,572000000.0,74870.0,-20.52
IC 1028,Sc,14.5544,41.6508,236900000.0,37900.0,-19.61
IC 1029,Sb,14.5408,49.9044,141900000.0,53670.0,-19.49
IC 1031,S0,14.5731,48.0381,482600000.0,63180.0,-20.25
IC 1032,E0,14.5775,47.9686,480000000.0,27920.0,-20.14
IC 1033,E0,14.5781,47.9378,358700000.0,57390.0,-20.01
IC 1034,S0,14.6203,14.6658,505000000.0,80790.0,-20.65
IC 1035,S0,14.6361,9.3367,400900000.0,23330.0,-20.15
IC 1036,S0,14.6394,18.1114,402300000.0,29250.0,-19.86
IC 1037,S0,14.6403,18.1844,222600000.0,25900.0,-19.07
IC 1038,S0,14.6575,11.9289,383800000.0,22330.0,-20.05
IC 1039,S0,14.6747,3.4333,327900000.0,38160.0,-19.61
IC 1040,S0,14.6728,9.4775,374500000.0,21790.0,-20.1
IC 1041,Sb,14.6769,3.3772,353400000.0,35980.0,-20.07
IC 1042,S0,14.6772,3.4697,363300000.0,58120.0,-20.63
IC 1043,S0,14.6786,3.3747,422000000.0,24550.0,-19.66
IC 1044,S0,14.6911,9.4317,373200000.0,59710.0,-20.39
IC 1046,Sc,14.6314,69.0144,346800000.0,40350.0,-19.93
IC 1047,Sb,14.7053,19.1919,280200000.0,28530.0,-19.07
IC 1048,S0,14.7158,4.8908,100600000.0,32190.0,-18.65
IC 1049,SBa,14.6592,62.0031,297900000.0,38990.0,-20.1
IC 1050,Sb,14.7353,18.0133,426000000.0,43370.0,-20.28
IC 1051,E0,14.7364,19.0206,589000000.0,34270.0,-20.98
IC 1052,SBc,14.7372,20.6147,416400000.0,66630.0,-20.23
IC 1053,S0,14.7619,16.9469,448400000.0,32610.0,-20.49
IC 1054,S0,14.7753,1.2753,364000000.0,52940.0,-20.34
IC 1055,Sb,14.7903,-13.7161,139600000.0,40620.0,-19.56
IC 1056,Sb,14.7633,50.3933,183800000.0,48120.0,-19.65
IC 1058,Sc,14.82,17.0214,497100000.0,65070.0,-21.21
IC 1059,E0,14.845,-0.8753,352100000.0,40970.0,-20.17
IC 1060,Sa,14.8631,-7.2319,205100000.0,41760.0,-19.69
IC 1061,E0,14.8539,18.7575,583800000.0,16980.0,-20.26
IC 1062,S0,14.8547,18.6875,581200000.0,25360.0,-20.75
IC 1063,SBb,14.8694,4.6814,615200000.0,107400.0,-21.88
IC 1065,S0,14.8225,63.2708,556400000.0,80930.0,-21.66
IC 1066,Sc,14.8839,3.2961,79630000.0,13900.0,-17.74
IC 1067,SBb,14.8847,3.3317,79450000.0,23110.0,-18.63
IC 1068,S0,14.8922,3.0778,373200000.0,27140.0,-19.99
IC 1069,S0,14.8461,54.4117,501400000.0,94810.0,-20.83
IC 1070,S0,14.8975,3.4853,74640000.0,6514.0,-16.6
IC 1071,S0,14.9033,4.7506,379100000.0,55140.0,-21.13
IC 1072,E0,14.9036,4.8422,461600000.0,33570.0,-20.85
IC 1073,E0,14.9039,4.7944,366600000.0,21330.0,-19.65
IC 1074,Sc,14.8658,51.265,344200000.0,55060.0,-20.02
IC 1075,SBb,14.9136,18.1058,280500000.0,48960.0,-19.87
IC 1076,Sc,14.9164,18.0375,278800000.0,40540.0,-20.46
IC 1077,SBc,14.9558,-19.2147,153300000.0,31210.0,-19.86
IC 1078,Sa,14.9414,9.3542,391800000.0,56980.0,-20.8
IC 1079,E0,14.9433,9.3694,385100000.0,100800.0,-20.86
IC 1080,S0,14.9664,-6.7228,444700000.0,90550.0,-20.87
IC 1081,SBa,14.9819,-19.2392,135500000.0,27590.0,-18.29
IC 1082,S0,14.9811,7.0078,487900000.0,63860.0,-20.87
IC 1083,Sc,14.9258,68.4086,390400000.0,39740.0,-20.09
IC 1084,E0,15.0206,-7.4756,105200000.0,9185.0,-17.34
IC 1085,S0,15.0453,17.2531,506300000.0,66270.0,-21.15
IC 1086,S0,15.0581,17.115,280600000.0,16330.0,-19.17
IC 1087,S0,15.1119,3.7772,454900000.0,52930.0,-19.92
IC 1089,S0,15.1236,7.1172,410200000.0,23860.0,-20.4
IC 1091,SBb,15.1369,-11.1406,221100000.0,32150.0,-19.66
IC 1092,S0,15.1267,9.3589,283300000.0,20600.0,-19.89
IC 1093,SBc,15.1264,14.5486,603600000.0,87790.0,-21.54
IC 1094-1,E0,15.1283,14.6283,1148000000.0,50100.0,-20.13
IC 1094-2,E0,15.1283,14.6278,1381000000.0,40160.0,-20.13
IC 1094-3,E0,15.1283,14.6225,501200000.0,29160.0,-20.13
IC 1095-1,Sb,15.1431,13.6703,381100000.0,27720.0,-20.14
IC 1095-2,E0,15.1425,13.6753,381100000.0,11090.0,-19.14
IC 1096,S0,15.1392,19.1919,272700000.0,23800.0,-19.01
IC 1097,Sb,15.1419,19.1844,281000000.0,44960.0,-19.98
IC 1099,SBc,15.115,56.5086,393000000.0,68590.0,-20.6
IC 1101,S0,15.1822,5.7456,1049000000.0,183200.0,-22.54
IC 1102,Sb,15.1844,4.2939,563400000.0,90140.0,-21.09
IC 1103,E0,15.1931,19.2083,758600000.0,55170.0,-20.13
IC 1105,S0,15.2203,4.2881,495200000.0,64820.0,-21.01
IC 1106,S0,15.2322,4.7103,549700000.0,79940.0,-21.23
IC 1107,E0,15.2358,4.7147,506300000.0,36820.0,-20.65
IC 1109,E0,15.2842,5.2567,675500000.0,39300.0,-21.38
IC 1110,Sa,15.2014,67.3622,157200000.0,32000.0,-18.51
IC 1112,S0,15.2964,7.2186,458600000.0,66710.0,-20.74
IC 1113,S0,15.3042,12.4886,472100000.0,48060.0,-20.5
IC 1116,S0,15.3653,8.4239,524400000.0,91520.0,-21.73
IC 1117,S0,15.4061,15.4892,280200000.0,20380.0,-19.07
IC 1118,S0,15.4164,13.4456,297900000.0,43320.0,-19.7
IC 1119-1,S0,15.4289,-3.6586,431300000.0,37640.0,-20.31
IC 1119-2,E0,15.4289,-3.6533,431300000.0,18820.0,-19.11
IC 1120-1,S0,15.4361,18.8719,336900000.0,19600.0,-19.07
IC 1120-2,E0,15.4364,18.875,549600000.0,23980.0,-20.13
IC 1121,E0,15.4622,6.8044,398100000.0,23160.0,-20.13
IC 1122,E0,15.4897,7.6175,501200000.0,36450.0,-20.13
IC 1124,Sc,15.5,23.6383,239500000.0,27870.0,-19.73
IC 1125,Irr,15.5514,-1.6283,131500000.0,32510.0,-18.83
IC 1127,Irr,15.5825,23.5025,248000000.0,64920.0,-20.4
IC 1128,S0,15.6311,-1.7347,280200000.0,44830.0,-19.07
IC 1129,Sc,15.5333,68.2467,292500000.0,46800.0,-20.96
IC 1130,Sc,15.6289,17.2444,603400000.0,61440.0,-20.84
IC 1131,E1,15.6475,12.0811,89440000.0,9106.0,-17.39
IC 1132,Sc,15.6683,20.6803,207300000.0,36180.0,-19.72
IC 1133,Sc,15.6867,15.5733,186300000.0,32520.0,-18.98
IC 1134-1,S0,15.7494,16.9628,654500000.0,57120.0,-21.61
IC 1134-2,E0,15.7497,16.9592,654500000.0,28560.0,-20.31
IC 1135,S0,15.7594,17.7,138600000.0,14110.0,-17.54
IC 1136,E0,15.7928,-1.5447,397000000.0,28870.0,-20.13
IC 1137,E0,15.8089,8.5881,190500000.0,8311.0,-18.33
IC 1138,Sa,15.8042,26.2061,307100000.0,40200.0,-19.47
IC 1139,S0,15.4906,82.5844,293900000.0,25650.0,-19.07
IC 1141,SBc,15.8297,12.3992,203400000.0,20700.0,-19.27
IC 1142,Sc,15.8403,18.14,628000000.0,127900.0,-21.62
IC 1143,E0,15.5153,82.4564,284300000.0,37210.0,-19.7
IC 1144,S0,15.8558,43.4183,541300000.0,78730.0,-21.5
IC 1145,Sc,15.7356,72.4308,334900000.0,73060.0,-20.06
IC 1146,S0,15.8061,69.3861,350800000.0,45910.0,-20.36
IC 1147,S0,15.8364,69.56,464200000.0,40510.0,-20.17
IC 1149,Sc,15.9686,12.0697,213700000.0,37300.0,-20.38
IC 1151,SBc,15.9756,17.4408,101300000.0,35350.0,-18.96
IC 1152,E0,15.9453,48.0947,264500000.0,46160.0,-20.44
IC 1153,S0,15.9508,48.1686,58710000.0,10250.0,-17.68
IC 1154,E0,15.8744,70.3756,505000000.0,73450.0,-21.35
IC 1155,SBc,16.0097,15.6858,398800000.0,46400.0,-20.34
IC 1156,E0,16.0103,19.7239,426600000.0,62050.0,-20.68
IC 1157,SBa,16.0156,15.5267,511600000.0,44640.0,-20.28
IC 1158,SBc,16.0261,1.7075,91030000.0,33100.0,-18.43
IC 1159,S0,16.0169,15.4197,456300000.0,39820.0,-19.93
IC 1160,SBa,16.0172,15.495,485100000.0,42340.0,-20.16
IC 1161,E0,16.0211,15.6458,488100000.0,56800.0,-20.78
IC 1162,SBc,16.0211,17.6775,598200000.0,60910.0,-21.02
IC 1163,E0,16.025,15.5044,472600000.0,48110.0,-20.8
IC 1165,S0,16.0353,15.6964,668300000.0,77760.0,-21.06
IC 1165B,E0,16.0356,15.6928,455600000.0,26500.0,-19.73
IC 1166-1,S0,16.0356,26.325,958000000.0,55740.0,-21.84
IC 1166-2,S0,16.0358,26.3292,958000000.0,83600.0,-21.84
IC 1167,S0,16.0644,14.9461,453700000.0,46190.0,-20.52
IC 1168,E0,16.0653,14.9031,482600000.0,49140.0,-20.35
IC 1168B,S0,16.0656,14.8942,424100000.0,24670.0,-19.07
IC 1169,Sb,16.0703,13.7442,156600000.0,22780.0,-19.21
IC 1170,S0,16.0753,17.7214,424400000.0,24690.0,-19.67
IC 1173,SBc,16.0867,17.4225,470000000.0,61520.0,-20.49
IC 1174,Sa,16.0906,15.0253,213200000.0,31010.0,-19.58
IC 1177,Sa,16.0886,18.3153,514200000.0,37390.0,-19.79
IC 1178,S0,16.0925,17.6019,457100000.0,66480.0,-20.53
IC 1181,SBa,16.0925,17.5936,473500000.0,55090.0,-19.91
IC 1182,Sa,16.0933,17.8028,461100000.0,67070.0,-20.55
IC 1185,Sb,16.0956,17.7172,467200000.0,54370.0,-20.68
IC 1186,SBb,16.0956,17.3622,496200000.0,57740.0,-20.51
IC 1187,S0,15.9861,70.5575,307200000.0,17870.0,-19.07
IC 1188,Sa,16.1019,17.4603,321700000.0,18720.0,-19.07
IC 1189,SBa,16.1039,18.1825,524300000.0,53380.0,-20.63
IC 1190,SBb,16.0978,18.2206,474700000.0,89760.0,-20.21
IC 1191,S0,16.1078,18.2689,514200000.0,37390.0,-19.69
IC 1192,Sb,16.1092,17.7761,518700000.0,45260.0,-20.21
IC 1193,Sa,16.1089,17.7139,539400000.0,54920.0,-20.69
IC 1194,Sa,16.1106,17.7833,522900000.0,22820.0,-19.52
IC 1195,SBc,16.1111,17.1919,537300000.0,46890.0,-20.48
IC 1196,Sa,16.1328,10.78,222000000.0,35520.0,-19.46
IC 1197,Sc,16.1381,7.5392,65500000.0,27630.0,-17.11
IC 1198,Sc,16.1433,12.3306,456300000.0,39820.0,-20.73
IC 1199,Sc,16.1761,10.04,472100000.0,89260.0,-21.3
IC 1201,Sb,16.0947,69.5939,307200000.0,53620.0,-19.07
IC 1204,S0,16.1208,69.9317,334200000.0,29160.0,-19.55
IC 1205,Sb,16.2375,9.5375,144000000.0,10470.0,-18.72
IC 1206,Sb,16.2536,11.2972,455000000.0,72800.0,-21.02
IC 1208,Sa,16.2631,36.5275,427300000.0,62150.0,-20.29
IC 1209,S0,16.3108,15.5589,394700000.0,63140.0,-20.31
IC 1210,Sb,16.2417,62.5361,129700000.0,30170.0,-18.2
IC 1211,E0,16.2808,53.0061,251400000.0,36560.0,-20.73
IC 1212,E0,16.2583,64.2253,429900000.0,31270.0,-20.0
IC 1214,Sa,16.2697,65.9686,311100000.0,63350.0,-19.9
IC 1215,SBa,16.2597,68.3972,323300000.0,51730.0,-20.88
IC 1216,Sc,16.2653,68.3494,337500000.0,49090.0,-20.27
IC 1218,S0,16.2769,68.2031,49460000.0,7913.0,-16.0
IC 1219,S0,16.4075,19.4836,463100000.0,74090.0,-20.56
IC 1220,E0,16.4939,8.4506,437900000.0,63680.0,-20.84
IC 1221,Sc,16.5781,46.3917,243200000.0,45980.0,-19.86
IC 1222,SBc,16.5858,46.2136,411700000.0,101800.0,-21.31
IC 1223,SBa,16.595,49.2211,394300000.0,51620.0,-20.21
IC 1224,E0,16.7156,19.255,451000000.0,52480.0,-20.3
IC 1225,SBb,16.6144,67.6292,390400000.0,79490.0,-20.09
IC 1226,S0,16.685,46.0039,235600000.0,13710.0,-18.89
IC 1228,SBb,16.7017,65.5856,339900000.0,79110.0,-20.89
IC 1229,SBa,16.7494,51.3081,424100000.0,24670.0,-19.07
IC 1230,S0,16.7503,51.26,267600000.0,35030.0,-19.07
IC 1231,Sc,16.7831,58.4228,227300000.0,72730.0,-20.62
IC 1235,S0,16.8675,63.1161,121400000.0,14130.0,-17.95
IC 1236,SBc,16.9747,20.0408,269400000.0,39190.0,-20.38
IC 1237,SBc,16.9375,55.0269,380600000.0,105200.0,-20.93
IC 1241,S0,17.0244,63.6911,210400000.0,36720.0,-20.05
IC 1242,Sb,17.145,4.0497,301200000.0,39420.0,-20.03
IC 1244,S0,17.1758,36.3039,362600000.0,52750.0,-20.63
IC 1245,S0,17.21,38.0203,495300000.0,122500.0,-21.21
IC 1248,SBc,17.1942,59.995,222900000.0,29180.0,-19.77
IC 1249,E0,17.2483,35.5206,495800000.0,43260.0,-21.01
IC 1250,S0,17.2414,57.4172,374500000.0,21790.0,-19.3
IC 1251,Sc,17.17,72.4097,55520000.0,12110.0,-16.95
IC 1252,Sb,17.2639,57.3669,398300000.0,57930.0,-19.73
IC 1254,SBb,17.1925,72.4017,57390000.0,13360.0,-16.33
IC 1255,Sc,17.3847,12.6961,398300000.0,57920.0,-21.23
IC 1256,Sb,17.3964,26.4864,209600000.0,48790.0,-19.74
IC 1258,Sa,17.4547,58.4853,351500000.0,46010.0,-20.76
IC 1259-1,S0,17.4567,58.5167,336200000.0,39120.0,-19.17
IC 1259-2,S0,17.4572,58.5164,336200000.0,14670.0,-20.77
IC 1260,E0,17.4586,58.4764,346800000.0,15130.0,-19.43
IC 1261-1,S0,17.3889,71.2639,336900000.0,39190.0,-19.07
IC 1261-2,E0,17.3906,71.2633,549600000.0,71940.0,-20.13
IC 1262,E0,17.5506,43.7597,432000000.0,75390.0,-20.91
IC 1263,SBa,17.5519,43.8217,383800000.0,89310.0,-20.75
IC 1264,S0,17.5544,43.6289,439200000.0,76650.0,-20.55
IC 1265,Sb,17.6108,42.0889,94200000.0,27400.0,-18.6
IC 1267,SBb,17.6458,59.3725,412500000.0,90000.0,-21.31
IC 1268,Sc,17.8442,17.21,278000000.0,28300.0,-19.25
IC 1269,Sc,17.8681,21.5689,269700000.0,66680.0,-20.99
IC 1277,Sc,18.1742,31.0033,311600000.0,54390.0,-20.2
IC 1279,Sb,18.1875,36.0075,291500000.0,110200.0,-20.46
IC 1281,S0,18.1939,35.9978,599500000.0,43600.0,-20.62
IC 1286,Sb,18.2706,55.59,243200000.0,49510.0,-19.66
IC 1288,SBa,18.4894,39.7139,252500000.0,40400.0,-20.14
IC 1289,S0,18.5006,39.9647,243500000.0,24800.0,-18.57
IC 1291,Irr,18.5644,49.2786,82790000.0,21670.0,-18.42
IC 1296,SBc,18.8883,33.0664,227300000.0,36370.0,-19.12
IC 1301,Sa,19.4419,50.1258,181600000.0,31700.0,-19.43
IC 1302,SBc,19.5144,35.785,199300000.0,26080.0,-19.83
IC 1303,Sc,19.525,35.8758,190800000.0,36080.0,-19.24
IC 1309,SBc,20.0503,-17.2325,352100000.0,46090.0,-20.17
IC 1313,SBb,20.3119,-16.9461,131100000.0,40040.0,-18.12
IC 1317,E0,20.3875,0.6647,164100000.0,16700.0,-18.91
IC 1319,Sc,20.4336,-18.5042,327000000.0,38040.0,-20.11
IC 1320,Sb,20.4403,2.9094,220300000.0,32040.0,-19.75
IC 1321,Sc,20.4697,-18.2919,295200000.0,47230.0,-19.58
IC 1322,SBa,20.5022,-15.2278,155900000.0,20410.0,-18.5
IC 1324,Sa,20.5367,-9.0556,260300000.0,56790.0,-20.11
IC 1327,Sa,20.5947,-0.0053,429800000.0,56250.0,-20.7
IC 1328,Sc,20.6992,-19.6331,483900000.0,56310.0,-21.06
IC 1330,Sc,20.7706,-14.0228,354400000.0,61850.0,-20.38
IC 1331,Sa,20.7967,-9.9956,257200000.0,67330.0,-19.88
IC 1332,Sb,20.8642,-13.7111,154000000.0,20150.0,-19.07
IC 1333,Sa,20.8714,-16.2858,349200000.0,76190.0,-20.65
IC 1335,E0,20.885,-16.335,569300000.0,41400.0,-20.51
IC 1336,Sb,20.9181,-18.0386,244000000.0,28390.0,-19.07
IC 1337,Sb,20.9478,-16.585,408100000.0,47480.0,-20.89
IC 1338,SBa,20.9492,-16.4922,440500000.0,44850.0,-19.95
IC 1339,SBb,20.9653,-17.9422,364500000.0,74230.0,-21.04
IC 1341,S0,21.0044,-13.9758,244000000.0,17750.0,-19.07
IC 1342,Sc,21.0069,-14.495,358700000.0,41740.0,-20.61
IC 1343,S0,21.0167,-15.4036,379800000.0,55240.0,-19.63
IC 1344,S0,21.0211,-13.3803,212500000.0,30910.0,-19.07
IC 1345,E0,21.0228,-13.3975,457100000.0,33240.0,-20.13
IC 1346,SBb,21.0269,-13.9603,381100000.0,66520.0,-19.84
IC 1347,S0,21.0289,-13.3128,376500000.0,43800.0,-20.01
IC 1348,S0,21.0286,-13.3569,390400000.0,45420.0,-20.09
IC 1349,S0,21.0306,-13.265,267600000.0,23350.0,-19.07
IC 1350,S0,21.0311,-13.8522,373200000.0,38000.0,-19.29
IC 1351,S0,21.0311,-13.2014,293400000.0,21340.0,-19.07
IC 1352,S0,21.0317,-13.3844,424100000.0,18500.0,-19.07
IC 1353,S0,21.0322,-13.2725,389100000.0,16980.0,-18.88
IC 1355,E0,21.0328,-13.1725,375900000.0,21870.0,-20.01
IC 1356,E0,21.0481,-15.8119,377200000.0,60340.0,-19.22
IC 1357,Sa,21.0992,-10.7158,364000000.0,68820.0,-20.04
IC 1358,S0,21.1081,-16.2036,395700000.0,23020.0,-19.42
IC 1359,S0,21.1453,12.4839,191600000.0,33440.0,-18.94
IC 1360,S0,21.1806,5.0717,377200000.0,38400.0,-20.02
IC 1361,S0,21.1914,5.0547,164800000.0,21580.0,-18.42
IC 1362,E0,21.1978,2.3294,667600000.0,29130.0,-20.96
IC 1364,E0,21.2233,2.7703,185200000.0,26930.0,-18.97
IC 1365,E0,21.2322,2.5653,638800000.0,102200.0,-21.76
IC 1366,S0,21.2353,1.7767,244000000.0,14200.0,-19.07
IC 1367,S0,21.2358,2.9944,178500000.0,7789.0,-18.79
IC 1368,Sa,21.2367,2.1783,160900000.0,28090.0,-19.17
IC 1370,Irr,21.2539,2.1922,665000000.0,154700.0,-21.75
IC 1371,S0,21.3375,-4.8761,403600000.0,52830.0,-20.66
IC 1372,S0,21.3381,-5.6047,362600000.0,42200.0,-19.73
IC 1373,S0,21.3436,1.0931,469500000.0,20480.0,-20.29
IC 1374,S0,21.3506,1.7136,321700000.0,14040.0,-19.07
IC 1375,E0,21.3497,3.9858,510200000.0,74210.0,-21.27
IC 1377,Sc,21.4239,4.3142,402300000.0,46800.0,-20.46
IC 1379,E0,21.4336,3.0972,436600000.0,19050.0,-20.13
IC 1380,E0,21.4528,2.7181,561500000.0,24500.0,-20.88
IC 1381,SBa,21.4592,-1.1881,404900000.0,47110.0,-20.07
IC 1383,S0,21.4608,-1.1022,393000000.0,22860.0,-20.1
IC 1384,Irr,21.4647,-1.3686,250200000.0,25470.0,-18.42
IC 1385,SBa,21.4808,-1.0697,688500000.0,40060.0,-20.82
IC 1386,S0,21.4936,-21.1956,463300000.0,101100.0,-21.66
IC 1387,E0,21.4928,-1.3506,248800000.0,14480.0,-18.91
IC 1388,S0,21.4978,-0.6308,403600000.0,23480.0,-20.46
IC 1389,S0,21.5356,-18.0192,280600000.0,28570.0,-19.17
IC 1390,SBc,21.54,-1.8619,252800000.0,25740.0,-18.95
IC 1391,E0,21.5833,-0.5114,400900000.0,11660.0,-19.75
IC 1392,S0,21.5922,35.3986,182100000.0,29140.0,-20.73
IC 1393,S0,21.6706,-22.4111,435200000.0,37980.0,-20.33
IC 1394,E0,21.67,14.6336,390400000.0,56780.0,-20.19
IC 1395,E0,21.6947,4.105,346800000.0,15130.0,-19.73
IC 1397,S0,21.7339,-4.8844,327000000.0,33290.0,-19.71
IC 1398,Sc,21.7642,9.4756,469500000.0,61450.0,-20.49
IC 1399,E0,21.7689,4.4028,478700000.0,20890.0,-20.13
IC 1401,Sc,21.7831,1.7114,271300000.0,71020.0,-20.2
IC 1403,S0,21.8414,-2.7156,366600000.0,26660.0,-18.65
IC 1404,E0,21.8489,-9.2661,238200000.0,27720.0,-19.32
IC 1405,SBb,21.8469,2.0214,314900000.0,41220.0,-20.12
IC 1406,E0,21.8511,1.9875,364000000.0,15880.0,-19.54
IC 1407-1,E0,21.8731,3.4267,383800000.0,22330.0,-20.25
IC 1407-2,E0,21.8728,3.4286,383800000.0,11160.0,-17.75
IC 1408,S0,21.8856,-13.3464,235600000.0,34270.0,-19.19
IC 1409,S0,21.8886,-7.4997,456300000.0,33180.0,-19.73
IC 1410,E0,21.9339,-2.8997,358700000.0,26080.0,-19.31
IC 1411,E0,21.9333,-1.5167,342400000.0,44820.0,-20.91
IC 1412,SBa,21.9717,-17.1767,233400000.0,30550.0,-19.87
IC 1413-1,S0,21.9736,-3.1247,424100000.0,55510.0,-19.07
IC 1413-2,S0,21.9739,-3.1017,336900000.0,34300.0,-19.07
IC 1414,S0,21.9717,8.4239,371900000.0,27040.0,-20.28
IC 1417,Sb,22.0058,-13.1469,237300000.0,44870.0,-19.81
IC 1418,S0,22.0331,4.3847,355600000.0,46540.0,-20.09
IC 1419,S0,22.0494,-9.9206,629600000.0,36630.0,-20.43
IC 1420,SBa,22.0419,19.75,57970000.0,10120.0,-17.05
IC 1421,E0,22.0508,-9.9778,501200000.0,29160.0,-20.13
IC 1422,S0,22.05,2.5994,244000000.0,14200.0,-19.07
IC 1423,SBb,22.0533,4.2981,349000000.0,50760.0,-20.35
IC 1425,S0,22.0567,2.5953,426000000.0,30980.0,-20.98
IC 1427,E0,22.0597,15.1072,345900000.0,50310.0,-19.83
IC 1428,S0,22.0742,2.6311,541800000.0,31520.0,-20.9
IC 1430,E0,22.1247,-13.5808,549600000.0,31970.0,-20.13
IC 1431,Sa,22.1275,-13.5133,732900000.0,85280.0,-21.46
IC 1432,S0,22.1675,3.69,486900000.0,21250.0,-19.07
IC 1433,Irr,22.2028,-12.765,478700000.0,48730.0,-20.13
IC 1435,Sc,22.2239,-22.0964,236900000.0,34460.0,-20.41
IC 1436,S0,22.2308,-10.1914,381100000.0,38800.0,-19.54
IC 1437,Sa,22.2622,2.0658,381600000.0,61060.0,-20.74
IC 1438,SBa,22.2747,-21.4308,102800000.0,35900.0,-19.89
IC 1439,SBa,22.2778,-21.4856,415600000.0,78570.0,-20.83
IC 1440,E0,22.2758,-16.0164,186500000.0,32550.0,-18.29
IC 1441,SBa,22.2553,37.3008,231200000.0,23540.0,-18.75
IC 1443,E2,22.3175,-20.94,214700000.0,24990.0,-20.59
IC 1444,E0,22.3731,5.1397,377200000.0,27430.0,-20.02
IC 1445,S0,22.425,-17.2436,102200000.0,23780.0,-18.88
IC 1446,S0,22.4844,-1.1842,518100000.0,45220.0,-20.1
IC 1447,Sb,22.4997,-5.1194,116700000.0,25460.0,-19.17
IC 1449,S0,22.5853,-8.7656,316400000.0,23010.0,-19.13
IC 1451,Sc,22.7686,-10.3703,402300000.0,29250.0,-20.56
IC 1452,S0,22.7664,10.8681,323000000.0,18790.0,-19.48
IC 1453,SBb,22.7817,-13.4494,354700000.0,36110.0,-19.48
IC 1455,SBa,22.8961,1.3725,214500000.0,28070.0,-19.39
IC 1456,S0,22.9217,-12.7319,338900000.0,34500.0,-19.08
IC 1459,E3,22.9528,-36.4625,96870000.0,73260.0,-21.36
IC 1460,E2,22.9511,4.6775,309400000.0,22500.0,-19.49
IC 1461,S0,22.9761,15.1733,393700000.0,34360.0,-20.31
IC 1464-1,S0,23.0531,-8.9886,319000000.0,32480.0,-19.75
IC 1464-2,S0,23.0533,-8.9922,320400000.0,23300.0,-19.26
IC 1466,S0,23.0608,-2.7756,411500000.0,29920.0,-21.1
IC 1467,Sc,23.0803,-3.2311,179800000.0,20930.0,-18.21
IC 1468,Sa,23.0853,-3.2053,426000000.0,68150.0,-20.28
IC 1469,E0,23.1078,-13.5364,549600000.0,39970.0,-20.13
IC 1471,S0,23.1458,-12.6392,430900000.0,50140.0,-21.1
IC 1472,Sa,23.1517,17.2597,340200000.0,59370.0,-19.99
IC 1473,S0,23.1847,29.6431,16000000.0,4886.0,-14.55
IC 1474,Sc,23.2142,5.8058,196200000.0,31400.0,-19.1
IC 1476,S0,23.2378,30.5519,309800000.0,31540.0,-19.39
IC 1479,S0,23.3128,-10.3986,424600000.0,67930.0,-20.87
IC 1481,S0,23.3236,5.9058,256600000.0,29850.0,-19.98
IC 1482,E0,23.3469,1.7394,393000000.0,34300.0,-20.0
IC 1484,S0,23.3775,11.385,591600000.0,34420.0,-18.49
IC 1488,S0,23.4272,15.3539,545700000.0,71430.0,-20.32
IC 1489,S0,23.4422,-12.5164,431600000.0,25110.0,-20.61
IC 1491,S0,23.49,-16.3161,149300000.0,10860.0,-18.3
IC 1492,Sa,23.51,-3.0394,234700000.0,34140.0,-20.09
IC 1494,S0,23.5128,-12.7242,422000000.0,30690.0,-19.66
IC 1495,Sb,23.5131,-13.4853,269000000.0,54760.0,-20.48
IC 1496,Sa,23.5147,-2.9339,214200000.0,52970.0,-19.79
IC 1498,Sa,23.5314,-5.0064,214600000.0,59300.0,-19.49
IC 1500,S0,23.5525,4.5525,440500000.0,32030.0,-20.25
IC 1501,SBc,23.5778,-3.1536,214300000.0,49880.0,-19.49
IC 1502,Sa,23.6056,75.6475,87530000.0,14000.0,-17.34
IC 1503,Irr,23.6408,4.8014,257700000.0,33730.0,-20.09
IC 1504,Sb,23.6886,4.0183,265000000.0,65530.0,-20.15
IC 1505,E0,23.6936,-3.5647,288600000.0,37780.0,-19.93
IC 1506,S0,23.7467,4.7361,424700000.0,43240.0,-20.27
IC 1507,Sa,23.7592,1.6892,236300000.0,44680.0,-19.7
IC 1508,Irr,23.7653,12.0611,174000000.0,50630.0,-19.74
IC 1509,Sc,23.7878,-15.3072,325600000.0,66310.0,-19.1
IC 1510-1,S0,23.8422,2.0747,928100000.0,94490.0,-21.77
IC 1510-2,S0,23.8425,2.0722,928100000.0,80990.0,-22.07
IC 1513,Sc,23.8914,11.3178,268200000.0,39010.0,-19.47
IC 1515,SBb,23.9344,-0.9886,284000000.0,49560.0,-20.2
IC 1516,Sc,23.9353,-0.9169,310900000.0,81400.0,-21.0
IC 1517,E0,23.9383,-0.3056,325600000.0,37890.0,-20.2
IC 1518,S0,23.9517,12.4656,498300000.0,21740.0,-20.32
IC 1519,S0,23.9522,12.4581,388500000.0,39550.0,-19.78
IC 1520,Sc,23.965,-14.0389,399600000.0,40680.0,-20.94
IC 1521,E0,23.9831,-7.1461,378500000.0,27530.0,-19.32
IC 1522,Sc,23.9842,1.7203,287300000.0,41780.0,-19.62
IC 1523,E0,23.985,6.8736,631000000.0,27530.0,-20.13
IC 1524,SBc,23.9861,-4.1269,255800000.0,63240.0,-19.57
IC 1525,SBb,23.9875,46.8894,211800000.0,58540.0,-20.86
IC 1526,Sc,0.0253,11.3467,403600000.0,29350.0,-20.36
IC 1527,Sb,0.0392,4.0903,381100000.0,72060.0,-19.94
IC 1528,SBb,0.0847,-7.1181,169200000.0,59070.0,-20.07
IC 1529,S0,0.0869,-11.5022,292600000.0,51070.0,-20.16
IC 1531,S0,0.1597,-32.2767,330100000.0,86420.0,-21.53
IC 1532,SBc,0.1647,-64.3711,78110000.0,18180.0,-17.1
IC 1534,S0,0.2292,48.1519,228400000.0,33210.0,-18.93
IC 1535,Sb,0.2325,48.1575,231600000.0,43790.0,-19.16
IC 1536,S0,0.2383,48.1439,226700000.0,23080.0,-18.81
IC 1540,SBb,0.33,23.7725,245200000.0,32100.0,-19.48
IC 1541,S0,0.3339,22.0006,263400000.0,22990.0,-19.24
IC 1542,S0,0.3447,22.5928,312800000.0,31850.0,-19.91
IC 1543,Sc,0.3486,21.8656,235600000.0,23990.0,-19.99
IC 1544,SBc,0.3547,23.0908,235000000.0,41020.0,-19.69
IC 1545,E0,0.3556,21.9839,250200000.0,10920.0,-17.72
IC 1546,Sc,0.3581,22.5064,286700000.0,37530.0,-19.12
IC 1548,S0,0.3653,22.0069,255400000.0,33440.0,-18.97
IC 1549,S0,0.3803,6.9647,526200000.0,61230.0,-21.34
IC 1550,S0,0.4075,38.1853,262100000.0,34310.0,-19.42
IC 1551,Sb,0.4597,8.8775,565800000.0,205700.0,-21.7
IC 1552,Sc,0.4953,21.4764,307500000.0,40250.0,-19.47
IC 1553,S0,0.5444,-25.6089,125700000.0,21940.0,-18.63
IC 1555,Sc,0.5756,-30.0175,57970000.0,10960.0,-16.85
IC 1557,S0,0.5928,-2.8758,268700000.0,19540.0,-18.78
IC 1558,Irr,0.5964,-25.3744,56540000.0,27140.0,-18.39
IC 1559,Sa,0.6144,23.985,191800000.0,11160.0,-18.95
IC 1561,SBb,0.6422,-24.3403,161300000.0,28160.0,-18.57
IC 1562,SBc,0.6425,-24.2739,150100000.0,34920.0,-19.71
IC 1563,S0,0.65,-9.015,602600000.0,61350.0,-21.33
IC 1564,SBc,0.6514,6.0211,219700000.0,31960.0,-19.34
IC 1565,E0,0.6572,6.7342,481800000.0,70070.0,-21.45
IC 1566,Sa,0.6592,6.8156,528600000.0,53820.0,-20.35
IC 1567,E0,0.6572,6.7342,481800000.0,70070.0,-21.45
IC 1568,S0,0.6653,6.8492,530000000.0,61660.0,-20.85
IC 1569,S0,0.6744,6.7197,501000000.0,29150.0,-20.33
IC 1570,S0,0.6761,6.7533,533900000.0,31060.0,-19.07
IC 1571,Sb,0.6769,-0.3303,245300000.0,53520.0,-19.78
IC 1573,Sc,0.7028,-23.5922,465000000.0,81160.0,-19.07
IC 1574,Irr,0.7178,-22.2461,16050000.0,4901.0,-14.06
IC 1575A,Irr,0.7258,-4.1167,303100000.0,52910.0,-20.34
IC 1575B,Irr,0.7258,-4.1194,254100000.0,55450.0,-20.46
IC 1576,Sc,0.7369,-25.1092,714700000.0,72760.0,-21.0
IC 1578,Sc,0.7403,-25.0764,299200000.0,34810.0,-19.51
IC 1579,SBc,0.7589,-26.5644,303000000.0,39660.0,-19.84
IC 1581,Sc,0.7628,-25.9194,489200000.0,64040.0,-19.68
IC 1582,Sc,0.7711,-24.2797,468100000.0,74900.0,-19.88
IC 1583,S0,0.7861,23.0744,321700000.0,23390.0,-19.27
IC 1584,SBa,0.7883,27.8283,198500000.0,46180.0,-18.62
IC 1585,E0,0.7872,23.0542,325600000.0,37890.0,-19.4
IC 1586,E0,0.7989,22.3733,245100000.0,10700.0,-19.48
IC 1587,S0,0.8119,-23.5617,748600000.0,152400.0,-21.2
IC 1588,S0,0.8492,-23.5586,725100000.0,73820.0,-20.33
IC 1592,S0,0.8908,5.7697,216600000.0,31500.0,-19.01
IC 1594,SBb,0.8958,-47.6478,367900000.0,69570.0,-20.06
IC 1595,Sb,0.8964,-45.1864,322600000.0,70380.0,-19.58
IC 1596,Sc,0.9117,21.5231,105100000.0,27510.0,-17.74
IC 1597,Sb,0.8922,-58.1072,218800000.0,54110.0,-19.13
IC 1598,Sa,0.9114,5.7742,183800000.0,26730.0,-18.75
IC 1599,Sc,0.9089,-23.4944,267600000.0,42810.0,-19.07
IC 1600,Sb,0.9178,-23.5244,507600000.0,59060.0,-20.36
IC 1601,Sb,0.9261,-24.1533,401200000.0,52520.0,-20.95
IC 1602,E0,0.9308,-9.9853,720400000.0,73340.0,-21.42
IC 1603,Sc,0.9497,-45.4128,345800000.0,65380.0,-20.53
IC 1605,SBc,0.9603,-48.9028,294700000.0,68580.0,-21.08
IC 1607,S0,0.98,0.5872,226600000.0,29660.0,-19.71
IC 1608,Sa,0.99,-34.3297,143300000.0,41700.0,-19.51
IC 1609,S0,0.9961,-40.3336,309800000.0,63080.0,-21.29
IC 1610,Sa,1.0283,-15.5678,250100000.0,50930.0,-20.62
IC 1613,Irr,1.0797,2.1186,2453000.0,5923.0,-14.48
IC 1614,E0,1.085,33.1903,1072000000.0,46760.0,-19.98
IC 1615,Sc,1.0683,-51.1328,340000000.0,64280.0,-20.79
IC 1616,SBc,1.0822,-27.4289,239300000.0,55680.0,-21.03
IC 1617,Sa,1.0711,-51.0325,353200000.0,71920.0,-20.57
IC 1618,S0,1.0986,32.4128,196800000.0,34350.0,-18.2
IC 1619,S0,1.1228,33.0669,209100000.0,21280.0,-18.53
IC 1620,SBc,1.1206,13.955,493900000.0,71830.0,-21.7
IC 1621,Sc,1.1061,-46.7253,176800000.0,33430.0,-19.07
IC 1622,S0,1.1267,-17.5386,282000000.0,28710.0,-20.08
IC 1623-1,Irr,1.1294,-17.5067,256800000.0,33620.0,-19.98
IC 1623B,S0,1.13,-17.5067,259500000.0,26420.0,-19.0
IC 1625,S0,1.1283,-46.9083,333900000.0,77690.0,-22.05
IC 1627,SBb,1.1361,-46.0939,263500000.0,95820.0,-20.84
IC 1628,S0,1.1464,-28.5822,242200000.0,38750.0,-20.85
IC 1629,E0,1.155,2.5681,553600000.0,32210.0,-20.75
IC 1630,Sb,1.1378,-46.7542,300100000.0,65470.0,-19.62
IC 1631,Sb,1.1456,-46.4753,408800000.0,53520.0,-21.29
IC 1632,E0,1.1786,17.6833,907300000.0,26390.0,-20.72
IC 1633,E1,1.1653,-45.9314,313300000.0,118500.0,-22.51
IC 1634,E0,1.1842,17.6625,883600000.0,51400.0,-21.46
IC 1635,E0,1.1842,17.6517,801300000.0,34960.0,-21.25
IC 1636,S0,1.1936,33.355,252800000.0,11030.0,-19.25
IC 1637,SBc,1.1836,-30.4386,256200000.0,63340.0,-20.97
IC 1638,S0,1.2058,33.365,213000000.0,21690.0,-18.97
IC 1639,Irr,1.1961,-0.6639,226400000.0,29640.0,-20.11
IC 1640,E0,1.1975,-0.6306,246100000.0,7160.0,-18.99
IC 1642,S0,1.2075,15.7506,503500000.0,29290.0,-19.44
IC 1643,S0,1.2022,-0.4097,242600000.0,28230.0,-19.16
IC 1646,SBc,1.2119,15.7069,509500000.0,37050.0,-20.67
IC 1647,Sc,1.2206,38.8853,276700000.0,28170.0,-18.94
IC 1648,S0,1.2283,33.2181,244900000.0,14250.0,-19.08
IC 1649,Sc,1.1972,-55.8567,231400000.0,57220.0,-19.55
IC 1650,SBb,1.205,-50.4019,319100000.0,60340.0,-20.55
IC 1652,Sa,1.2489,31.9478,219800000.0,35160.0,-19.64
IC 1654,SBa,1.2531,30.1953,205300000.0,38810.0,-19.69
IC 1657,SBc,1.235,-32.6506,147400000.0,51470.0,-20.08
IC 1659,E0,1.2683,30.3483,305700000.0,53360.0,-20.66
IC 1666,Sc,1.3314,32.4667,205000000.0,32800.0,-19.69
IC 1667,S0,1.3117,-17.0503,410800000.0,59750.0,-21.0
IC 1668,S0,1.3147,33.1722,254600000.0,11110.0,-18.46
IC 1669,S0,1.335,33.1839,242400000.0,35250.0,-18.75
IC 1670-1,Sc,1.3133,-16.8036,254900000.0,70450.0,-20.06
IC 1670-2,S0,1.3144,-16.8031,257700000.0,52480.0,-19.89
IC 1672,Sb,1.3439,29.6989,303800000.0,57450.0,-20.95
IC 1673,E0,1.3461,33.0456,226300000.0,9874.0,-19.11
IC 1675,S0,1.35,34.2489,226300000.0,26330.0,-19.71
IC 1676,S0,1.3494,30.26,255500000.0,18580.0,-19.07
IC 1677,S0,1.3519,33.2156,229000000.0,29980.0,-19.23
IC 1678,E0,1.3506,5.5603,624400000.0,36330.0,-21.01
IC 1679,S0,1.3622,33.4928,235600000.0,17130.0,-18.59
IC 1680,Sa,1.3642,33.2819,197100000.0,20070.0,-18.61
IC 1681,S0,1.3558,0.0906,159300000.0,23170.0,-18.64
IC 1682,S0,1.3703,33.2597,195100000.0,22700.0,-19.38
IC 1683,Sc,1.3775,34.4372,201700000.0,38140.0,-19.76
IC 1684,S0,1.3814,33.4131,178500000.0,15580.0,-17.89
IC 1685,S0,1.385,33.1908,198400000.0,14430.0,-18.42
IC 1687,E0,1.3886,33.2769,205200000.0,14920.0,-19.29
IC 1688,E0,1.3911,33.0828,223700000.0,13010.0,-18.18
IC 1689,S0,1.3967,33.055,191200000.0,25030.0,-19.04
IC 1690,S0,1.3969,33.1569,189900000.0,13810.0,-18.42
IC 1691,S0,1.4069,33.4067,221000000.0,12860.0,-18.15
IC 1692,E0,1.4108,33.2353,245300000.0,14270.0,-18.78
IC 1693,S0,1.4006,-1.6569,259500000.0,18870.0,-18.3
IC 1694,S0,1.4131,1.6078,216900000.0,18930.0,-19.21
IC 1695,E0,1.4186,8.6992,632700000.0,64410.0,-21.44
IC 1696,E0,1.4144,-1.6172,243500000.0,31880.0,-19.77
IC 1697,S0,1.4172,0.445,374100000.0,48970.0,-20.7
IC 1698,S0,1.4228,14.8383,279400000.0,52830.0,-20.16
IC 1701,E0,1.4306,18.185,373200000.0,65140.0,-19.89
IC 1702,Sc,1.4322,16.6011,174000000.0,30370.0,-19.34
IC 1704,Sc,1.4525,14.7758,269400000.0,43110.0,-20.48
IC 1705,E0,1.4456,-3.5017,257200000.0,33670.0,-19.98
IC 1706-1,E0,1.4583,14.8192,285700000.0,12470.0,-18.71
IC 1706-2,E0,1.4586,14.8194,285700000.0,12470.0,-18.71
IC 1711,Sb,1.5153,17.1889,111700000.0,42240.0,-18.17
IC 1714,SBa,1.5481,-13.0247,248800000.0,18100.0,-18.41
IC 1715,Irr,1.5594,12.5856,172800000.0,17590.0,-19.02
IC 1718,E0,1.6406,33.3653,201100000.0,17550.0,-18.85
IC 1719,S0,1.6264,-33.9242,247500000.0,57600.0,-20.6
IC 1720,Sc,1.6725,-28.9139,249400000.0,54400.0,-20.72
IC 1721,S0,1.69,8.5261,178500000.0,25970.0,-19.49
IC 1722,SBc,1.7172,-34.1881,172200000.0,37570.0,-18.91
IC 1723,Sb,1.7206,8.8889,233500000.0,112100.0,-20.37
IC 1724,Sa,1.7192,-34.2422,160300000.0,30310.0,-19.36
IC 1725,Sc,1.7531,21.7767,173200000.0,7557.0,-18.33
IC 1726,E0,1.7553,4.6192,232200000.0,10130.0,-19.66
IC 1727,Irr,1.7917,27.3325,23480000.0,19470.0,-17.28
IC 1728,SBc,1.7956,-33.6017,380200000.0,71880.0,-21.23
IC 1729,S0,1.7986,-26.8919,56100000.0,13050.0,-17.68
IC 1730,S0,1.8325,22.0128,132000000.0,15360.0,-17.64
IC 1731,SBc,1.8367,27.1961,140800000.0,30710.0,-19.07
IC 1732,S0,1.8467,35.9331,206800000.0,45110.0,-19.01
IC 1733,E0,1.845,33.0822,473300000.0,82600.0,-21.51
IC 1734,SBc,1.8211,-32.7433,212500000.0,49440.0,-20.67
IC 1735,S0,1.8475,33.0919,503700000.0,36630.0,-19.94
IC 1736,Sc,1.8481,18.3025,217800000.0,34840.0,-19.22
IC 1738,SBb,1.8519,-9.7931,65950000.0,8632.0,-16.23
IC 1739,Sb,1.8414,-34.0556,378500000.0,44040.0,-20.42
IC 1741,Sa,1.8656,-16.7875,657200000.0,76460.0,-21.42
IC 1742,Sc,1.8872,22.7211,423200000.0,49240.0,-20.47
IC 1745,S0,1.8831,-16.6692,528600000.0,38440.0,-19.85
IC 1746,S0,1.9067,4.8036,234500000.0,47750.0,-19.38
IC 1748,SBc,1.9356,17.6411,493100000.0,71720.0,-21.3
IC 1749,S0,1.9364,6.7456,215200000.0,28170.0,-19.5
IC 1750,Sa,1.9383,4.0764,253200000.0,33150.0,-18.95
IC 1752,E0,1.9542,28.6142,631000000.0,27530.0,-20.13
IC 1753,E0,1.9553,28.5894,442400000.0,25740.0,-20.66
IC 1754,E0,1.9469,4.0261,229000000.0,26640.0,-19.03
IC 1755,Sa,1.9525,14.5497,341100000.0,69450.0,-20.3
IC 1756,Sc,1.9514,-0.4683,284000000.0,57830.0,-19.3
IC 1757,Irr,1.9531,-0.4736,1057000000.0,92280.0,-21.05
IC 1758,S0,1.9478,-16.5417,256800000.0,22410.0,-18.48
IC 1759,Sc,1.9653,-32.9872,162300000.0,35410.0,-19.68
IC 1761,Sa,1.9811,0.5689,297100000.0,38890.0,-19.5
IC 1762,SBc,1.9633,-33.2397,243000000.0,63620.0,-19.96
IC 1763,Sc,1.9864,-27.8114,198700000.0,28900.0,-19.22
IC 1764,SBb,2.0064,24.5797,212400000.0,37070.0,-19.87
IC 1767,Sa,1.9997,-11.0786,222200000.0,58180.0,-19.67
IC 1768,S0,2.0136,-25.0264,196100000.0,19970.0,-19.9
IC 1769,Sc,2.015,-31.9206,243500000.0,28340.0,-18.87
IC 1770,S0,2.0372,9.9808,192700000.0,28030.0,-18.96
IC 1771,S0,2.0375,9.9686,204700000.0,14890.0,-18.69
IC 1772,E0,2.045,7.7456,288400000.0,29370.0,-20.13
IC 1774,SBc,2.0664,15.3178,149600000.0,34820.0,-18.61
IC 1775,SBc,2.0881,13.5056,344200000.0,35040.0,-18.82
IC 1776,SBc,2.0875,6.1056,139700000.0,26420.0,-19.16
IC 1777,S0,2.1022,15.21,563100000.0,57330.0,-20.59
IC 1779,E0,2.1069,3.7064,414500000.0,24120.0,-20.72
IC 1780,S0,2.1142,14.7222,461000000.0,46930.0,-19.95
IC 1781,S0,2.1144,-0.5181,569100000.0,33110.0,-20.91
IC 1783,Sb,2.1683,-32.9397,125600000.0,36530.0,-19.73
IC 1784,Sb,2.27,32.6492,204100000.0,41560.0,-19.88
IC 1785,S0,2.2725,32.6669,206600000.0,27050.0,-18.31
IC 1786,S0,2.2681,5.1461,399600000.0,23250.0,-20.24
IC 1788,SBc,2.2639,-31.2011,153300000.0,57970.0,-20.86
IC 1789,Sa,2.2975,32.3956,203200000.0,65030.0,-19.27
IC 1790,Sc,2.2936,12.5092,148900000.0,21660.0,-17.7
IC 1791,S0,2.2947,12.4703,155700000.0,22650.0,-18.99
IC 1792,Sb,2.3169,34.4617,464200000.0,74270.0,-21.07
IC 1793,Sb,2.3589,32.5442,226400000.0,49400.0,-19.41
IC 1794,Sa,2.3583,15.7622,167000000.0,21860.0,-18.35
IC 1796,S0,2.3797,-41.3708,218900000.0,35020.0,-19.93
IC 1797,SBc,2.4242,20.3956,163000000.0,16590.0,-18.09
IC 1798,E0,2.4375,13.4308,691900000.0,30190.0,-20.13
IC 1799,S0,2.4792,45.9711,215100000.0,34420.0,-19.4
IC 1801,SBb,2.47,19.5831,168600000.0,39230.0,-18.97
IC 1802,S0,2.4869,23.0833,424700000.0,80300.0,-20.97
IC 1803,E0,2.4881,23.1408,420700000.0,18360.0,-19.55
IC 1804-1,E0,2.4983,23.0972,418100000.0,48650.0,-20.64
IC 1804-2,E0,2.4969,23.1086,418100000.0,18240.0,-19.84
IC 1806,E0,2.4928,22.9439,451000000.0,45920.0,-19.6
IC 1807,E0,2.5083,22.9503,400900000.0,23330.0,-19.75
IC 1809,SBb,2.5278,22.9175,238100000.0,31160.0,-19.42
IC 1810,SBb,2.4906,-43.0767,235000000.0,44430.0,-20.09
IC 1811,SBb,2.5106,-34.2647,205600000.0,38880.0,-19.7
IC 1812,E0,2.4919,-42.8114,223600000.0,65040.0,-20.98
IC 1813,Sa,2.5136,-34.2217,190600000.0,33260.0,-19.63
IC 1815,S0,2.5719,32.43,208800000.0,42530.0,-19.73
IC 1816,SBb,2.5308,-36.6722,223100000.0,45440.0,-20.28
IC 1817-1,Irr,2.5636,11.2033,330900000.0,19250.0,-19.73
IC 1817-2,Sc,2.5639,11.2028,330900000.0,33690.0,-18.53
IC 1818,E0,2.5686,-11.0403,202400000.0,14720.0,-18.56
IC 1819,S0,2.5947,4.0522,283300000.0,65930.0,-19.99
IC 1820,S0,2.5978,6.0408,411500000.0,29920.0,-20.4
IC 1821-1,S0,2.6069,13.7806,534500000.0,46650.0,-20.97
IC 1821-2,S0,2.6072,13.7797,534500000.0,23320.0,-18.77
IC 1823,SBc,2.6433,32.0703,221600000.0,67680.0,-19.66
IC 1825,Sc,2.6486,9.0969,218100000.0,38060.0,-19.43
IC 1826,SBa,2.6508,-27.4431,53020000.0,13110.0,-17.35
IC 1827,Sa,2.6628,1.5583,252900000.0,40460.0,-19.85
IC 1829,E0,2.6756,14.2981,582500000.0,67770.0,-20.66
IC 1832,S0,2.6992,19.0306,447100000.0,45520.0,-20.38
IC 1833,S0,2.6939,-28.1717,211900000.0,46230.0,-19.96
IC 1834,Sb,2.7133,3.0839,617100000.0,80780.0,-21.38
IC 1835-1,S0,2.7303,14.8894,613800000.0,44640.0,-20.97
IC 1835-2,E0,2.73,14.8869,613800000.0,26780.0,-19.87
IC 1836,S0,2.7231,3.105,300500000.0,21850.0,-18.52
IC 1838-1,Sc,2.7453,19.455,336200000.0,24450.0,-19.77
IC 1838-2,S0,2.7453,19.4589,336200000.0,9780.0,-18.07
IC 1839,Sc,2.7453,15.2394,325000000.0,47270.0,-19.89
IC 1841,SBb,2.76,18.9292,621800000.0,63310.0,-21.3
IC 1842,S0,2.7564,11.4589,282100000.0,45130.0,-19.18
IC 1843,SBb,2.7567,2.8806,292800000.0,46840.0,-20.67
IC 1844,Sa,2.7636,3.2306,313400000.0,36460.0,-19.61
IC 1845,Sb,2.7603,-27.9608,134100000.0,27310.0,-19.07
IC 1847,S0,2.7981,14.5056,283800000.0,16510.0,-19.3
IC 1849,E0,2.7956,9.3567,357400000.0,46780.0,-19.8
IC 1853,Sb,2.8011,-13.9933,176900000.0,28300.0,-18.67
IC 1854,S0,2.8222,19.3044,404800000.0,35320.0,-20.47
IC 1855,E0,2.8178,13.4428,549600000.0,23980.0,-20.13
IC 1856,SBb,2.8139,-0.7672,279400000.0,44700.0,-20.26
IC 1857,Sc,2.8272,14.62,394400000.0,57360.0,-20.31
IC 1858,Sa,2.8189,-31.2894,261300000.0,64620.0,-20.42
IC 1859,Sc,2.8175,-31.1725,258600000.0,45140.0,-20.2
IC 1860,E4,2.8258,-31.1897,302700000.0,96850.0,-21.44
IC 1861,S0,2.8853,25.4903,289500000.0,50530.0,-20.34
IC 1862,Sc,2.8661,-33.34,277400000.0,121000.0,-20.15
IC 1863,E0,2.9139,8.785,338900000.0,19710.0,-19.38
IC 1864,E0,2.8942,-34.1981,193200000.0,33710.0,-21.06
IC 1865,Sc,2.9222,8.8281,347400000.0,75800.0,-20.34
IC 1866,S0,2.9144,-15.6528,399200000.0,63870.0,-20.44
IC 1867,S0,2.9311,9.3122,341500000.0,74510.0,-20.3
IC 1868,S0,2.9347,9.3794,350800000.0,20410.0,-19.26
IC 1869,S0,2.9697,5.8367,325800000.0,28430.0,-19.6
IC 1870,Irr,2.9647,-2.3467,59490000.0,24230.0,-17.5
IC 1873-1,S0,3.0644,9.6139,400000000.0,63990.0,-19.94
IC 1873-2,E0,3.0644,9.6103,400000000.0,11630.0,-18.44
IC 1874,SBa,3.1058,36.015,222300000.0,32340.0,-19.57
IC 1875,S0,3.0656,-39.4408,265700000.0,54100.0,-21.05
IC 1876,S0,3.0756,-27.46,284700000.0,45550.0,-20.4
IC 1877,Sb,3.0525,-50.5114,325600000.0,37890.0,-18.7
IC 1878-1,SBb,3.0611,-52.1078,634900000.0,110800.0,-20.55
IC 1878-2,Sa,3.0619,-52.1017,634900000.0,36940.0,-20.95
IC 1879,S0,3.0644,-52.1178,579600000.0,101200.0,-20.35
IC 1880,S0,3.1078,-9.7306,447800000.0,104200.0,-21.69
IC 1882,Sc,3.1303,3.1472,311500000.0,40770.0,-19.8
IC 1885,Sc,3.1111,-32.8642,211200000.0,43000.0,-19.16
IC 1886,S0,3.1342,-4.4,382500000.0,55630.0,-19.85
IC 1890,S0,3.1661,19.2086,452300000.0,46050.0,-20.11
IC 1891,S0,3.17,19.6067,336900000.0,14700.0,-19.07
IC 1892,SBa,3.1408,-23.0556,121600000.0,33600.0,-19.06
IC 1893,S0,3.1711,19.6169,424100000.0,12340.0,-19.07
IC 1894,S0,3.1736,19.6072,462900000.0,33660.0,-20.16
IC 1895,SBa,3.16,-25.2533,163400000.0,35650.0,-19.4
IC 1896,Sb,3.1311,-54.2139,49390000.0,5028.0,-15.1
IC 1897,SBa,3.1792,-10.7956,222200000.0,16160.0,-19.27
IC 1898,SBc,3.1722,-22.4039,74410000.0,38960.0,-18.19
IC 1899,Sa,3.2036,-25.305,278000000.0,44480.0,-20.35
IC 1900,S0,3.2653,37.1547,251500000.0,18290.0,-19.44
IC 1901,S0,3.2672,37.1131,234300000.0,27260.0,-18.58
IC 1902,Sa,3.27,37.1781,312900000.0,18200.0,-19.41
IC 1903-1,S0,3.2189,-50.5619,424100000.0,37010.0,-19.07
IC 1903-2,S0,3.22,-50.5781,336900000.0,39190.0,-19.07
IC 1904,SBb,3.25,-30.7083,200700000.0,40870.0,-19.55
IC 1906,SBc,3.2681,-34.36,219700000.0,38340.0,-19.64
IC 1908-1,SBb,3.2514,-54.8192,362100000.0,68460.0,-20.63
IC 1908-2,S0,3.2514,-54.8219,362100000.0,26330.0,-19.23
IC 1909,SBb,3.2889,-33.6903,335400000.0,58540.0,-20.56
IC 1912,S0,3.2786,-50.655,307200000.0,40210.0,-19.07
IC 1913,SBb,3.3261,-32.465,55830000.0,15430.0,-16.77
IC 1914,SBc,3.3236,-49.5992,81220000.0,40160.0,-18.68
IC 1915,SBa,3.3308,-50.6919,369400000.0,32230.0,-19.07
IC 1916,SBa,3.3378,-49.0417,255500000.0,26020.0,-19.07
IC 1917,E0,3.37,-53.1856,1019000000.0,44450.0,-21.47
IC 1918,S0,3.4381,4.5417,411500000.0,23940.0,-20.6
IC 1919,S0,3.4339,-32.8947,52190000.0,9867.0,-17.22
IC 1920,SBa,3.4067,-52.7136,800700000.0,46580.0,-20.55
IC 1922,S0,3.4119,-50.7403,509800000.0,29660.0,-19.07
IC 1923,Sa,3.4147,-50.5556,672100000.0,48880.0,-19.07
IC 1924,S0,3.4186,-51.7033,465000000.0,33810.0,-19.07
IC 1925,Sb,3.4236,-51.2667,587900000.0,68410.0,-21.38
IC 1926,S0,3.4217,-51.7011,189500000.0,13780.0,-17.22
IC 1928,Sb,3.4581,-21.5597,183800000.0,42780.0,-19.65
IC 1930,E0,3.4794,4.3839,549600000.0,31970.0,-20.13
IC 1931,E0,3.4825,1.7506,412800000.0,48030.0,-20.21
IC 1932,S0,3.4317,-51.3428,529800000.0,53940.0,-20.65
IC 1933,SBc,3.4275,-52.7847,44340000.0,14190.0,-17.67
IC 1934,S0,3.5203,42.7928,212500000.0,37100.0,-19.07
IC 1935,Sc,3.4369,-50.0106,243600000.0,38970.0,-19.87
IC 1936,S0,3.4408,-51.3231,336900000.0,34300.0,-19.07
IC 1937,S0,3.4464,-48.7028,203000000.0,26570.0,-19.07
IC 1938,Sb,3.4528,-53.01,402800000.0,46870.0,-19.96
IC 1940,SBb,3.4617,-52.1394,604600000.0,79140.0,-21.54
IC 1942,E0,3.465,-52.6756,809800000.0,82450.0,-21.57
IC 1944,S0,3.4942,-47.9964,515500000.0,37490.0,-20.29
IC 1945,S0,3.4878,-52.6269,812400000.0,94530.0,-20.98
IC 1946,SBa,3.4894,-52.6194,507700000.0,66460.0,-20.66
IC 1947,E0,3.5089,-50.3389,436600000.0,31750.0,-20.13
IC 1948,Sc,3.5136,-47.9644,609100000.0,70870.0,-20.86
IC 1949,Sc,3.5144,-47.9797,296100000.0,47370.0,-20.99
IC 1950,Sc,3.5178,-50.4328,505600000.0,103000.0,-20.95
IC 1951,Sc,3.5156,-53.1261,816400000.0,59370.0,-19.89
IC 1952,SBc,3.5572,-23.7128,72630000.0,27470.0,-18.14
IC 1953,SBc,3.5614,-21.4783,77310000.0,32610.0,-19.57
IC 1954,SBb,3.5253,-51.9042,47500000.0,20730.0,-18.62
IC 1955,Sc,3.5233,-57.2419,540500000.0,55030.0,-20.3
IC 1956,SBc,3.5925,5.0672,278200000.0,64750.0,-19.25
IC 1957,Sc,3.5369,-52.4569,553600000.0,72470.0,-19.65
IC 1958,S0,3.5461,-51.4411,336900000.0,19600.0,-19.07
IC 1959,Irr,3.5533,-50.4122,24240000.0,10220.0,-16.15
IC 1960,Sb,3.5422,-57.2069,345500000.0,55270.0,-19.92
IC 1961,Sc,3.5592,-48.9508,267600000.0,23350.0,-19.07
IC 1962,SBc,3.5936,-21.2919,73880000.0,29010.0,-17.07
IC 1964,S0,3.5583,-53.1728,751200000.0,54630.0,-20.21
IC 1965,SBc,3.5528,-56.5539,745200000.0,108400.0,-21.19
IC 1966,S0,3.5675,-51.3222,280200000.0,24450.0,-19.07
IC 1967,S0,3.6297,3.2703,422000000.0,55240.0,-19.76
IC 1968,S0,3.5769,-50.6514,369400000.0,26860.0,-19.07
IC 1969,Sb,3.6036,-45.1792,885100000.0,167400.0,-21.57
IC 1970,Sb,3.6086,-43.9567,45760000.0,20630.0,-17.83
IC 1971,S0,3.5992,-52.65,525900000.0,53550.0,-20.14
IC 1972,S0,3.6058,-51.9678,405000000.0,47120.0,-19.07
IC 1973,S0,3.6056,-51.9939,465000000.0,33810.0,-19.07
IC 1974,S0,3.6117,-49.5503,813700000.0,94680.0,-21.08
IC 1975,Irr,3.6508,-15.4997,457100000.0,19950.0,-20.13
IC 1976,S0,3.6189,-47.4378,307200000.0,35750.0,-19.07
IC 1977,SBb,3.6792,17.7408,436000000.0,88780.0,-21.23
IC 1978,Sb,3.6181,-50.1511,466300000.0,74600.0,-20.08
IC 1980,Sb,3.6161,-57.9736,65390000.0,10460.0,-16.61
IC 1982,Sb,3.6283,-57.7764,280200000.0,20380.0,-19.07
IC 1984,Sc,3.6639,-47.0764,526000000.0,53550.0,-20.04
IC 1986,Irr,3.6764,-45.3558,69700000.0,10140.0,-16.85
IC 1987-1,E0,3.6697,-55.0592,613900000.0,44650.0,-20.47
IC 1987-2,E0,3.6692,-55.0547,613900000.0,26790.0,-19.87
IC 1987-3,E0,3.67,-55.0561,613900000.0,26790.0,-19.87
IC 1987-4,E0,3.67,-55.0533,613900000.0,17860.0,-19.57
IC 1989,S0,3.6983,-50.9578,493700000.0,78980.0,-21.3
IC 1991,S0,3.7461,-51.5239,498400000.0,50740.0,-19.72
IC 1993,SBb,3.7844,-33.7106,39080000.0,14210.0,-17.99
IC 1994,S0,3.7653,-51.6433,336900000.0,34300.0,-19.07
IC 1996,S0,3.7519,-57.3244,768200000.0,89380.0,-20.46
IC 1997,Sa,3.7475,-59.1375,246200000.0,42970.0,-20.19
IC 1998,E0,3.8586,1.1903,501000000.0,65590.0,-20.53
IC 1999,S0,3.7953,-56.9519,751200000.0,65550.0,-21.31
IC 2000,SBc,3.8186,-48.8583,37120000.0,22130.0,-17.18
IC 2004,Sa,3.8625,-49.4192,49390000.0,5747.0,-15.9
IC 2005,S0,3.9608,36.7875,280200000.0,16300.0,-19.07
IC 2006,S0,3.9078,-35.9672,65980000.0,18230.0,-19.33
IC 2007,Sc,3.9228,-28.1589,66720000.0,12620.0,-17.75
IC 2009,Irr,3.8928,-48.9911,68090000.0,17820.0,-17.0
IC 2010,Sa,3.8661,-59.9292,161200000.0,28140.0,-19.07
IC 2012,S0,3.8819,-58.6492,915100000.0,79860.0,-20.94
IC 2014,SBc,3.9225,-56.7467,458100000.0,73290.0,-20.24
IC 2015,Sc,3.9697,-40.3892,280200000.0,20380.0,-19.07
IC 2016,S0,4.0331,20.2406,290200000.0,16880.0,-19.15
IC 2017,S0,3.9439,-59.3944,244900000.0,39180.0,-19.48
IC 2018,SBc,3.965,-52.7806,450600000.0,52430.0,-20.0
IC 2019-1,S0,4.0314,5.6392,250200000.0,29110.0,-19.12
IC 2019-2,S0,4.0311,5.6361,250200000.0,10920.0,-19.12
IC 2020,Sc,3.9814,-54.0583,283300000.0,24720.0,-19.09
IC 2021,Sc,3.9897,-52.6567,307200000.0,31280.0,-19.07
IC 2022,S0,3.9778,-59.0442,300500000.0,48080.0,-18.72
IC 2023,S0,3.9944,-52.6803,433900000.0,31550.0,-19.72
IC 2024,SBc,4.0011,-53.3719,267600000.0,42810.0,-19.07
IC 2025,Sb,4.0061,-53.065,577300000.0,92360.0,-20.14
IC 2027,E0,4.1108,37.1158,276700000.0,16100.0,-19.44
IC 2028,Sc,4.0217,-52.7075,433300000.0,50420.0,-20.62
IC 2029,SBc,4.0214,-52.8008,444400000.0,58180.0,-19.97
IC 2031,E0,4.1039,-5.6519,214400000.0,15590.0,-18.09
IC 2032,Irr,4.1175,-55.3231,46300000.0,9427.0,-15.96
IC 2033,SBa,4.1206,-53.6811,625300000.0,109100.0,-21.41
IC 2034,Sc,4.11,-57.9617,321700000.0,56150.0,-19.07
IC 2035,S0,4.1503,-45.5172,62200000.0,10860.0,-18.9
IC 2036,SBc,4.1653,-39.6886,284700000.0,41410.0,-20.2
IC 2037,Sb,4.1386,-58.7511,369300000.0,85930.0,-20.47
IC 2038,Sc,4.1483,-55.9925,30430000.0,7967.0,-14.65
IC 2039,S0,4.1506,-56.0111,10680000.0,1399.0,-12.68
IC 2040,S0,4.2164,-32.5539,58680000.0,11950.0,-17.67
IC 2041,S0,4.2094,-32.8175,53290000.0,8526.0,-16.47
IC 2043,Sb,4.1858,-53.6864,522900000.0,106500.0,-20.62
IC 2044,SBa,4.1872,-54.5322,424100000.0,30840.0,-19.07
IC 2045,E0,4.2433,-13.175,402300000.0,58510.0,-20.65
IC 2046,SBc,4.19,-54.6731,465500000.0,54160.0,-20.67
IC 2049,SBc,4.2011,-58.5575,47450000.0,6902.0,-16.21
IC 2050,SBb,4.2322,-53.4758,549800000.0,87970.0,-21.43
IC 2051,SBc,3.8667,-83.8319,55120000.0,20840.0,-18.84
IC 2052,Sc,4.2494,-54.3364,504700000.0,66070.0,-20.55
IC 2054,S0,4.1239,-78.2536,405000000.0,29450.0,-19.07
IC 2056,SBc,4.2733,-60.2064,48300000.0,13350.0,-18.35
IC 2057,S0,4.3656,4.0481,327300000.0,33330.0,-19.81
IC 2058,Sc,4.2983,-55.9308,72850000.0,30730.0,-17.84
IC 2059,S0,4.3406,-31.7244,122700000.0,23200.0,-18.98
IC 2060,S0,4.2981,-56.6161,297000000.0,64800.0,-20.5
IC 2063,S0,4.3778,-15.6611,212500000.0,18550.0,-19.07
IC 2064,E0,4.3906,-15.6853,501200000.0,29160.0,-20.13
IC 2065,Sa,4.3578,-55.9328,176800000.0,30850.0,-19.07
IC 2066,SBc,4.3922,-54.7333,498300000.0,57970.0,-20.62
IC 2068,Sa,4.4433,-42.0936,210100000.0,36680.0,-19.74
IC 2070,SBc,4.4097,-57.9811,313400000.0,63820.0,-20.41
IC 2071,S0,4.4372,-53.1514,424100000.0,24670.0,-19.07
IC 2073,SBc,4.4425,-53.1883,175500000.0,30630.0,-19.15
IC 2079,SBb,4.475,-53.7381,482100000.0,84140.0,-21.05
IC 2080,S0,4.5311,-5.7569,182500000.0,13270.0,-17.94
IC 2081,S0,4.4833,-53.6136,566900000.0,98950.0,-21.7
IC 2082,S0,4.4853,-53.8278,524500000.0,99160.0,-21.83
IC 2083,SBa,4.5122,-53.9808,577000000.0,92320.0,-21.34
IC 2085,S0,4.5233,-54.4161,44470000.0,14880.0,-16.57
IC 2086,E0,4.5256,-53.6475,560200000.0,32590.0,-20.47
IC 2089,Irr,4.5472,-75.5403,210400000.0,33660.0,-18.95
IC 2094,S0,4.8067,-5.3525,212500000.0,24730.0,-19.07
IC 2095,Sc,4.8125,-5.125,126700000.0,25790.0,-17.05
IC 2097,Irr,4.8397,-5.0808,219700000.0,38340.0,-18.34
IC 2098,Sc,4.8456,-5.4183,124200000.0,37940.0,-18.4
IC 2099,S0,4.8475,-4.8919,212500000.0,34000.0,-19.07
IC 2101,Sc,4.8617,-6.2306,200300000.0,49520.0,-19.44
IC 2102,Sc,4.8653,-4.9522,160800000.0,28060.0,-18.16
IC 2103,Sc,4.6631,-76.8367,191000000.0,50000.0,-19.14
IC 2104,SBc,4.9383,-15.7978,301000000.0,109500.0,-21.03
IC 2106,SBb,4.9425,-28.5039,220300000.0,54470.0,-20.35
IC 2112,S0,5.0083,4.3864,475900000.0,34610.0,-20.82
IC 2119,Sb,5.1139,-20.3458,185100000.0,29620.0,-19.07
IC 2122,S0,5.3169,-37.0892,208800000.0,45560.0,-20.23
IC 2125,S0,5.4078,-27.0158,406200000.0,59080.0,-21.08
IC 2130,SBc,5.5306,-23.1456,83060000.0,21740.0,-18.23
IC 2132,Sa,5.5411,-13.9267,153500000.0,33480.0,-18.86
IC 2135,Sc,5.5536,-36.3994,60870000.0,24790.0,-18.05
IC 2138,Sb,5.5725,-23.5333,76420000.0,13340.0,-17.95
IC 2142,S0,5.5522,-78.0194,267600000.0,31130.0,-19.07
IC 2143,SBb,5.7811,-18.7258,127500000.0,37100.0,-19.56
IC 2150,Sc,5.855,-38.3211,185900000.0,70320.0,-20.18
IC 2151,SBc,5.8767,-17.7875,589000000.0,128500.0,-22.08
IC 2152,SBa,5.9647,-23.1806,83400000.0,20620.0,-18.64
IC 2153,Irr,6.0011,-33.9194,129700000.0,20750.0,-18.8
IC 2158,SBb,6.0881,-27.8569,69390000.0,17160.0,-18.74
IC 2160,SBc,5.9244,-76.9203,212900000.0,65040.0,-20.27
IC 2163,SBc,6.2744,-21.3764,124500000.0,54320.0,-20.51
IC 2164,Sb,6.1144,-75.365,483200000.0,77310.0,-21.25
IC 2166,SBc,6.4486,59.0797,121000000.0,52810.0,-19.65
IC 2174,SBa,7.1514,75.3536,169200000.0,22150.0,-19.07
IC 2176,S0,7.1253,32.4703,327000000.0,42800.0,-19.71
IC 2178,S0,7.1269,32.5131,307200000.0,17870.0,-19.07
IC 2179,E1,7.2589,64.9261,195000000.0,31200.0,-20.38
IC 2180,Sb,7.1886,26.3708,235200000.0,37630.0,-19.49
IC 2181,Sb,7.2194,18.9964,220000000.0,28800.0,-19.24
IC 2182,S0,7.2364,18.945,307200000.0,22340.0,-19.07
IC 2184,Sc,7.49,72.1286,161200000.0,18760.0,-19.37
IC 2185,Sc,7.3878,32.4947,208000000.0,18150.0,-18.92
IC 2187,S0,7.3786,21.4828,364000000.0,21170.0,-20.04
IC 2188,S0,7.3786,21.5136,365300000.0,47820.0,-20.15
IC 2190,SBc,7.4983,37.4517,474400000.0,62100.0,-21.01
IC 2191,S0,7.5047,24.3283,415400000.0,54380.0,-20.43
IC 2192,E0,7.5553,31.5533,549600000.0,23980.0,-20.13
IC 2193,Sb,7.5564,31.4833,230500000.0,50280.0,-19.75
IC 2194,S0,7.5611,31.3344,193100000.0,30900.0,-18.76
IC 2196,E0,7.5692,31.4061,218100000.0,44400.0,-20.33
IC 2197-1,S0,7.5717,31.3372,369400000.0,21490.0,-19.07
IC 2197-2,E0,7.5719,31.3383,871000000.0,25340.0,-20.13
IC 2198,E0,7.5697,23.9664,240900000.0,14010.0,-19.24
IC 2199,SBc,7.5819,31.2758,215300000.0,34440.0,-20.3
IC 2200,Sb,7.4714,-62.3528,144600000.0,25240.0,-19.23
IC 2200A,S0,7.4683,-62.3631,150200000.0,28390.0,-19.62
IC 2201,Sa,7.6044,33.1231,205300000.0,38810.0,-19.09
IC 2202,Sc,7.465,-67.5744,159900000.0,46520.0,-19.85
IC 2203,SBc,7.6758,34.23,208400000.0,36370.0,-19.73
IC 2204,SBb,7.6883,34.2314,214700000.0,34350.0,-18.89
IC 2205,S0,7.7817,26.8728,210400000.0,15300.0,-19.15
IC 2207,Sc,7.8306,33.9625,220800000.0,64240.0,-18.95
IC 2208,S0,7.8686,27.4842,356000000.0,51780.0,-20.19
IC 2209,SBb,7.9372,60.3039,67100000.0,10740.0,-17.27
IC 2211,Sa,7.9625,32.5586,246500000.0,28690.0,-19.49
IC 2212,S0,7.9825,32.6128,377200000.0,27430.0,-20.02
IC 2213,Sb,7.985,27.4644,300500000.0,34970.0,-19.52
IC 2214,SBb,7.9981,33.2903,270200000.0,31430.0,-20.09
IC 2217,S0,8.0136,27.5003,240400000.0,20980.0,-19.94
IC 2218-1,S0,8.0272,24.4319,293400000.0,25600.0,-19.07
IC 2218-2,S0,8.0267,24.4394,672100000.0,19550.0,-19.07
IC 2219,Sc,8.0433,27.4372,241500000.0,45660.0,-19.95
IC 2221,E0,8.0856,37.4506,1172000000.0,34100.0,-21.58
IC 2222,SBc,8.0872,37.4725,437900000.0,25470.0,-20.34
IC 2224,E0,8.0972,37.4597,436600000.0,25400.0,-20.13
IC 2225,SBa,8.0911,35.9469,437900000.0,57310.0,-20.74
IC 2226,Sb,8.1031,12.5442,493300000.0,64580.0,-21.7
IC 2227,S0,8.1186,36.2333,428600000.0,43640.0,-20.69
IC 2230,E0,8.1822,25.6853,338900000.0,14790.0,-19.48
IC 2231,E0,8.1836,5.0875,404200000.0,58800.0,-20.77
IC 2233,SBc,8.2331,45.7397,31590000.0,21140.0,-16.93
IC 2234,E0,8.2308,35.4933,718600000.0,31350.0,-20.22
IC 2239,S0,8.235,23.8664,279000000.0,40580.0,-19.76
IC 2247,Sc,8.2664,23.1997,190500000.0,49860.0,-19.83
IC 2248,S0,8.2678,23.1344,186300000.0,29810.0,-18.48
IC 2249,S0,8.2761,24.4931,394300000.0,17210.0,-18.91
IC 2250,Irr,8.2756,23.6325,175900000.0,5115.0,-17.16
IC 2253,E0,8.2758,21.4103,221100000.0,22510.0,-19.16
IC 2254,S0,8.2792,24.7803,342500000.0,14940.0,-19.91
IC 2256,Sc,8.2817,24.1767,101900000.0,10370.0,-17.17
IC 2267,SBc,8.3003,24.7361,101300000.0,30950.0,-17.46
IC 2268,E0,8.3017,24.7961,87800000.0,2554.0,-16.65
IC 2269,S0,8.3022,23.0472,176700000.0,12850.0,-18.07
IC 2271,E0,8.3053,24.5275,96590000.0,4215.0,-17.16
IC 2282,Sb,8.3208,24.7931,206900000.0,30090.0,-19.31
IC 2288,Sc,8.3228,23.7472,308400000.0,26910.0,-19.28
IC 2290,E0,8.3208,19.3136,263300000.0,15320.0,-19.24
IC 2293,Sb,8.3256,21.3944,190000000.0,24870.0,-18.73
IC 2307,S0,8.345,19.4408,572000000.0,49910.0,-20.92
IC 2308,Sc,8.3458,19.3617,265700000.0,23180.0,-18.95
IC 2309,S0,8.3453,18.3972,255500000.0,29730.0,-19.07
IC 2311,E0,8.3125,-25.37,76000000.0,14370.0,-19.34
IC 2312-1,S0,8.3481,18.5083,336900000.0,19600.0,-19.07
IC 2312-2,E0,8.3481,18.5122,871000000.0,12670.0,-20.13
IC 2327,Sa,8.3578,3.1689,130800000.0,26630.0,-19.02
IC 2329,Irr,8.3719,19.4156,103100000.0,31490.0,-17.7
IC 2335,E0,8.3853,19.4075,602600000.0,26290.0,-20.13
IC 2337,S0,8.3889,18.5356,293400000.0,12800.0,-19.07
IC 2338,SBc,8.3922,21.3378,250700000.0,18230.0,-19.73
IC 2339,SBc,8.3928,21.3475,247300000.0,39570.0,-19.3
IC 2340,S0,8.3917,18.7494,357400000.0,36380.0,-20.3
IC 2341,S0,8.3947,21.435,226100000.0,42760.0,-19.5
IC 2348,S0,8.4056,20.5339,436200000.0,44410.0,-19.93
IC 2361,SBb,8.4289,27.8747,102500000.0,16400.0,-17.59
IC 2363,SBc,8.4292,19.4486,349800000.0,40700.0,-20.25
IC 2365,S0,8.4383,27.8406,280400000.0,44860.0,-19.97
IC 2367,SBb,8.4028,-18.7758,81540000.0,30840.0,-19.29
IC 2373,SBc,8.4469,20.3647,344900000.0,45150.0,-20.02
IC 2374,SBb,8.4728,30.4431,589100000.0,51410.0,-20.78
IC 2375,SBb,8.4386,-13.3031,274300000.0,75800.0,-20.12
IC 2376,S0,8.4739,30.4075,585400000.0,59600.0,-20.97
IC 2377,SBa,8.4406,-13.3069,268700000.0,27360.0,-20.08
IC 2378,S0,8.4753,30.4311,670200000.0,77980.0,-21.26
IC 2379,Sa,8.4408,-13.2933,176800000.0,25710.0,-19.07
IC 2380,Sa,8.4786,30.405,697200000.0,50700.0,-21.15
IC 2382,S0,8.4794,22.0533,274500000.0,15970.0,-19.53
IC 2383,E0,8.4947,30.6881,632600000.0,27600.0,-20.74
IC 2384,SBa,8.5731,32.4353,357400000.0,25990.0,-19.5
IC 2385,Sb,8.5861,37.2658,303200000.0,30860.0,-19.74
IC 2387,SBc,8.6425,30.7983,351900000.0,56300.0,-20.36
IC 2388,S0,8.6656,19.6447,267600000.0,15570.0,-19.07
IC 2389,SBb,8.7994,73.5386,108400000.0,22070.0,-18.61
IC 2390,S0,8.6975,19.7031,255500000.0,22300.0,-19.07
IC 2392,S0,8.7417,18.2861,276700000.0,24140.0,-19.64
IC 2393,E0,8.7803,28.1708,291900000.0,55190.0,-20.46
IC 2394,SBb,8.785,28.2364,294900000.0,64330.0,-19.88
IC 2398,S0,8.7789,17.7553,404900000.0,29440.0,-19.77
IC 2400,Sc,8.7997,38.0689,353400000.0,41120.0,-20.07
IC 2401,S0,8.8028,37.7558,538300000.0,93950.0,-20.69
IC 2402,Sa,8.7997,31.7861,883000000.0,64210.0,-21.56
IC 2403,S0,8.7692,-15.3567,240900000.0,21020.0,-18.84
IC 2404,S0,8.8028,29.4914,367500000.0,21380.0,-19.76
IC 2405,Sc,8.8117,37.2183,342800000.0,39890.0,-19.81
IC 2406,Sa,8.8011,17.7022,210300000.0,33640.0,-19.75
IC 2407,Sc,8.8025,17.6117,286700000.0,50040.0,-19.52
IC 2409,SBa,8.8067,18.3303,293600000.0,42700.0,-20.37
IC 2411,S0,8.8083,19.0436,189100000.0,22010.0,-18.32
IC 2414,E0,8.8306,18.7931,436600000.0,19050.0,-20.13
IC 2418,E0,8.8569,17.9447,631000000.0,18360.0,-20.13
IC 2420,E0,8.8592,3.1011,371900000.0,32450.0,-20.58
IC 2421,Sc,8.9058,32.6806,205300000.0,59710.0,-19.99
IC 2422,E0,8.9067,20.2253,457100000.0,33240.0,-20.13
IC 2423,SBb,8.9131,20.2203,417100000.0,60660.0,-20.93
IC 2426,S0,8.975,2.9261,173200000.0,10080.0,-18.13
IC 2427,E0,9.0169,37.8761,602100000.0,35030.0,-20.43
IC 2428,Sc,9.0539,30.5908,202700000.0,56000.0,-19.37
IC 2429,Sb,9.0617,29.2967,145000000.0,8435.0,-18.04
IC 2430,Sa,9.0728,27.9525,143800000.0,23000.0,-18.82
IC 2431,Sc,9.0761,14.5953,678700000.0,49350.0,-21.99
IC 2432,S0,9.0775,5.5125,443100000.0,32220.0,-20.27
IC 2433,Sc,9.0911,22.6019,477400000.0,62490.0,-20.53
IC 2434,SBa,9.1208,37.2156,328700000.0,71700.0,-20.62
IC 2435,E0,9.1136,26.2758,277100000.0,32240.0,-19.85
IC 2437,S0,9.0925,-19.2072,234300000.0,61330.0,-20.38
IC 2439,Sa,9.1439,32.5933,190500000.0,27700.0,-19.03
IC 2441-1,E0,9.1669,22.855,536200000.0,38990.0,-20.78
IC 2441-2,E0,9.1672,22.8517,536200000.0,31190.0,-20.88
IC 2442,E0,9.1681,22.8389,491800000.0,35770.0,-20.79
IC 2443,S0,9.1917,28.8269,468000000.0,47640.0,-20.58
IC 2444,SBa,9.2139,30.2128,302100000.0,26360.0,-19.83
IC 2445,SBb,9.22,31.8075,95400000.0,11100.0,-17.23
IC 2446,Sa,9.2253,28.9514,364700000.0,74260.0,-20.44
IC 2449,Sb,9.2256,30.0003,222600000.0,55030.0,-19.07
IC 2450,S0,9.2847,25.4278,73390000.0,16010.0,-17.96
IC 2451,E0,9.2631,23.4969,436600000.0,25400.0,-20.13
IC 2452,S0,9.2658,23.4728,255500000.0,14870.0,-19.07
IC 2453,S0,9.265,20.9294,411500000.0,29920.0,-20.1
IC 2454,Sa,9.2669,17.8214,396800000.0,51940.0,-20.83
IC 2456,S0,9.29,34.6747,313700000.0,22820.0,-19.32
IC 2457,S0,9.2844,20.0936,386400000.0,28100.0,-19.57
IC 2458,Sa,9.3583,64.2383,63300000.0,4603.0,-16.04
IC 2459,E0,9.3164,34.8628,305800000.0,17790.0,-19.16
IC 2461,Sb,9.3328,37.1908,111000000.0,37130.0,-17.76
IC 2462,S0,9.3822,22.6861,407500000.0,35560.0,-19.68
IC 2463,E0,9.3833,22.6192,418100000.0,18240.0,-20.04
IC 2464,S0,9.3894,22.6303,431300000.0,43910.0,-20.31
IC 2465,S0,9.3919,24.4461,457600000.0,59900.0,-20.43
IC 2466,S0,9.3956,24.5181,429900000.0,56280.0,-20.3
IC 2467,S0,9.4144,38.3517,370600000.0,37730.0,-20.48
IC 2468,S0,9.4144,38.3522,360000000.0,20940.0,-19.31
IC 2469,SBb,9.3836,-32.4497,116000000.0,79270.0,-21.45
IC 2470,S0,9.4281,23.3614,418100000.0,42560.0,-20.04
IC 2471,S0,9.42,-6.83,276700000.0,44260.0,-19.94
IC 2472,S0,9.4425,21.385,345500000.0,25120.0,-19.62
IC 2473,SBc,9.4564,30.4414,371000000.0,86330.0,-20.88
IC 2474,Sc,9.4531,23.0342,267600000.0,19460.0,-19.07
IC 2475,Sb,9.465,29.7922,471100000.0,61660.0,-19.8
IC 2476,S0,9.4644,29.9858,369000000.0,64410.0,-21.07
IC 2478,E0,9.4667,30.0375,354800000.0,36130.0,-19.48
IC 2479,SBb,9.4678,29.9911,367800000.0,21400.0,-19.66
IC 2480,Sa,9.4714,29.7064,373300000.0,43440.0,-19.89
IC 2481,Sb,9.4578,3.9292,273400000.0,35790.0,-20.12
IC 2482,E0,9.4497,-12.1083,109700000.0,36680.0,-20.13
IC 2483,S0,9.4903,30.9944,560200000.0,32590.0,-20.47
IC 2486,SBc,9.5047,26.6411,623700000.0,81640.0,-21.41
IC 2487,Sb,9.5025,20.09,206100000.0,50970.0,-19.8
IC 2490,Sc,9.5508,29.9286,339100000.0,73980.0,-20.58
IC 2491,S0,9.5872,34.7322,362900000.0,58070.0,-20.33
IC 2492,Sb,9.5539,-37.8667,114700000.0,11680.0,-16.93
IC 2493,S0,9.6047,37.3644,274000000.0,19930.0,-19.72
IC 2495,Sb,9.6353,28.0581,462500000.0,53810.0,-20.96
IC 2496,Sc,9.6456,34.7267,547000000.0,31830.0,-20.62
IC 2497,S0,9.6844,34.7336,663700000.0,57920.0,-20.74
IC 2498,Sb,9.6892,28.1144,452000000.0,39440.0,-20.41
IC 2499,Irr,9.69,27.8958,439200000.0,25550.0,-19.45
IC 2500,Sb,9.7064,36.3492,293900000.0,47020.0,-19.57
IC 2502,S0,9.7208,35.1606,321700000.0,18720.0,-19.07
IC 2503,S0,9.7208,35.2064,424100000.0,24670.0,-19.07
IC 2505,Sb,9.7517,27.2692,454300000.0,66070.0,-20.12
IC 2506,Sb,9.7533,27.2525,448800000.0,58750.0,-20.19
IC 2507,Irr,9.7425,-31.7906,69070000.0,17080.0,-18.33
IC 2508,E0,9.7853,33.5086,536500000.0,31210.0,-20.08
IC 2510,SBb,9.7953,-32.8378,117400000.0,22200.0,-19.48
IC 2511,SBb,9.8233,-32.8392,129100000.0,54450.0,-19.99
IC 2513,Sb,9.8333,-32.8839,128000000.0,55850.0,-19.67
IC 2515,Sb,9.9108,37.4083,271900000.0,43500.0,-19.4
IC 2516,Sa,9.9133,37.6875,225000000.0,32720.0,-18.99
IC 2517,S0,9.8806,-33.7419,114700000.0,10010.0,-17.33
IC 2518,E0,9.9328,37.1561,226300000.0,13170.0,-18.51
IC 2519,E0,9.9328,34.0364,279300000.0,12190.0,-19.16
IC 2520,Irr,9.9389,27.2275,67680000.0,6891.0,-17.19
IC 2521,SBc,9.9542,33.9769,390400000.0,28390.0,-19.59
IC 2522,SBc,9.9189,-33.1369,147600000.0,60120.0,-20.68
IC 2523,SBc,9.9192,-33.2111,116000000.0,21940.0,-19.15
IC 2524,Sa,9.9589,33.6203,77840000.0,6793.0,-16.99
IC 2525,E0,9.9733,37.1025,675500000.0,29470.0,-20.98
IC 2526,S0,9.9506,-32.2569,120000000.0,36650.0,-19.23
IC 2527,Sc,10.0017,38.1728,307100000.0,13400.0,-19.57
IC 2530,S0,10.0253,37.2044,305700000.0,26680.0,-19.56
IC 2531,Sc,9.9986,-29.6178,152100000.0,152600.0,-20.24
IC 2532,SBa,10.0014,-34.2283,142600000.0,29030.0,-19.3
IC 2533,S0,10.0086,-31.245,108000000.0,28280.0,-19.7
IC 2534,Sa,10.0247,-34.1125,124000000.0,18030.0,-19.5
IC 2535,Sb,10.0753,38.0067,321300000.0,37390.0,-20.37
IC 2536,SBc,10.0583,-33.9503,253400000.0,70010.0,-19.85
IC 2537,SBc,10.0642,-27.5714,117700000.0,42810.0,-19.99
IC 2538,SBc,10.0656,-34.8072,388200000.0,84690.0,-20.78
IC 2539,Sc,10.0711,-31.3625,140800000.0,38900.0,-19.17
IC 2540,S0,10.1128,31.4761,303300000.0,44110.0,-19.74
IC 2541,Sc,10.0967,-17.435,237200000.0,44850.0,-19.91
IC 2542,SBc,10.1306,34.3153,271400000.0,35520.0,-20.0
IC 2543-1,S0,10.1397,37.8408,687700000.0,50010.0,-20.92
IC 2543-2,E0,10.1397,37.8442,687700000.0,20000.0,-20.12
IC 2544,SBc,10.1414,33.3461,385100000.0,22400.0,-20.16
IC 2546,S0,10.1181,-33.2619,280200000.0,32600.0,-19.07
IC 2547,S0,10.1678,36.5031,458900000.0,26700.0,-20.04
IC 2548,SBb,10.1317,-35.2297,222400000.0,61460.0,-20.27
IC 2549,S0,10.1694,36.4653,545700000.0,23810.0,-19.92
IC 2550,SBb,10.1742,27.9558,226100000.0,32880.0,-19.7
IC 2551,S0,10.1778,24.4147,296200000.0,43080.0,-20.59
IC 2552,S0,10.1794,-34.8444,151800000.0,35320.0,-20.14
IC 2554A,SBc,10.1472,-67.0317,52980000.0,23120.0,-18.55
IC 2554B,SBc,10.1475,-67.0214,54760000.0,15930.0,-17.12
IC 2556,SBc,10.2103,-34.7283,127900000.0,37200.0,-18.67
IC 2557,S0,10.2681,38.1083,287300000.0,12530.0,-18.62
IC 2558,Irr,10.2456,-34.3369,128200000.0,22380.0,-18.47
IC 2559,SBb,10.2458,-34.0586,135800000.0,33570.0,-18.7
IC 2560,SBb,10.2717,-33.5633,101100000.0,45590.0,-19.96
IC 2561,Sb,10.3189,34.6744,213300000.0,27920.0,-19.18
IC 2562,Sc,10.315,16.155,381100000.0,38800.0,-20.14
IC 2563,SBc,10.3142,-32.5967,73970000.0,11830.0,-16.18
IC 2564,E0,10.3575,36.4525,701600000.0,40820.0,-20.46
IC 2565,S0,10.3547,27.93,682100000.0,39690.0,-21.4
IC 2565A,E0,10.3547,27.9289,671700000.0,19540.0,-18.77
IC 2566,S0,10.3719,36.5833,359100000.0,41780.0,-20.21
IC 2567,S0,10.3658,24.6553,532600000.0,69720.0,-20.66
IC 2568,SBa,10.375,36.5997,370200000.0,64620.0,-20.27
IC 2569,E0,10.3814,24.6069,416900000.0,18190.0,-20.13
IC 2570,SBc,10.3594,-33.6233,761600000.0,88620.0,-20.84
IC 2572,Sa,10.4186,28.0942,274000000.0,35870.0,-19.12
IC 2573,SBc,10.3917,-35.4564,199000000.0,43400.0,-18.53
IC 2574,Irr,10.4728,68.4167,11470000.0,22020.0,-16.93
IC 2575,S0,10.4233,-32.6361,761600000.0,77540.0,-20.94
IC 2576,Sc,10.4328,-32.9036,430300000.0,50070.0,-20.8
IC 2577,Sb,10.4669,32.7633,288600000.0,25180.0,-18.83
IC 2578,Sc,10.4561,-33.8783,169500000.0,36970.0,-18.58
IC 2580,SBc,10.4714,-31.5178,153700000.0,42480.0,-20.17
IC 2582,SBc,10.4864,-30.3428,201900000.0,41110.0,-20.26
IC 2583,E0,10.5194,26.0547,375200000.0,43660.0,-19.6
IC 2584,S0,10.4975,-34.9117,127300000.0,27770.0,-19.36
IC 2586,E4,10.5172,-28.7169,177700000.0,23260.0,-20.08
IC 2587,S0,10.5164,-34.5628,107900000.0,31380.0,-19.3
IC 2588,SBa,10.5306,-30.3839,168000000.0,34200.0,-19.96
IC 2589,Sc,10.5389,-24.0372,179800000.0,23540.0,-19.41
IC 2590,S0,10.6044,26.9628,296800000.0,47480.0,-19.89
IC 2591,SBc,10.6106,35.0533,314700000.0,54930.0,-20.22
IC 2593,S0,10.6042,-12.7253,689800000.0,40130.0,-20.83
IC 2594,S0,10.6011,-24.3228,174500000.0,35530.0,-20.24
IC 2596,SBb,10.57,-73.24,157200000.0,27430.0,-18.81
IC 2597,E0,10.6297,-27.0808,148700000.0,32450.0,-20.29
IC 2598,Sa,10.6617,26.7275,273100000.0,15890.0,-19.51
IC 2600,S0,10.7772,72.3206,455000000.0,39700.0,-19.82
IC 2601,E0,10.7869,72.3236,444400000.0,32320.0,-19.97
IC 2604,Irr,10.8236,32.7725,87290000.0,15230.0,-17.34
IC 2606,Sa,10.8381,37.9564,355700000.0,41390.0,-20.29
IC 2607,SBb,10.8383,37.9942,435200000.0,44310.0,-20.03
IC 2608,S0,10.8375,32.7689,74720000.0,9781.0,-16.2
IC 2612,S0,10.8936,32.7683,444100000.0,25830.0,-19.07
IC 2614,E0,11.0258,38.8039,400900000.0,11660.0,-18.95
IC 2615,Sa,11.0339,37.9456,375900000.0,21870.0,-19.51
IC 2616,S0,11.0347,38.7872,402300000.0,17550.0,-19.66
IC 2617,S0,11.0353,38.6644,404900000.0,53000.0,-20.27
IC 2619,E0,11.0375,37.9664,383800000.0,16750.0,-19.65
IC 2620,S0,11.0397,38.5056,379800000.0,55240.0,-20.13
IC 2623,E0,11.0639,-20.0931,198800000.0,23140.0,-19.52
IC 2626,S0,11.1508,26.9044,495800000.0,28840.0,-20.21
IC 2627,SBc,11.1647,-23.7267,108000000.0,40830.0,-20.0
IC 2628,E0,11.1936,12.1225,558800000.0,65030.0,-20.67
IC 2629,S0,11.21,12.1044,612600000.0,44550.0,-20.37
IC 2632,E0,11.2181,11.6739,921600000.0,40210.0,-19.56
IC 2633,S0,11.2194,11.6014,506300000.0,29460.0,-19.45
IC 2634,Sb,11.2244,10.4858,388400000.0,39540.0,-20.08
IC 2636,S0,11.2261,11.4564,981200000.0,57080.0,-20.09
IC 2637,E0,11.2303,9.5867,406100000.0,47260.0,-21.58
IC 2638,SBa,11.2308,10.5633,547400000.0,79620.0,-21.22
IC 2639,E0,11.2319,9.6433,547000000.0,31830.0,-19.02
IC 2640,E0,11.2347,10.9972,543100000.0,23700.0,-19.91
IC 2644,S0,11.2414,10.7689,616600000.0,35870.0,-20.38
IC 2645,S0,11.2417,11.8867,511600000.0,44640.0,-20.28
IC 2646,E0,11.2436,12.5286,549600000.0,31970.0,-20.13
IC 2648,Sb,11.2458,10.2253,616600000.0,26900.0,-20.68
IC 2649-1,S0,11.2461,11.1281,540500000.0,39300.0,-20.1
IC 2649-2,E0,11.2464,11.1289,540500000.0,23580.0,-21.2
IC 2650,Irr,11.2478,13.8528,887900000.0,51650.0,-21.17
IC 2651,S0,11.2478,12.2397,907300000.0,52790.0,-21.22
IC 2652,E0,11.2478,12.4486,902100000.0,65600.0,-20.11
IC 2654,S0,11.2506,12.5,924200000.0,53770.0,-21.26
IC 2655,E0,11.2514,12.1644,1004000000.0,29220.0,-20.94
IC 2656,S0,11.2514,12.3789,913800000.0,66450.0,-21.24
IC 2657,E0,11.2522,13.6947,2164000000.0,94410.0,-22.91
IC 2660,E0,11.2578,12.4367,638800000.0,37160.0,-20.26
IC 2661,S0,11.2581,13.6089,327000000.0,33290.0,-19.91
IC 2665,S0,11.2611,11.7239,505000000.0,29380.0,-19.45
IC 2666,S0,11.2619,13.7822,332300000.0,38660.0,-20.34
IC 2667,E0,11.2622,12.1169,616600000.0,26900.0,-20.18
IC 2668,Sa,11.2589,-14.1714,216000000.0,40840.0,-19.5
IC 2670,S0,11.2664,11.7831,615200000.0,35790.0,-20.38
IC 2673,Sc,11.2678,10.1622,262100000.0,38120.0,-19.42
IC 2674,Sc,11.2689,11.0483,277500000.0,44390.0,-19.55
IC 2676,S0,11.2717,9.8217,868400000.0,50520.0,-21.13
IC 2678,S0,11.2725,11.9486,628300000.0,45690.0,-20.62
IC 2679,E0,11.2731,12.0153,615200000.0,35790.0,-20.58
IC 2680,Sa,11.2736,9.8067,757700000.0,55100.0,-21.53
IC 2683,S0,11.2817,12.0992,508900000.0,22210.0,-19.47
IC 2684,E0,11.2836,13.0997,29380000.0,2136.0,-14.37
IC 2689,S0,11.2886,12.9608,267400000.0,19450.0,-18.57
IC 2690,S0,11.2886,12.9606,1497000000.0,130600.0,-22.11
IC 2692,E0,11.2925,10.7686,939700000.0,41000.0,-20.0
IC 2694-1,S0,11.2939,13.3761,638800000.0,37160.0,-21.46
IC 2694-2,E0,11.2942,13.3758,638800000.0,18580.0,-20.46
IC 2695,E0,11.2967,13.7275,330900000.0,19250.0,-18.73
IC 2698,Irr,11.2975,11.8853,266100000.0,19350.0,-19.26
IC 2700,E0,11.2983,12.0547,1085000000.0,47320.0,-21.41
IC 2701,S0,11.2989,11.1178,613900000.0,26790.0,-19.87
IC 2702,E0,11.2992,9.4131,1081000000.0,31440.0,-20.1
IC 2703,E0,11.3014,17.65,457100000.0,39890.0,-20.13
IC 2704,S0,11.3008,12.4536,658400000.0,38310.0,-21.13
IC 2707,E0,11.3083,9.4742,1024000000.0,59570.0,-21.68
IC 2708,E0,11.3094,12.7117,270100000.0,19640.0,-19.69
IC 2712,E0,11.3144,9.6272,411500000.0,11970.0,-18.8
IC 2713,E0,11.3194,12.1653,532600000.0,23240.0,-19.16
IC 2716,S0,11.3211,11.6986,1034000000.0,45130.0,-21.01
IC 2718,S0,11.3222,12.0225,447100000.0,32510.0,-20.38
IC 2720,E0,11.3264,12.0769,526000000.0,53550.0,-20.74
IC 2722,E0,11.3286,13.9636,893000000.0,64940.0,-21.39
IC 2723,E0,11.3297,12.0331,515500000.0,22490.0,-19.69
IC 2724,E0,11.33,10.7172,982500000.0,28580.0,-20.49
IC 2725,E0,11.3325,13.4297,1110000000.0,64600.0,-20.06
IC 2727,E0,11.3333,12.0331,514200000.0,29910.0,-19.79
IC 2729,S0,11.335,13.4092,1039000000.0,45350.0,-21.32
IC 2732,E0,11.3367,12.4039,691900000.0,30190.0,-20.13
IC 2734,S0,11.3397,12.4431,1037000000.0,90480.0,-21.71
IC 2735,Sb,11.3508,34.3444,501100000.0,72880.0,-20.53
IC 2738,Sa,11.3564,34.3572,477900000.0,48650.0,-20.23
IC 2739,E0,11.3533,11.9144,528600000.0,15380.0,-19.55
IC 2740,S0,11.3547,8.7517,1446000000.0,63090.0,-21.73
IC 2741,S0,11.3547,9.1531,399600000.0,11620.0,-18.44
IC 2742,S0,11.355,10.4464,373200000.0,16280.0,-18.29
IC 2744,S0,11.3617,34.3628,485000000.0,35270.0,-20.36
IC 2745,S0,11.3586,13.4269,448400000.0,45650.0,-20.39
IC 2746,E0,11.36,11.7367,527300000.0,23010.0,-19.74
IC 2748,E0,11.3622,8.8056,920300000.0,53540.0,-20.15
IC 2749,Sc,11.3625,8.575,786400000.0,68630.0,-21.61
IC 2750,S0,11.3639,9.6583,1002000000.0,43720.0,-20.94
IC 2751,S0,11.3686,34.3664,455100000.0,39720.0,-19.92
IC 2752,S0,11.3672,14.1244,452300000.0,32900.0,-19.71
IC 2753,E0,11.3664,9.8778,1003000000.0,29180.0,-21.44
IC 2754,S0,11.3672,14.1439,928100000.0,67490.0,-21.27
IC 2756,S0,11.3669,9.96,991500000.0,72110.0,-21.41
IC 2757,Sa,11.3672,8.3939,283400000.0,20610.0,-19.9
IC 2758,S0,11.3675,7.8139,271400000.0,23680.0,-19.6
IC 2759,E0,11.3703,24.3172,378500000.0,22020.0,-20.22
IC 2760,S0,11.37,12.6658,1113000000.0,48560.0,-21.17
IC 2761,E0,11.3714,14.1772,915100000.0,26620.0,-20.74
IC 2762,S0,11.3714,12.7225,186500000.0,21700.0,-18.29
IC 2763,Sc,11.3717,13.0653,85280000.0,17370.0,-17.49
IC 2764,Sa,11.4511,-28.9806,87600000.0,21660.0,-19.04
IC 2765,E0,11.3731,14.1989,899500000.0,26170.0,-20.2
IC 2766,S0,11.3731,12.9039,514200000.0,37390.0,-19.99
IC 2767,S0,11.3731,13.0775,48050000.0,3495.0,-14.04
IC 2768,S0,11.3731,12.5289,1106000000.0,48280.0,-21.65
IC 2769,E0,11.3736,14.1964,398100000.0,17370.0,-20.13
IC 2770,E0,11.3733,9.2211,935900000.0,27220.0,-20.39
IC 2771,E0,11.3744,12.5194,1113000000.0,32370.0,-20.67
IC 2775,E0,11.3775,12.5122,1100000000.0,32000.0,-21.14
IC 2776,Sc,11.3778,13.3308,185200000.0,24240.0,-18.27
IC 2777,E0,11.3778,12.0256,527300000.0,61360.0,-20.64
IC 2779,S0,11.3789,13.3458,186500000.0,8137.0,-16.49
IC 2780-1,E0,11.38,10.1494,549600000.0,23980.0,-20.13
IC 2780-2,Irr,11.38,10.1522,691900000.0,40250.0,-20.13
IC 2781,S0,11.3806,12.3453,69390000.0,3028.0,-14.14
IC 2782,Irr,11.3819,13.4414,44480000.0,7117.0,-15.77
IC 2783,S0,11.3814,8.8844,411500000.0,29920.0,-18.9
IC 2784,S0,11.3864,13.1183,621800000.0,36170.0,-19.7
IC 2785,S0,11.3875,13.3917,514200000.0,37390.0,-19.99
IC 2786,S0,11.3881,13.3928,233000000.0,23730.0,-19.07
IC 2787,Sc,11.3886,13.6297,33050000.0,3364.0,-14.83
IC 2788-1,S0,11.3906,12.7006,1081000000.0,31440.0,-20.1
IC 2788-2,S0,11.3908,12.6981,1081000000.0,47150.0,-20.6
IC 2790,E0,11.3928,9.5547,891700000.0,51880.0,-20.18
IC 2791,S0,11.3936,12.8964,29380000.0,1282.0,-13.27
IC 2792,S0,11.3947,11.4042,909900000.0,52940.0,-21.23
IC 2793-1,E0,11.3964,9.4511,549600000.0,31970.0,-20.13
IC 2793-2,S0,11.3964,9.4483,424100000.0,24670.0,-19.07
IC 2795,E0,11.4011,12.1356,689800000.0,30100.0,-18.73
IC 2796-1,S0,11.4022,9.3458,336900000.0,19600.0,-19.07
IC 2796-2,S0,11.4022,9.3433,424100000.0,18500.0,-19.07
IC 2797,S0,11.4058,11.7064,909900000.0,52940.0,-20.13
IC 2798,Sc,11.4067,12.4158,528600000.0,61510.0,-20.05
IC 2799,SBa,11.4072,13.8494,503700000.0,21980.0,-18.54
IC 2800,S0,11.4075,12.2089,722500000.0,52540.0,-20.73
IC 2801,Irr,11.4081,10.1836,965700000.0,70220.0,-21.56
IC 2802,E0,11.4083,12.2089,716000000.0,20830.0,-20.21
IC 2803,S0,11.4097,9.85,1006000000.0,58510.0,-21.45
IC 2804,Sc,11.4153,13.2228,266100000.0,34830.0,-19.46
IC 2807,S0,11.4214,11.5297,629600000.0,18320.0,-19.43
IC 2810,SBa,11.4289,14.6767,471400000.0,89140.0,-20.6
IC 2810B,S0,11.4303,14.6686,405000000.0,23560.0,-19.07
IC 2811,S0,11.4289,9.1703,796800000.0,69540.0,-21.14
IC 2812,S0,11.4319,11.5303,553600000.0,40260.0,-20.15
IC 2813,E0,11.435,11.2561,490500000.0,21400.0,-18.69
IC 2814,E0,11.4356,9.6617,662400000.0,28900.0,-20.34
IC 2815,S0,11.4378,12.8036,911200000.0,53010.0,-21.03
IC 2816,S0,11.4383,10.6364,864500000.0,75440.0,-21.32
IC 2818,S0,11.4406,12.9217,909900000.0,39700.0,-19.53
IC 2819,S0,11.4408,13.8447,543100000.0,39490.0,-20.41
IC 2820,S0,11.4406,10.2389,414100000.0,24090.0,-18.82
IC 2821,E0,11.4428,13.9625,998000000.0,43550.0,-21.43
IC 2822,SBc,11.4428,11.4397,158000000.0,34480.0,-18.63
IC 2823,S0,11.4456,12.8478,545700000.0,55560.0,-20.92
IC 2826,E0,11.4517,13.2386,267400000.0,23340.0,-19.47
IC 2828,S0,11.4531,8.7322,60960000.0,7979.0,-16.86
IC 2829,S0,11.4539,10.3228,709400000.0,51590.0,-21.59
IC 2830,E0,11.4558,7.8142,531300000.0,38640.0,-20.56
IC 2834,E0,11.4586,13.5706,1520000000.0,44210.0,-21.84
IC 2835,S0,11.4586,12.1433,608700000.0,35410.0,-18.75
IC 2837,E0,11.4614,10.3131,507600000.0,29530.0,-20.16
IC 2838,E0,11.4625,14.0117,932000000.0,27110.0,-20.28
IC 2839,S0,11.4625,10.8197,867100000.0,37830.0,-20.62
IC 2840,E0,11.4631,13.4261,456300000.0,26550.0,-18.23
IC 2842,S0,11.4631,9.6519,1023000000.0,44620.0,-21.28
IC 2843,E0,11.4661,13.1839,272700000.0,11900.0,-19.21
IC 2844,S0,11.4661,11.4533,1096000000.0,79720.0,-21.83
IC 2845,S0,11.4667,12.5303,1076000000.0,62570.0,-19.79
IC 2846,S0,11.4667,11.1586,543200000.0,71110.0,-20.81
IC 2847,S0,11.4675,13.9294,349400000.0,10160.0,-18.15
IC 2848,E0,11.4703,13.0308,346800000.0,15130.0,-17.13
IC 2850,S0,11.4703,9.0628,296100000.0,30150.0,-19.49
IC 2851,S0,11.4706,11.3942,217000000.0,12630.0,-18.12
IC 2852,S0,11.4706,9.8011,412800000.0,24020.0,-18.21
IC 2853,SBb,11.4706,9.1478,296600000.0,43140.0,-20.19
IC 2855,Irr,11.4733,9.6878,871000000.0,25340.0,-20.13
IC 2856,Sb,11.4711,-12.8906,292600000.0,34040.0,-20.26
IC 2857,Sc,11.4753,9.1039,297200000.0,77820.0,-19.5
IC 2858,E0,11.4767,13.6614,1153000000.0,50300.0,-22.24
IC 2860,E0,11.4789,14.0414,1184000000.0,34430.0,-21.3
IC 2861,E0,11.4828,38.8519,280600000.0,32650.0,-19.07
IC 2862,S0,11.4786,10.1278,714700000.0,31180.0,-19.3
IC 2864,S0,11.4831,12.3681,1055000000.0,61370.0,-19.85
IC 2867,E0,11.4833,9.09,279300000.0,16250.0,-19.06
IC 2870,Irr,11.4867,11.865,144000000.0,27220.0,-17.72
IC 2871,Sb,11.4889,8.6025,358700000.0,41740.0,-19.91
IC 2873,S0,11.4908,13.22,255500000.0,26020.0,-19.07
IC 2874,Irr,11.4908,10.6278,260800000.0,15170.0,-17.51
IC 2876,S0,11.4925,9.0161,847600000.0,73960.0,-21.27
IC 2877,E0,11.4936,12.8536,688500000.0,30040.0,-20.62
IC 2878,S0,11.4939,9.9675,262100000.0,13340.0,-18.33
IC 2879,S0,11.4956,9.0136,336900000.0,24500.0,-19.07
IC 2881,E0,11.4983,12.5114,1190000000.0,51930.0,-20.81
IC 2883,E0,11.5042,10.9114,566700000.0,16490.0,-18.5
IC 2886,E0,11.5067,11.5631,708100000.0,20600.0,-19.18
IC 2887,S0,11.5081,9.3883,272700000.0,35700.0,-19.31
IC 2889,SBc,11.5078,-13.0917,275700000.0,52120.0,-19.83
IC 2891,SBa,11.5133,12.6775,1069000000.0,46650.0,-21.08
IC 2892,S0,11.5136,10.5881,847600000.0,61640.0,-21.07
IC 2893-1,S0,11.5147,13.3919,424100000.0,12340.0,-19.07
IC 2893-2,S0,11.5147,13.39,280200000.0,16300.0,-19.07
IC 2894,S0,11.5158,13.235,902100000.0,52480.0,-21.81
IC 2896,S0,11.5203,12.3506,533900000.0,23290.0,-19.07
IC 2898,S0,11.5222,13.3356,1106000000.0,48280.0,-21.15
IC 2900,E0,11.5247,13.1678,1103000000.0,48110.0,-19.74
IC 2901,S0,11.5256,12.7003,1064000000.0,61900.0,-19.67
IC 2903,S0,11.5278,12.6422,1045000000.0,60770.0,-21.53
IC 2909,E0,11.5306,11.4703,856700000.0,24920.0,-20.1
IC 2910,Sa,11.5317,-9.7247,283300000.0,70050.0,-20.19
IC 2912,S0,11.5353,11.7103,1159000000.0,84300.0,-21.75
IC 2913,Sa,11.5308,-30.4106,93440000.0,10870.0,-18.49
IC 2914,S0,11.5367,13.4919,455000000.0,39700.0,-20.32
IC 2917,S0,11.5386,10.9458,575900000.0,12560.0,-18.73
IC 2919-1,Irr,11.5431,14.1903,691900000.0,40250.0,-20.13
IC 2919-2,E0,11.5431,14.1922,871000000.0,25340.0,-20.13
IC 2921,S0,11.5469,10.2969,578500000.0,42070.0,-19.44
IC 2923,E0,11.5481,13.1639,457600000.0,13310.0,-19.24
IC 2925,S0,11.5536,34.2656,398300000.0,28960.0,-19.73
IC 2928,Sc,11.5581,34.3161,371600000.0,59450.0,-20.78
IC 2929,Irr,11.5586,12.1367,147900000.0,10760.0,-16.78
IC 2930,S0,11.5622,10.0886,407500000.0,29640.0,-19.78
IC 2933,SBb,11.57,34.3128,396500000.0,74970.0,-20.32
IC 2934,Sc,11.5719,13.3214,53390000.0,3883.0,-14.67
IC 2936,E0,11.5822,13.0086,457600000.0,13310.0,-20.24
IC 2938-1,S0,11.5933,13.68,1055000000.0,92060.0,-22.55
IC 2938-2,S0,11.5933,13.6747,1055000000.0,61370.0,-21.05
IC 2938-3,E0,11.5931,13.6808,1055000000.0,30690.0,-20.55
IC 2941,S0,11.6028,10.0558,292300000.0,38270.0,-19.96
IC 2942,E0,11.6033,11.8153,423400000.0,24630.0,-19.57
IC 2943,Sa,11.6117,54.8458,265700000.0,15460.0,-19.36
IC 2945,E0,11.6178,12.9269,458900000.0,66750.0,-20.94
IC 2946,SBa,11.6247,32.2531,435200000.0,31650.0,-20.53
IC 2947,Irr,11.6253,31.3617,579900000.0,59040.0,-21.55
IC 2950,Sc,11.6936,37.9925,306000000.0,26710.0,-19.96
IC 2951,Sa,11.7233,19.7497,286900000.0,58420.0,-20.22
IC 2952,S0,11.7381,33.3511,429900000.0,25010.0,-19.9
IC 2955,E0,11.7514,19.6228,297100000.0,38890.0,-19.7
IC 2956,SBc,11.7547,26.7667,416400000.0,72680.0,-20.83
IC 2957,S0,11.7603,31.2994,78720000.0,9159.0,-16.81
IC 2958,SBa,11.7617,33.1542,457600000.0,33280.0,-19.24
IC 2960,S0,11.7719,35.0042,433900000.0,31550.0,-20.02
IC 2961,S0,11.7969,31.3453,380400000.0,11070.0,-19.63
IC 2967,E0,11.8486,30.8511,312700000.0,40930.0,-20.11
IC 2968,Sa,11.875,20.6258,293900000.0,34200.0,-19.37
IC 2969,Sc,11.8753,-3.8731,69620000.0,13160.0,-17.65
IC 2971,S0,11.8908,30.6975,376200000.0,16420.0,-19.61
IC 2973,SBc,11.8972,33.3658,155100000.0,31580.0,-18.99
IC 2974,Sc,11.8967,-5.1683,254900000.0,81570.0,-20.56
IC 2977,Irr,11.9206,-37.6961,147600000.0,34340.0,-20.08
IC 2978,SBc,11.9397,32.0386,156200000.0,24990.0,-18.1
IC 2979,S0,11.9483,32.1586,151500000.0,19840.0,-18.84
IC 2980,E3,11.9583,-73.685,378100000.0,65990.0,-21.92
IC 2981,SBa,11.9283,32.19,153300000.0,8916.0,-18.46
IC 2982,S0,11.9642,27.8683,152300000.0,11080.0,-18.05
IC 2984,Sb,11.9853,30.6975,31840000.0,3242.0,-14.35
IC 2985,SBa,11.9867,30.7311,160700000.0,23370.0,-18.36
IC 2986,S0,11.9969,30.845,152500000.0,15520.0,-18.45
IC 2987,S0,12.0567,38.8133,319200000.0,23210.0,-19.55
IC 2990,S0,12.0772,11.05,301800000.0,35120.0,-18.93
IC 2991,Sc,12.0867,10.64,443100000.0,45110.0,-20.27
IC 2992,Sa,12.0875,30.8553,25370000.0,2214.0,-14.45
IC 2993,E0,12.0939,32.8222,744700000.0,43320.0,-21.29
IC 2994,S0,12.0908,12.7031,852800000.0,37210.0,-21.59
IC 2995,SBc,12.0964,-27.9417,97050000.0,42350.0,-19.37
IC 2996,Sc,12.0967,-29.9719,114900000.0,26730.0,-18.43
IC 2999,S0,12.0992,31.3483,309800000.0,31540.0,-19.29
IC 3001,S0,12.1044,33.5261,364000000.0,42350.0,-19.54
IC 3002,Sc,12.1178,33.3825,362600000.0,26370.0,-18.93
IC 3003,S0,12.1256,32.8133,346800000.0,40350.0,-19.83
IC 3004,S0,12.1194,13.2475,282000000.0,41010.0,-19.28
IC 3005,SBc,12.1206,-30.0261,90680000.0,30330.0,-18.42
IC 3007,E0,12.125,31.3486,318200000.0,13880.0,-19.25
IC 3008,Sb,12.1308,13.5781,326100000.0,42690.0,-20.0
IC 3010,SBa,12.1325,-30.3394,102800000.0,28390.0,-19.29
IC 3012,S0,12.1397,11.1769,447700000.0,32560.0,-20.59
IC 3013,S0,12.1403,10.0167,272700000.0,35700.0,-19.51
IC 3014,SBc,12.1433,38.8319,293300000.0,51190.0,-20.37
IC 3015,Sc,12.15,-31.5194,104500000.0,44070.0,-19.43
IC 3016,SBc,12.155,11.4297,830700000.0,72490.0,-21.83
IC 3017,S0,12.1561,13.6186,102700000.0,5973.0,-15.79
IC 3018,S0,12.1567,13.5756,88050000.0,7683.0,-16.96
IC 3019,E0,12.1561,13.9922,45740000.0,9315.0,-16.63
IC 3020,S0,12.1575,14.225,915100000.0,39930.0,-20.74
IC 3021,Irr,12.165,13.0497,127800000.0,16730.0,-18.17
IC 3022,S0,12.1672,38.7406,288300000.0,121600.0,-20.23
IC 3023,Irr,12.1669,14.3669,51420000.0,9722.0,-15.79
IC 3024,Sc,12.17,12.3256,404900000.0,58880.0,-20.37
IC 3025,Sa,12.1731,10.1886,37560000.0,3824.0,-15.21
IC 3028,S0,12.1764,11.7614,57390000.0,5008.0,-16.13
IC 3029,SBc,12.1781,13.3314,318400000.0,64840.0,-20.15
IC 3031,S0,12.1844,13.3081,1136000000.0,115700.0,-21.71
IC 3032,E0,12.1853,14.2753,63360000.0,9216.0,-16.64
IC 3033,SBc,12.1861,13.5881,26470000.0,4235.0,-14.85
IC 3034,S0,12.1964,14.2014,830700000.0,72490.0,-21.03
IC 3036,Irr,12.2042,12.4886,251200000.0,58460.0,-20.13
IC 3037,Sb,12.2056,9.9858,427300000.0,24860.0,-20.19
IC 3038,Sb,12.2089,11.3533,889200000.0,103500.0,-21.88
IC 3039,Sc,12.2089,12.31,326600000.0,47500.0,-19.8
IC 3040,Irr,12.2094,11.0742,216900000.0,22080.0,-18.91
IC 3041,S0,12.2117,12.7631,77390000.0,6753.0,-14.88
IC 3043,S0,12.2131,10.01,418100000.0,42560.0,-19.34
IC 3044,SBc,12.2133,13.9761,6506000.0,1892.0,-12.4
IC 3046,Sc,12.2186,12.9186,375500000.0,71000.0,-20.01
IC 3047,S0,12.2206,12.9972,358700000.0,20870.0,-19.21
IC 3049-1,S0,12.2258,14.4828,123400000.0,10770.0,-17.39
IC 3049-2,S0,12.2261,14.4792,123400000.0,8973.0,-17.39
IC 3052,E0,12.23,12.6903,40050000.0,2330.0,-14.05
IC 3053,Sb,12.2311,14.2225,663700000.0,77220.0,-21.14
IC 3054,E0,12.2372,13.5422,58720000.0,4271.0,-15.08
IC 3055,Sa,12.2394,12.0917,533900000.0,31060.0,-19.07
IC 3058,Irr,12.2464,14.0953,1060000000.0,107900.0,-21.06
IC 3059,Irr,12.2486,13.4608,26380000.0,6139.0,-15.14
IC 3060,Sb,12.2506,12.5478,258100000.0,33790.0,-19.79
IC 3061,SBc,12.2511,14.0289,117800000.0,37680.0,-18.39
IC 3062,Sc,12.2514,13.5944,365200000.0,47800.0,-20.55
IC 3063,Sa,12.2517,12.0161,120800000.0,17560.0,-18.04
IC 3065,Sa,12.2533,14.4336,45010000.0,7201.0,-16.2
IC 3066,Sc,12.2544,13.4736,31370000.0,4562.0,-14.41
IC 3068,Sc,12.2564,11.5111,494500000.0,43150.0,-18.9
IC 3069,S0,12.2553,10.1608,260800000.0,18960.0,-18.31
IC 3073,Irr,12.2597,13.6197,346800000.0,50440.0,-20.13
IC 3074,SBc,12.2628,10.6986,103200000.0,34510.0,-17.9
IC 3075,Sc,12.2653,23.5961,285900000.0,33270.0,-19.41
IC 3077,Sc,12.2656,14.4328,77400000.0,10130.0,-17.08
IC 3078,Sb,12.2667,12.6878,870900000.0,63330.0,-21.83
IC 3079,SBa,12.2678,11.535,353400000.0,25700.0,-19.77
IC 3080,SBa,12.2672,14.19,337500000.0,29460.0,-20.07
IC 3081,Sa,12.2692,12.6911,49390000.0,4310.0,-15.5
IC 3082,S0,12.27,23.8419,319000000.0,37120.0,-18.95
IC 3084,S0,12.2731,23.9183,300500000.0,17480.0,-19.22
IC 3089,S0,12.2747,23.8283,305800000.0,26690.0,-19.16
IC 3091,Sa,12.2747,14.0125,341500000.0,64570.0,-20.2
IC 3092,S0,12.2756,10.0464,956600000.0,55650.0,-21.34
IC 3093,Sc,12.2783,14.2783,330800000.0,19240.0,-19.83
IC 3094,S0,12.2819,13.6256,7619000.0,554.1,-12.24
IC 3095,Sc,12.2819,23.9581,318700000.0,27810.0,-19.35
IC 3096,S0,12.2811,14.5153,53390000.0,9318.0,-15.87
IC 3097,E0,12.2836,9.4075,57390000.0,5008.0,-16.03
IC 3099,Sc,12.2858,12.4533,109700000.0,30320.0,-17.83
IC 3100,E0,12.2847,12.2894,41880000.0,9138.0,-15.74
IC 3101,E0,12.2886,11.9433,43710000.0,3814.0,-15.34
IC 3104,Irr,12.3128,-79.7308,7404000.0,3984.0,-13.18
IC 3105,Irr,12.2925,12.3861,7530000.0,2081.0,-12.22
IC 3107,Sc,12.2964,10.8447,339600000.0,69150.0,-20.89
IC 3108,Sa,12.295,13.3794,328300000.0,33420.0,-20.11
IC 3109,Sc,12.2956,13.1711,568000000.0,41310.0,-20.8
IC 3110,S0,12.2956,37.4003,498400000.0,39870.0,-19.12
IC 3111,Sb,12.2972,8.4308,650600000.0,47310.0,-21.6
IC 3112,S0,12.2967,26.0308,340300000.0,44550.0,-19.89
IC 3116,S0,12.2992,25.0761,369400000.0,26860.0,-19.07
IC 3118,Irr,12.3031,9.5003,77130000.0,16830.0,-17.27
IC 3119,S0,12.3022,24.6889,301800000.0,13170.0,-19.23
IC 3120,Sa,12.3042,13.7483,25930000.0,1509.0,-13.9
IC 3121,Irr,12.3047,13.2572,891700000.0,77820.0,-19.88
IC 3122,Sb,12.3058,25.2172,272900000.0,55560.0,-19.91
IC 3126,Sc,12.3103,13.8142,916400000.0,66640.0,-20.74
IC 3127,Sc,12.3097,11.87,384800000.0,33580.0,-19.26
IC 3128-1,Sc,12.3114,11.7314,532700000.0,46480.0,-21.16
IC 3128-2,E0,12.3119,11.7264,532700000.0,15490.0,-19.86
IC 3131,Sa,12.3139,7.8614,70720000.0,14400.0,-16.98
IC 3134,Sa,12.3156,8.9622,197100000.0,20070.0,-19.21
IC 3135,Irr,12.3147,27.4919,691900000.0,40250.0,-20.13
IC 3136,SBc,12.3158,6.1836,264400000.0,34610.0,-19.54
IC 3137,Sc,12.315,12.4694,283300000.0,45320.0,-18.39
IC 3138-1,S0,12.3156,12.4453,369400000.0,16120.0,-19.07
IC 3138-2,S0,12.3156,12.4422,672100000.0,19550.0,-19.07
IC 3141,S0,12.3161,24.1864,326100000.0,42680.0,-19.5
IC 3142-1,E0,12.3169,13.9817,631000000.0,45890.0,-20.13
IC 3142-2,SBa,12.3181,13.9806,244000000.0,24840.0,-19.07
IC 3143,S0,12.3181,27.2981,308400000.0,26920.0,-19.28
IC 3144,S0,12.3192,25.2975,386800000.0,22500.0,-19.07
IC 3146,S0,12.32,25.7147,352700000.0,20520.0,-19.07
IC 3147-1,S0,12.3214,12.0167,346800000.0,25220.0,-18.83
IC 3147-2,S0,12.3217,12.0183,346800000.0,15130.0,-19.13
IC 3148,SBc,12.3225,7.8706,125500000.0,12770.0,-17.73
IC 3149,SBa,12.3233,12.3014,376800000.0,43840.0,-20.21
IC 3150,S0,12.3244,7.7989,338900000.0,19720.0,-19.78
IC 3151,SBa,12.3256,9.4147,329600000.0,38350.0,-19.92
IC 3152,S0,12.3264,-26.1447,163300000.0,42740.0,-20.1
IC 3153,Sc,12.3267,5.3983,514200000.0,37390.0,-21.09
IC 3154,E0,12.3258,25.5864,575500000.0,33480.0,-20.13
IC 3155,S0,12.3292,6.0064,117100000.0,20440.0,-17.58
IC 3156,SBa,12.3289,9.1486,260800000.0,22760.0,-19.11
IC 3157,Sa,12.3297,12.4222,782500000.0,91050.0,-21.7
IC 3159,SBa,12.3314,11.6744,349400000.0,25410.0,-18.45
IC 3165,SBb,12.3344,27.975,383400000.0,105900.0,-20.75
IC 3167,S0,12.3383,9.5453,90710000.0,18470.0,-17.42
IC 3168,SBa,12.3383,27.9197,658700000.0,76640.0,-20.93
IC 3169,E0,12.3392,25.5994,549600000.0,23980.0,-20.13
IC 3170,Sc,12.3406,9.4244,333600000.0,19410.0,-19.95
IC 3171,E0,12.34,25.5611,323300000.0,37610.0,-20.28
IC 3172,E0,12.34,27.8192,691900000.0,50320.0,-20.13
IC 3173,Sa,12.3417,11.3414,570700000.0,24900.0,-21.11
IC 3174,Sb,12.3414,10.2456,421400000.0,49030.0,-20.36
IC 3175,Sb,12.3425,9.8539,277700000.0,20200.0,-19.35
IC 3176,S0,12.3417,25.5153,336900000.0,24500.0,-19.07
IC 3179,E0,12.3436,26.1653,549600000.0,23980.0,-20.13
IC 3184-1,S0,12.3461,24.9156,301800000.0,26340.0,-19.03
IC 3184-2,S0,12.3464,24.9175,301800000.0,13170.0,-18.03
IC 3185,S0,12.3478,25.4294,319000000.0,13920.0,-19.25
IC 3186,Sb,12.3486,24.6692,340700000.0,29730.0,-19.29
IC 3187,Sc,12.3483,11.1614,907300000.0,79180.0,-21.82
IC 3188,Sc,12.3486,11.0086,255500000.0,22290.0,-19.27
IC 3189,Sc,12.3489,25.4264,267600000.0,11680.0,-19.07
IC 3192,E0,12.3511,11.7539,64060000.0,5590.0,-15.67
IC 3193,Sc,12.3503,27.8986,330400000.0,43240.0,-19.43
IC 3194,E0,12.3525,25.1336,549600000.0,31970.0,-20.13
IC 3195,E0,12.3547,25.8081,549600000.0,31970.0,-20.13
IC 3196,S0,12.3572,11.7578,855400000.0,49760.0,-20.39
IC 3199,SBa,12.3625,10.5961,352100000.0,51210.0,-20.27
IC 3200,E0,12.3603,26.7608,631000000.0,27530.0,-20.13
IC 3201,E0,12.3611,25.7261,831800000.0,36300.0,-20.13
IC 3202,E0,12.3622,27.0575,1047000000.0,45690.0,-20.13
IC 3203,Sb,12.3625,25.8842,443900000.0,96840.0,-20.07
IC 3204,S0,12.3639,24.2489,386800000.0,16880.0,-19.07
IC 3205,E0,12.3639,26.3414,659800000.0,47980.0,-21.03
IC 3206,S0,12.3642,26.3642,317700000.0,18480.0,-19.24
IC 3207,S0,12.3644,24.3544,336900000.0,34300.0,-19.07
IC 3208,Irr,12.3653,11.9669,6678000.0,1166.0,-11.26
IC 3209,Sc,12.3683,11.7547,349200000.0,40640.0,-19.95
IC 3210,Sa,12.3667,28.4311,377500000.0,21960.0,-19.82
IC 3211,Irr,12.3686,8.9906,280900000.0,32690.0,-19.78
IC 3212,Sc,12.3675,28.1858,351700000.0,25580.0,-19.46
IC 3213,S0,12.3686,23.8689,451000000.0,78720.0,-20.2
IC 3215,Irr,12.3694,26.0517,58460000.0,15300.0,-15.87
IC 3216,E0,12.3697,25.2867,602600000.0,26290.0,-20.13
IC 3217-1,S0,12.3703,26.3858,336900000.0,14700.0,-19.07
IC 3217-2,S0,12.3703,26.3881,424100000.0,18500.0,-19.07
IC 3218,E0,12.3719,6.9272,46720000.0,2718.0,-15.08
IC 3219,S0,12.3708,25.9511,336900000.0,34300.0,-19.07
IC 3220,E0,12.3725,10.6011,92040000.0,13390.0,-16.45
IC 3221,S0,12.3722,25.2833,465000000.0,20290.0,-19.07
IC 3222,SBc,12.3719,28.8314,864500000.0,113200.0,-21.62
IC 3224,Irr,12.3767,12.1583,29810000.0,1734.0,-13.4
IC 3225,Irr,12.3775,6.6764,120500000.0,31540.0,-18.44
IC 3227,S0,12.3764,24.0858,509800000.0,29660.0,-19.07
IC 3228,S0,12.3775,24.33,267600000.0,27240.0,-19.07
IC 3229,Sc,12.3811,6.68,83640000.0,12160.0,-16.84
IC 3230,S0,12.3775,27.7467,486900000.0,21250.0,-19.07
IC 3231,S0,12.3786,24.8206,336900000.0,24500.0,-19.07
IC 3233,S0,12.3817,12.5664,344200000.0,15020.0,-18.62
IC 3234,E0,12.3811,28.1128,602600000.0,26290.0,-20.13
IC 3235,S0,12.3825,13.5453,337500000.0,24550.0,-18.57
IC 3236,S0,12.3833,10.1017,714700000.0,51970.0,-20.2
IC 3237,S0,12.3828,28.4939,337500000.0,29460.0,-19.07
IC 3238,S0,12.385,14.4589,562800000.0,32740.0,-21.08
IC 3239,Irr,12.3858,11.7258,47810000.0,5563.0,-15.43
IC 3240,E0,12.3853,10.3619,890400000.0,64760.0,-20.38
IC 3241,E0,12.3856,26.9058,655800000.0,38150.0,-19.22
IC 3242,E0,12.3861,26.2494,1235000000.0,71850.0,-21.69
IC 3243,S0,12.3864,27.7656,348100000.0,35440.0,-19.64
IC 3244,Sc,12.3867,14.3892,588300000.0,68460.0,-21.18
IC 3246,E0,12.3881,13.0517,1085000000.0,47320.0,-21.31
IC 3247,Sc,12.3872,28.8931,23380000.0,7483.0,-13.78
IC 3249,E0,12.3881,25.4444,691900000.0,30190.0,-20.13
IC 3253,Sc,12.3958,-34.6214,92630000.0,36380.0,-19.47
IC 3255,Sc,12.3928,9.6489,287300000.0,16710.0,-19.72
IC 3258,Irr,12.3956,12.4786,182000000.0,42350.0,-20.13
IC 3259,Irr,12.3967,7.1864,78330000.0,19370.0,-17.7
IC 3261,Sa,12.3978,11.4808,842400000.0,110300.0,-21.26
IC 3262,Sb,12.3967,27.3944,340200000.0,39590.0,-19.79
IC 3263,S0,12.3972,28.1986,359700000.0,36620.0,-20.11
IC 3264,E0,12.3975,25.5569,549600000.0,23980.0,-20.13
IC 3267,Sc,12.4014,7.0406,70050000.0,12230.0,-17.56
IC 3268,Sc,12.4019,6.6069,47410000.0,6206.0,-16.61
IC 3269,S0,12.4011,27.4347,533900000.0,38820.0,-19.07
IC 3270,SBa,12.4014,27.5775,478700000.0,34810.0,-19.83
IC 3271,Sc,12.4036,7.9525,336300000.0,48910.0,-20.57
IC 3272,S0,12.4025,23.285,369400000.0,26860.0,-19.07
IC 3274,E0,12.4039,9.2672,318500000.0,23160.0,-19.65
IC 3275,S0,12.4053,10.4464,794200000.0,57760.0,-20.43
IC 3276,E0,12.4039,25.8183,691900000.0,30190.0,-20.13
IC 3277,S0,12.4042,25.5636,386800000.0,16880.0,-19.07
IC 3278,S0,12.4042,27.4222,336900000.0,39190.0,-19.07
IC 3280,Sc,12.4072,13.2333,338900000.0,44360.0,-20.18
IC 3283,S0,12.4078,27.2117,336900000.0,24500.0,-19.07
IC 3284,SBa,12.4103,10.8386,346800000.0,25220.0,-19.83
IC 3286,E0,12.4094,23.7478,549600000.0,31970.0,-20.13
IC 3287,S0,12.4103,24.5947,846100000.0,24610.0,-19.07
IC 3288,E0,12.4108,24.9492,691900000.0,30190.0,-20.13
IC 3289,S0,12.4158,-26.0303,162400000.0,23620.0,-19.39
IC 3290,SBa,12.4189,-39.7758,161700000.0,47040.0,-20.48
IC 3291,E0,12.4133,12.0192,774700000.0,45070.0,-20.38
IC 3292,Sa,12.4133,18.1956,30710000.0,2233.0,-14.17
IC 3293,Irr,12.4147,17.4325,691900000.0,40250.0,-20.13
IC 3296,E0,12.4158,24.3833,453700000.0,19790.0,-20.12
IC 3298,SBc,12.4175,17.0153,123400000.0,19740.0,-17.69
IC 3299,S0,12.4175,27.375,321700000.0,18710.0,-16.97
IC 3300,Sc,12.4178,25.9567,310300000.0,45130.0,-19.59
IC 3301,E0,12.4214,14.1719,28040000.0,1631.0,-13.27
IC 3302,E0,12.4194,25.8786,691900000.0,20130.0,-20.13
IC 3303,E0,12.4208,12.715,4991000.0,725.8,-11.22
IC 3304,Irr,12.4197,25.4236,871000000.0,25340.0,-20.13
IC 3305,S0,12.4206,11.8497,113600000.0,19830.0,-17.61
IC 3306,S0,12.42,27.4028,658400000.0,67040.0,-20.73
IC 3308,Sc,12.4217,26.7158,27630000.0,5625.0,-14.24
IC 3309,Sc,12.4222,28.3814,213800000.0,43540.0,-18.78
IC 3311,Irr,12.4258,12.2603,8065000.0,1994.0,-12.27
IC 3312,S0,12.4247,23.5814,424100000.0,18500.0,-19.07
IC 3313,Sa,12.4267,15.8297,48050000.0,5591.0,-15.74
IC 3314,E0,12.4253,23.5917,912100000.0,53060.0,-20.13
IC 3315,E0,12.4275,12.3133,74720000.0,6521.0,-16.0
IC 3316,S0,12.4267,26.1642,533900000.0,38820.0,-19.07
IC 3317,E0,12.4272,25.3433,1097000000.0,47850.0,-20.13
IC 3321,S0,12.4294,26.0819,369400000.0,21490.0,-19.07
IC 3322,SBc,12.4317,7.5547,68130000.0,22790.0,-17.4
IC 3322A,SBc,12.4283,7.2169,59310000.0,29330.0,-17.5
IC 3325,S0,12.4308,23.8958,424100000.0,43180.0,-19.07
IC 3326,Irr,12.4311,23.7683,691900000.0,30190.0,-20.13
IC 3327,SBa,12.4339,14.8803,581200000.0,33810.0,-20.85
IC 3328,E0,12.4328,10.0539,48000000.0,4886.0,-16.14
IC 3330,SBb,12.4322,30.8431,316300000.0,50610.0,-19.93
IC 3331,Sa,12.4347,11.8125,635300000.0,73920.0,-21.15
IC 3332,E0,12.4347,25.2794,1097000000.0,47850.0,-20.13
IC 3334,E0,12.4358,28.4658,691900000.0,50320.0,-20.13
IC 3335,E0,12.4386,26.1297,1381000000.0,40160.0,-20.13
IC 3336,Sa,12.4386,26.8383,322100000.0,23420.0,-19.47
IC 3337,S0,12.4392,25.3108,672100000.0,48880.0,-19.07
IC 3338,S0,12.4394,25.8858,284600000.0,24840.0,-18.7
IC 3340,SBb,12.4422,16.8442,598200000.0,60900.0,-20.82
IC 3341,S0,12.4397,27.7461,465000000.0,27050.0,-19.07
IC 3344,E0,12.4422,13.5794,75700000.0,7708.0,-16.23
IC 3345,E0,12.4425,24.3689,871000000.0,25340.0,-20.13
IC 3346,E0,12.4456,11.3797,57390000.0,5008.0,-15.53
IC 3347,S0,12.4456,10.9186,336200000.0,19560.0,-18.87
IC 3348,E0,12.4439,25.6242,871000000.0,50680.0,-20.13
IC 3349,E0,12.4464,12.4539,61030000.0,7988.0,-16.46
IC 3353,S0,12.4458,27.9119,198400000.0,23090.0,-17.92
IC 3355,Irr,12.4472,13.1772,21610000.0,3457.0,-13.91
IC 3356,Irr,12.4472,11.5583,63630000.0,13880.0,-16.35
IC 3357,S0,12.4475,9.7775,616400000.0,35860.0,-20.98
IC 3358,E0,12.4483,11.6633,106500000.0,18590.0,-18.27
IC 3359,S0,12.4475,23.4986,369400000.0,26860.0,-19.07
IC 3361,E0,12.4483,10.6653,57390000.0,6678.0,-15.93
IC 3362,S0,12.4483,26.6906,299200000.0,21760.0,-18.21
IC 3363,E0,12.4508,12.5611,49730000.0,9402.0,-15.62
IC 3364,S0,12.4511,25.5633,424100000.0,24670.0,-19.07
IC 3365,Irr,12.4531,15.8969,118900000.0,29410.0,-18.61
IC 3366,S0,12.4533,9.41,336900000.0,14700.0,-19.07
IC 3367,E0,12.4528,26.9578,341500000.0,44700.0,-19.5
IC 3368,E0,12.4556,16.4272,549600000.0,55950.0,-20.13
IC 3369,E0,12.4544,16.0247,77390000.0,6753.0,-16.78
IC 3370,E2,12.4603,-39.3378,90090000.0,27520.0,-20.31
IC 3371,Sc,12.4561,10.8667,56010000.0,14660.0,-15.77
IC 3373,S0,12.4575,25.4531,424100000.0,30840.0,-19.07
IC 3374,S0,12.4592,10.0039,53380000.0,5435.0,-15.77
IC 3376,SBa,12.4639,26.9936,332000000.0,82080.0,-20.84
IC 3377,E0,12.4642,24.9428,301800000.0,13170.0,-18.63
IC 3378,E0,12.4669,17.2961,549600000.0,31970.0,-20.13
IC 3379,S0,12.4678,17.3058,596900000.0,52090.0,-20.31
IC 3380,E0,12.4681,26.6733,955100000.0,41670.0,-20.13
IC 3381,E0,12.4706,11.7894,53730000.0,9378.0,-16.68
IC 3382,Sc,12.4703,13.5711,268700000.0,35180.0,-17.88
IC 3383,Sa,12.47,10.2975,82720000.0,10830.0,-17.02
IC 3384,Irr,12.47,25.0914,660800000.0,48050.0,-20.13
IC 3385,Irr,12.4708,25.4319,1381000000.0,100400.0,-20.13
IC 3386,E0,12.4733,13.1953,78720000.0,6870.0,-15.91
IC 3387,E0,12.4717,27.9958,658400000.0,19150.0,-20.03
IC 3388,E0,12.4744,12.8236,55380000.0,4833.0,-15.65
IC 3389,E0,12.4731,27.845,871000000.0,25340.0,-20.13
IC 3390,SBa,12.4744,24.8089,533900000.0,38820.0,-19.07
IC 3391,Sc,12.4742,18.4153,89790000.0,14360.0,-18.0
IC 3392,Sb,12.4786,14.9992,89380000.0,29900.0,-18.89
IC 3393,Sa,12.4781,12.9164,32260000.0,6100.0,-15.08
IC 3394,S0,12.4781,26.7989,832000000.0,60500.0,-20.23
IC 3395,S0,12.4789,25.035,369400000.0,21490.0,-19.07
IC 3396,E0,12.4792,25.0497,758600000.0,22070.0,-20.13
IC 3397,S0,12.4794,25.7317,532600000.0,38730.0,-20.06
IC 3401,E0,12.4828,26.4606,1381000000.0,60240.0,-20.13
IC 3402,Sc,12.4831,28.8625,369800000.0,48410.0,-19.47
IC 3403,S0,12.4836,24.6328,642700000.0,28040.0,-20.77
IC 3405,S0,12.4831,37.7306,530000000.0,53960.0,-18.95
IC 3406,Sc,12.4839,27.6406,311100000.0,22620.0,-19.2
IC 3407,SBb,12.4842,27.7783,324500000.0,42470.0,-20.29
IC 3409,S0,12.4892,14.7883,762900000.0,77680.0,-20.75
IC 3410,E0,12.485,19.005,634900000.0,18470.0,-20.85
IC 3411,S0,12.4867,24.5839,424100000.0,30840.0,-19.07
IC 3412,S0,12.4894,9.9878,48750000.0,4963.0,-15.57
IC 3413,E0,12.4894,11.4336,59220000.0,8613.0,-16.69
IC 3414,Irr,12.4911,6.77,38720000.0,8448.0,-16.57
IC 3416-1,S0,12.4931,10.7939,9134000.0,1196.0,-11.74
IC 3416-2,S0,12.4928,10.7919,9134000.0,531.4,-11.24
IC 3418,Irr,12.495,11.4008,1123000000.0,245100.0,-23.28
IC 3419,S0,12.4956,15.0242,58720000.0,5125.0,-14.78
IC 3421,S0,12.4939,26.2311,303200000.0,30860.0,-19.04
IC 3422,E0,12.4983,14.6883,1054000000.0,76620.0,-21.55
IC 3424,S0,12.4958,24.4083,486900000.0,14160.0,-19.07
IC 3425,S0,12.4989,10.6156,326400000.0,75950.0,-20.6
IC 3429,S0,12.5019,23.5456,369400000.0,21490.0,-19.07
IC 3430,S0,12.5047,9.0844,89660000.0,13040.0,-16.9
IC 3431,S0,12.5067,11.6142,774700000.0,45070.0,-20.38
IC 3432,Sc,12.5075,14.1606,282500000.0,24650.0,-19.39
IC 3433,E0,12.5078,17.3094,602600000.0,61350.0,-20.13
IC 3434,S0,12.5075,18.8094,638800000.0,37160.0,-21.16
IC 3435,Sa,12.5108,15.1297,280200000.0,52980.0,-19.07
IC 3436,S0,12.5081,19.6736,41380000.0,2408.0,-15.82
IC 3437,E0,12.5125,11.3428,93800000.0,12280.0,-17.09
IC 3439,E0,12.5164,25.5614,871000000.0,63340.0,-20.13
IC 3440,E0,12.5181,12.0294,345500000.0,15070.0,-18.22
IC 3441,S0,12.5178,28.8536,864500000.0,75440.0,-21.62
IC 3442,E0,12.5222,14.1144,49840000.0,6524.0,-16.32
IC 3443,S0,12.5208,12.3322,115700000.0,6730.0,-16.95
IC 3445,E0,12.5219,12.7378,660800000.0,38440.0,-20.13
IC 3446,Irr,12.5231,11.4925,70220000.0,6128.0,-16.37
IC 3447,S0,12.5214,10.68,1212000000.0,52880.0,-20.95
IC 3448,Sa,12.5231,17.2061,352700000.0,41040.0,-19.07
IC 3449,S0,12.5228,25.9144,559000000.0,16260.0,-19.07
IC 3450,S0,12.5233,26.7964,424100000.0,24670.0,-19.07
IC 3451,S0,12.5233,28.8556,821600000.0,59750.0,-21.61
IC 3453,Irr,12.5269,14.8594,128200000.0,18650.0,-17.57
IC 3454,Sb,12.5272,27.4964,325000000.0,56720.0,-19.29
IC 3455,S0,12.5289,25.7853,533900000.0,15530.0,-19.07
IC 3457,E3,12.5308,12.6572,65390000.0,11410.0,-16.81
IC 3458,E0,12.5289,28.1472,837200000.0,36530.0,-21.05
IC 3459,Irr,12.5319,12.1747,12380000.0,1981.0,-13.1
IC 3460,Sc,12.5306,27.3872,352700000.0,46170.0,-19.07
IC 3461,S0,12.5339,11.8897,38810000.0,3952.0,-15.28
IC 3462,E0,12.5358,15.3011,72060000.0,6288.0,-15.62
IC 3465,E0,12.5367,12.0614,44050000.0,3204.0,-14.15
IC 3466,S0,12.5347,11.8175,54580000.0,4763.0,-15.42
IC 3467,Sc,12.54,11.7875,351300000.0,56200.0,-19.56
IC 3468,E0,12.5372,10.2519,54110000.0,9444.0,-17.3
IC 3469,E0,12.5364,25.8028,1097000000.0,15950.0,-20.13
IC 3470,S0,12.5397,11.2633,47620000.0,4156.0,-16.42
IC 3471,S0,12.5394,16.0183,8243000.0,959.2,-11.51
IC 3472,Irr,12.5383,24.7283,1097000000.0,47850.0,-20.13
IC 3473,Sc,12.5386,18.2444,50310000.0,8780.0,-15.94
IC 3474,Sc,12.5433,2.6625,92280000.0,29530.0,-17.46
IC 3475,E0,12.5444,12.7694,129400000.0,32010.0,-18.89
IC 3476,Irr,12.5447,14.05,6595000.0,1918.0,-13.43
IC 3478,S0,12.5456,14.1961,97850000.0,15650.0,-17.99
IC 3479,E0,12.5447,25.4061,871000000.0,25340.0,-20.13
IC 3481,S0,12.5478,11.4047,330200000.0,38420.0,-20.03
IC 3481A,E0,12.5489,11.3906,339900000.0,9888.0,-20.69
IC 3482,S0,12.5503,27.8306,336900000.0,14700.0,-19.07
IC 3483,SBb,12.5528,11.3469,20180000.0,1468.0,-13.46
IC 3484,Sc,12.5514,17.4031,354700000.0,30960.0,-19.98
IC 3486,E0,12.5539,12.8572,84050000.0,9780.0,-16.76
IC 3487,E6,12.5536,9.3969,48050000.0,5591.0,-15.54
IC 3488,S0,12.5522,26.3497,321700000.0,37430.0,-18.97
IC 3489,Sc,12.5536,12.2469,364700000.0,31830.0,-20.04
IC 3490,E0,12.5536,10.9283,18090000.0,1579.0,-12.22
IC 3491,S0,12.5525,27.0947,444400000.0,58180.0,-19.67
IC 3492,S0,12.5553,12.8539,193800000.0,19730.0,-19.07
IC 3494,E0,12.5536,27.5847,1148000000.0,33400.0,-20.13
IC 3498,Sb,12.5581,26.7386,293400000.0,25600.0,-19.07
IC 3499,Sa,12.5625,10.9956,69110000.0,14070.0,-17.43
IC 3500,SBc,12.5636,13.9628,288900000.0,25210.0,-19.64
IC 3501,E0,12.5642,13.3225,43710000.0,4450.0,-15.94
IC 3502,Irr,12.5617,26.6178,1097000000.0,31900.0,-20.13
IC 3505,SBc,12.5694,15.9686,610000000.0,79850.0,-21.16
IC 3506,E0,12.5683,12.7417,39790000.0,3473.0,-14.83
IC 3507,E0,12.5678,25.3633,1202000000.0,34980.0,-20.13
IC 3508,S0,12.5683,26.6714,361900000.0,47370.0,-20.03
IC 3509,E0,12.5697,12.0494,39790000.0,5209.0,-15.53
IC 3510,S0,12.5708,11.0717,61210000.0,8012.0,-16.57
IC 3515,S0,12.5711,27.8619,313700000.0,27380.0,-19.12
IC 3516,Sc,12.5714,27.4528,318200000.0,64790.0,-19.45
IC 3517,Irr,12.575,9.155,33950000.0,5432.0,-15.49
IC 3518,Irr,12.5753,9.6239,64100000.0,11190.0,-16.77
IC 3519,E0,12.5772,15.6025,16030000.0,1399.0,-12.66
IC 3520,Sc,12.5753,13.5033,49950000.0,7265.0,-15.93
IC 3521,Irr,12.5775,7.1597,41260000.0,8402.0,-16.41
IC 3522,Irr,12.5792,15.2211,43850000.0,9566.0,-15.44
IC 3523,Sb,12.5775,14.0161,973400000.0,70790.0,-20.07
IC 3525,E0,12.5794,10.1756,361300000.0,21020.0,-18.22
IC 3528,SBb,12.5819,15.5661,627400000.0,36500.0,-21.02
IC 3530,S0,12.5803,17.8136,49390000.0,10060.0,-16.0
IC 3531,E0,12.5822,26.6267,602600000.0,26290.0,-20.13
IC 3533,S0,12.5836,25.7803,400300000.0,17470.0,-19.64
IC 3534,E0,12.5811,14.9783,612600000.0,35640.0,-20.27
IC 3536,Sc,12.5867,26.5333,424100000.0,55510.0,-19.07
IC 3540,Sa,12.5908,12.7508,46960000.0,4781.0,-15.89
IC 3542,SBb,12.5947,11.6667,714700000.0,41580.0,-21.1
IC 3543,Sc,12.5947,26.2867,298600000.0,39080.0,-18.31
IC 3546,Sc,12.5947,26.2225,284600000.0,33110.0,-19.4
IC 3548,E0,12.5989,10.9358,549600000.0,47960.0,-20.13
IC 3556,S0,12.5994,26.9656,328300000.0,33420.0,-19.41
IC 3557,E0,12.6022,16.6417,1030000000.0,119900.0,-22.0
IC 3558-1,S0,12.6006,11.8494,1230000000.0,71560.0,-21.38
IC 3558-2,E0,12.6006,11.8522,1230000000.0,35780.0,-20.88
IC 3559,S0,12.6008,26.9878,280200000.0,24450.0,-19.07
IC 3560,S0,12.6008,27.0789,321700000.0,23390.0,-17.87
IC 3561,S0,12.6011,26.9,345500000.0,35170.0,-19.12
IC 3562,Irr,12.6028,9.9228,105900000.0,12320.0,-17.26
IC 3565,E0,12.6033,26.7561,691900000.0,30190.0,-20.13
IC 3567,Sc,12.6061,13.6031,406200000.0,47260.0,-20.48
IC 3571,Irr,12.6053,26.0842,56060000.0,2446.0,-13.68
IC 3573,S0,12.6075,11.7597,867100000.0,50440.0,-20.42
IC 3574,E0,12.6075,12.4056,878800000.0,76690.0,-21.85
IC 3575,E0,12.6089,13.7472,38720000.0,3379.0,-13.07
IC 3576,Irr,12.6103,6.6214,62650000.0,20960.0,-17.62
IC 3578,Sc,12.6108,11.1014,30910000.0,4046.0,-14.78
IC 3580,E0,12.6081,18.2997,871000000.0,25340.0,-20.13
IC 3581,Sa,12.6106,24.4289,321400000.0,42080.0,-19.47
IC 3582,E0,12.61,26.2347,330000000.0,9601.0,-17.83
IC 3583,Irr,12.6119,13.2592,63940000.0,20460.0,-17.56
IC 3585,S0,12.6108,26.8306,342900000.0,54860.0,-20.31
IC 3586,E0,12.615,12.5203,69390000.0,11100.0,-17.04
IC 3587,Sc,12.6133,27.5497,339200000.0,69070.0,-18.88
IC 3590,S0,12.6139,27.2781,292600000.0,42550.0,-19.26
IC 3591,Irr,12.6172,6.9261,87600000.0,15290.0,-18.04
IC 3592,Sa,12.6147,27.8625,347100000.0,50480.0,-19.93
IC 3593,SBb,12.6147,27.7486,355100000.0,25820.0,-19.78
IC 3595-1,S0,12.6183,23.7869,424100000.0,24670.0,-19.07
IC 3595-2,S0,12.6183,23.7803,424100000.0,30840.0,-19.07
IC 3597,S0,12.6233,23.8636,321700000.0,18720.0,-19.07
IC 3598,Sb,12.6225,28.2089,354300000.0,72140.0,-20.38
IC 3599,Sb,12.6281,26.7081,299700000.0,13080.0,-19.12
IC 3600,S0,12.6281,27.1294,220200000.0,16010.0,-18.25
IC 3601,S0,12.6314,15.2247,941000000.0,82120.0,-21.5
IC 3602,E0,12.635,10.0819,398100000.0,52120.0,-20.13
IC 3603,E0,12.6378,15.5703,611300000.0,35560.0,-19.96
IC 3604,Sa,12.6389,11.7306,583800000.0,25470.0,-20.06
IC 3605,Irr,12.6389,19.5411,60060000.0,3494.0,-15.13
IC 3606,E0,12.6403,12.6103,1502000000.0,65540.0,-22.32
IC 3607,E0,12.6422,10.3761,660800000.0,48050.0,-20.13
IC 3608,Sb,12.6436,10.4758,338500000.0,152600.0,-20.48
IC 3609,Sb,12.6428,14.3531,406200000.0,23630.0,-20.08
IC 3610,E0,12.6464,26.8728,871000000.0,25340.0,-20.13
IC 3611,S0,12.6511,13.3642,136200000.0,27730.0,-19.1
IC 3612,S0,12.6511,14.7317,56060000.0,8153.0,-16.28
IC 3613,S0,12.6511,13.7586,603400000.0,43880.0,-18.94
IC 3615,Sc,12.6503,18.2008,367300000.0,58760.0,-19.76
IC 3617,Irr,12.6569,7.9664,107200000.0,21830.0,-18.18
IC 3618,S0,12.6547,26.6783,303000000.0,13220.0,-18.94
IC 3620,S0,12.6547,27.9083,304300000.0,26560.0,-19.25
IC 3621,E0,12.6592,15.5031,660800000.0,38440.0,-20.13
IC 3622,Sc,12.6589,15.4322,959200000.0,83700.0,-21.34
IC 3623,E0,12.6575,27.1028,323000000.0,51680.0,-19.98
IC 3624,E0,12.6594,11.9819,972100000.0,42420.0,-21.17
IC 3625,E0,12.6592,10.9683,983800000.0,28620.0,-22.0
IC 3625A,S0,12.6592,10.9672,244000000.0,10650.0,-19.07
IC 3625B,E0,12.6603,10.9761,794400000.0,46220.0,-20.13
IC 3626,S0,12.6586,25.6767,612600000.0,26730.0,-20.67
IC 3627,S0,12.6586,27.4978,751200000.0,43700.0,-20.01
IC 3629,Sc,12.6628,13.5331,612600000.0,62370.0,-21.07
IC 3629A,S0,12.6636,13.5486,405000000.0,41230.0,-19.07
IC 3629B,Sb,12.6617,13.6064,486900000.0,28330.0,-19.07
IC 3631,Sa,12.6631,12.9744,138900000.0,16160.0,-19.05
IC 3632,S0,12.6664,26.6822,211700000.0,9238.0,-16.56
IC 3633,E0,12.6697,9.8967,90710000.0,6597.0,-16.82
IC 3634,E0,12.6697,9.8472,501200000.0,43740.0,-20.13
IC 3635,Sc,12.6703,12.8753,28380000.0,3714.0,-14.5
IC 3637,S0,12.6719,14.715,89380000.0,28600.0,-17.39
IC 3638,Sc,12.6711,10.5186,287300000.0,37600.0,-19.62
IC 3639,SBc,12.6811,-36.7558,160400000.0,28000.0,-20.46
IC 3640,S0,12.6736,26.5244,340200000.0,19790.0,-19.59
IC 3641,S0,12.6739,26.5217,280600000.0,10200.0,-17.17
IC 3642,E0,12.6736,26.7317,501200000.0,21870.0,-20.13
IC 3643,SBa,12.6778,12.4067,544400000.0,39590.0,-19.91
IC 3644,Sb,12.6767,26.5047,293900000.0,38470.0,-19.07
IC 3646,S0,12.6772,26.5256,304100000.0,30960.0,-19.45
IC 3647,Irr,12.6814,10.4764,28240000.0,6571.0,-15.29
IC 3649,E0,12.6803,21.1044,691900000.0,20130.0,-20.13
IC 3651,S0,12.6811,26.7286,223600000.0,32530.0,-19.88
IC 3652,E0,12.6828,11.1842,37840000.0,4402.0,-15.92
IC 3653,E0,12.6875,11.3878,47950000.0,3487.0,-16.04
IC 3654,E0,12.6867,22.59,631000000.0,27530.0,-20.13
IC 3655,E0,12.6872,20.6667,912100000.0,26530.0,-20.13
IC 3656,S0,12.6869,22.5947,321700000.0,23390.0,-19.07
IC 3658,E0,12.6889,14.7011,2004000.0,378.8,-9.042
IC 3659,S0,12.6908,22.9308,369400000.0,21490.0,-19.07
IC 3661,S0,12.6931,22.495,444100000.0,38750.0,-19.07
IC 3662,S0,12.6933,23.4253,396700000.0,40390.0,-20.33
IC 3663,E0,12.6942,12.2475,40050000.0,4660.0,-15.15
IC 3665,Irr,12.6961,11.4881,54630000.0,7151.0,-16.22
IC 3670,E0,12.6986,11.7733,324300000.0,23590.0,-18.99
IC 3671,SBc,12.6975,23.5103,389300000.0,28310.0,-19.88
IC 3677,E0,12.7031,20.8856,871000000.0,25340.0,-20.13
IC 3678,S0,12.7033,20.8803,465000000.0,13530.0,-19.07
IC 3683,S0,12.7056,20.8719,559000000.0,24390.0,-19.07
IC 3684,Sa,12.7072,11.7394,52060000.0,8328.0,-15.01
IC 3686,Sc,12.71,10.565,887900000.0,129100.0,-22.17
IC 3687,Irr,12.7042,38.5036,14910000.0,5420.0,-14.6
IC 3689,E0,12.7103,20.8503,549600000.0,15990.0,-20.13
IC 3690,Sb,12.7136,10.3578,428100000.0,68500.0,-20.49
IC 3691,Irr,12.7136,22.7728,871000000.0,76010.0,-20.13
IC 3692,SBa,12.7147,20.9894,304700000.0,39880.0,-20.15
IC 3693,E0,12.7161,10.6814,74720000.0,6521.0,-16.6
IC 3694,Sc,12.7186,11.2114,390000000.0,34040.0,-20.49
IC 3696,E0,12.7192,19.9281,871000000.0,25340.0,-20.13
IC 3697,S0,12.7161,39.8461,727700000.0,84670.0,-20.64
IC 3698,Sc,12.7214,11.2111,383600000.0,27890.0,-20.15
IC 3701-1,E0,12.725,11.0469,61390000.0,3572.0,-14.77
IC 3701-2,E0,12.7253,11.0494,61390000.0,1786.0,-14.37
IC 3702,SBc,12.7244,10.8736,399300000.0,17420.0,-20.14
IC 3704,Sc,12.7292,10.7697,401600000.0,70100.0,-20.65
IC 3705-1,E0,12.7281,19.3267,549600000.0,15990.0,-20.13
IC 3705-2,E0,12.7281,19.3231,691900000.0,20130.0,-20.13
IC 3709,Sc,12.7344,9.0636,653200000.0,66500.0,-21.51
IC 3710,Irr,12.7358,12.1144,45390000.0,7261.0,-15.42
IC 3711,E0,12.7358,11.1767,457100000.0,46540.0,-20.13
IC 3713,S0,12.7342,41.1694,317700000.0,36970.0,-19.24
IC 3714,SBb,12.7397,10.1889,407500000.0,47420.0,-20.28
IC 3715,S0,12.7392,20.0239,672100000.0,29330.0,-19.07
IC 3717,S0,12.7397,39.5222,319000000.0,32480.0,-18.65
IC 3718,Sc,12.7458,12.3508,51960000.0,20400.0,-17.31
IC 3719,S0,12.7464,8.1067,82720000.0,4812.0,-16.62
IC 3720,E0,12.7464,12.0647,346800000.0,65570.0,-20.13
IC 3721,S0,12.7481,18.7553,293300000.0,38390.0,-20.77
IC 3723,S0,12.7417,40.7372,250500000.0,10930.0,-18.53
IC 3724,Sc,12.7481,10.2819,418100000.0,30410.0,-20.14
IC 3726,Sc,12.745,40.6789,236100000.0,51500.0,-18.8
IC 3727-1,Sc,12.7514,10.9006,113600000.0,16520.0,-18.31
IC 3727-2,E0,12.7511,10.9,113600000.0,3304.0,-16.71
IC 3728,E0,12.7508,20.9739,602600000.0,17530.0,-20.13
IC 3729,S0,12.7481,39.3517,480000000.0,20940.0,-19.54
IC 3730,Sc,12.7517,21.17,312200000.0,13620.0,-19.5
IC 3731,E0,12.7514,12.4469,527300000.0,38350.0,-19.54
IC 3732,E0,12.7531,10.3242,113300000.0,4946.0,-16.4
IC 3734,E0,12.7525,23.0389,871000000.0,25340.0,-20.13
IC 3735,S0,12.7556,13.6931,36200000.0,4739.0,-15.43
IC 3736,Sc,12.755,21.5358,297400000.0,21630.0,-18.8
IC 3740,S0,12.7583,20.8164,118100000.0,13750.0,-17.39
IC 3742,SBc,12.7586,13.3319,57030000.0,14100.0,-17.41
IC 3744,E0,12.7614,19.5008,871000000.0,50680.0,-20.13
IC 3745,S0,12.7622,19.1778,300400000.0,30580.0,-20.12
IC 3746,E0,12.7586,37.8239,501200000.0,14580.0,-20.13
IC 3751,E0,12.7625,37.8236,692400000.0,20140.0,-20.13
IC 3754,SBb,12.7708,8.3492,302700000.0,52830.0,-20.34
IC 3756,S0,12.7694,11.9153,596900000.0,43410.0,-20.31
IC 3758,E0,12.7664,40.7753,320400000.0,18640.0,-19.56
IC 3759,S0,12.7714,20.7833,311100000.0,31670.0,-19.1
IC 3760,S0,12.7717,11.8739,594300000.0,25930.0,-20.8
IC 3761,E0,12.7742,20.2897,1202000000.0,52460.0,-20.13
IC 3762,E0,12.7769,22.2469,1097000000.0,31900.0,-20.13
IC 3763,S0,12.7792,21.985,533900000.0,31060.0,-19.07
IC 3766,E0,12.7814,19.1111,1047000000.0,30460.0,-20.13
IC 3767,E0,12.7819,10.1819,602600000.0,52590.0,-20.13
IC 3771,E0,12.7811,39.1736,758600000.0,33100.0,-20.13
IC 3772,SBa,12.7822,36.5311,14750000.0,1501.0,-12.68
IC 3773,E0,12.7875,10.2033,63010000.0,17410.0,-17.53
IC 3774,S0,12.7836,36.2881,424100000.0,55510.0,-19.07
IC 3775,Sc,12.7878,11.7603,48050000.0,6290.0,-14.44
IC 3776,S0,12.7867,22.4842,486900000.0,35410.0,-19.07
IC 3778,E0,12.7836,40.5969,435200000.0,25320.0,-20.13
IC 3779,E0,12.7889,12.1661,52060000.0,5300.0,-15.61
IC 3783,S0,12.7908,40.5664,329600000.0,33560.0,-19.52
IC 3784,S0,12.7972,19.3847,405000000.0,23560.0,-19.07
IC 3785,S0,12.7978,19.275,369400000.0,21490.0,-19.07
IC 3786,S0,12.7933,39.0464,723800000.0,42110.0,-20.13
IC 3788,S0,12.8019,18.8681,672100000.0,48880.0,-19.07
IC 3789,S0,12.8019,20.1942,307200000.0,22340.0,-19.07
IC 3793,S0,12.8031,19.1517,533900000.0,23290.0,-19.07
IC 3795,S0,12.8014,40.7189,195800000.0,14240.0,-17.89
IC 3799,Sc,12.8164,-14.3986,179200000.0,62560.0,-19.3
IC 3800,E0,12.8075,36.575,691900000.0,40250.0,-20.13
IC 3806,Sa,12.8153,14.9072,155200000.0,31590.0,-18.69
IC 3808,Sc,12.8161,40.5958,204300000.0,20800.0,-18.28
IC 3809,E0,12.8178,36.4894,724500000.0,52690.0,-20.13
IC 3812,S0,12.8314,-6.7172,151900000.0,24310.0,-18.34
IC 3813,S0,12.8339,-25.92,156600000.0,29610.0,-19.71
IC 3814,Sb,12.8256,20.05,424100000.0,30840.0,-19.07
IC 3815,S0,12.8272,19.2747,465000000.0,33810.0,-19.07
IC 3816,E0,12.8244,37.2308,575500000.0,41850.0,-20.13
IC 3817,Irr,12.8286,22.8317,871000000.0,38010.0,-20.13
IC 3818,S0,12.8294,21.7519,336900000.0,24500.0,-19.07
IC 3819,E0,12.8378,-14.38,660800000.0,28830.0,-20.13
IC 3820,E0,12.8275,37.1172,549600000.0,15990.0,-20.13
IC 3822,Sc,12.8394,-14.3225,187800000.0,32780.0,-18.0
IC 3824,E0,12.8417,-14.4253,564100000.0,41020.0,-20.59
IC 3825,S0,12.8436,-14.5197,336900000.0,14700.0,-19.07
IC 3826,S0,12.8442,-9.0308,194500000.0,53760.0,-19.68
IC 3827,Sc,12.8475,-14.4917,189700000.0,22070.0,-19.72
IC 3828,S0,12.8389,37.9494,336900000.0,14700.0,-19.07
IC 3829,Sc,12.8589,-27.7831,172100000.0,47570.0,-19.51
IC 3831,S0,12.855,-14.5733,171500000.0,34920.0,-19.8
IC 3832,Sc,12.8469,39.81,456300000.0,33180.0,-19.43
IC 3834,Sb,12.8589,-14.2208,194500000.0,22630.0,-19.38
IC 3835,S0,12.8486,40.1867,342800000.0,19950.0,-19.11
IC 3836,S0,12.8508,40.1839,340200000.0,14840.0,-18.89
IC 3837,S0,12.8592,19.7231,585400000.0,25540.0,-19.07
IC 3842,E0,12.8597,40.3719,872300000.0,38060.0,-20.94
IC 3843,S0,12.8608,39.0008,369400000.0,21490.0,-19.07
IC 3844,Sc,12.8683,39.8186,865800000.0,37780.0,-20.92
IC 3847,S0,12.8758,22.0653,808100000.0,35260.0,-19.07
IC 3848-1,S0,12.8778,21.4147,424100000.0,18500.0,-19.07
IC 3848-2,S0,12.8778,21.4167,672100000.0,19550.0,-19.07
IC 3850,S0,12.8775,40.1031,348100000.0,50630.0,-19.54
IC 3852,SBc,12.8842,35.7731,194500000.0,33940.0,-18.88
IC 3853,E0,12.8861,38.8294,871000000.0,50680.0,-20.13
IC 3854-1,S0,12.8867,40.8489,486900000.0,35410.0,-19.07
IC 3854-2,E0,12.8872,40.8486,691900000.0,30190.0,-20.13
IC 3855,S0,12.8894,36.7864,465000000.0,33810.0,-19.07
IC 3856,S0,12.8958,20.0933,307200000.0,35750.0,-19.07
IC 3857,E0,12.8989,19.6069,871000000.0,38010.0,-20.13
IC 3859,S0,12.9053,-9.1172,189100000.0,27510.0,-19.52
IC 3861,E0,12.8972,38.2825,602600000.0,26290.0,-20.13
IC 3862,Irr,12.8981,36.0867,363100000.0,68660.0,-20.13
IC 3863,S0,12.8981,38.4808,336900000.0,29400.0,-19.07
IC 3864,S0,12.9033,18.9514,424100000.0,18500.0,-19.07
IC 3865,E0,12.9039,18.8686,549600000.0,31970.0,-20.13
IC 3866-1,S0,12.9042,22.3642,369400000.0,16120.0,-19.07
IC 3866-2,S0,12.9042,22.3597,533900000.0,38820.0,-19.07
IC 3867,S0,12.9053,18.9422,805900000.0,58610.0,-20.56
IC 3868,S0,12.9056,18.9906,424100000.0,18500.0,-19.07
IC 3869,S0,12.9058,18.9717,832000000.0,36300.0,-19.43
IC 3870,E0,12.9058,22.3811,691900000.0,20130.0,-20.13
IC 3871,E0,12.9069,18.9289,817700000.0,47570.0,-21.2
IC 3872,E0,12.9083,18.9628,549600000.0,23980.0,-20.13
IC 3873,S0,12.9086,18.8825,424100000.0,24670.0,-19.07
IC 3874,E0,12.9094,18.9575,824200000.0,35960.0,-20.81
IC 3875,E0,12.9103,22.0358,691900000.0,20130.0,-20.13
IC 3876,S0,12.9133,19.0153,672100000.0,19550.0,-19.07
IC 3877,SBc,12.9133,19.1764,41380000.0,22270.0,-16.82
IC 3879,S0,12.9089,38.6286,424100000.0,43180.0,-19.07
IC 3880,E0,12.9131,22.5028,1259000000.0,54940.0,-20.13
IC 3881,E0,12.915,19.1178,78560000.0,2285.0,-15.91
IC 3882,E0,12.9147,22.575,691900000.0,30190.0,-20.13
IC 3883,Sc,12.9203,-8.1203,170500000.0,22320.0,-19.39
IC 3884,E0,12.9158,19.6817,1000000000.0,58180.0,-20.13
IC 3885,S0,12.9117,37.1544,336900000.0,14700.0,-19.07
IC 3886,S0,12.9167,19.0114,1065000000.0,30990.0,-19.07
IC 3888,S0,12.9128,39.5719,427300000.0,62150.0,-20.29
IC 3890,S0,12.9139,37.1853,369400000.0,16120.0,-19.07
IC 3891,S0,12.9161,36.0525,369400000.0,16120.0,-19.07
IC 3892,Sb,12.9183,39.2231,220900000.0,41770.0,-18.75
IC 3893,S0,12.9186,38.6244,687200000.0,39980.0,-20.12
IC 3895,Sb,12.9192,39.2036,336800000.0,39190.0,-19.57
IC 3896,E0,12.945,-50.3472,220300000.0,80110.0,-21.85
IC 3896A,SBc,12.925,-50.0711,119700000.0,40050.0,-19.32
IC 3897,S0,12.9219,39.6731,329600000.0,14380.0,-18.62
IC 3898,E0,12.9231,37.5833,955100000.0,27780.0,-20.13
IC 3899,S0,12.9278,20.6369,672100000.0,39100.0,-19.07
IC 3900,S0,12.9281,27.2514,331700000.0,33770.0,-20.04
IC 3904,SBc,12.9292,36.2933,336900000.0,34300.0,-19.07
IC 3905,S0,12.9356,19.8528,336900000.0,14700.0,-19.07
IC 3907,S0,12.9383,18.7842,533900000.0,15530.0,-19.07
IC 3908,Sc,12.9444,-7.5606,72630000.0,19010.0,-17.24
IC 3909,E0,12.9339,40.3853,778600000.0,33970.0,-20.69
IC 3911-1,E0,12.9358,35.6369,631000000.0,27530.0,-20.13
IC 3911-2,E0,12.9358,35.6389,871000000.0,25340.0,-20.13
IC 3913,Sc,12.9411,27.2908,347800000.0,35410.0,-19.74
IC 3914,E0,12.9394,36.3606,758600000.0,22070.0,-20.13
IC 3916,S0,12.9419,38.6142,456300000.0,59730.0,-20.33
IC 3918,Sc,12.9481,22.3733,289600000.0,25280.0,-19.14
IC 3919,E0,12.9467,38.5886,501200000.0,21870.0,-20.13
IC 3920,S0,12.9472,39.9592,342800000.0,29920.0,-19.41
IC 3921,S0,12.9489,38.64,323000000.0,23490.0,-18.78
IC 3922,S0,12.9492,38.4786,683300000.0,99380.0,-20.81
IC 3924,E0,12.9567,18.7817,1097000000.0,15950.0,-20.13
IC 3927,S0,12.9694,-22.8761,225600000.0,36090.0,-20.6
IC 3928,E0,12.955,40.4417,1149000000.0,50130.0,-21.23
IC 3929,S0,12.9614,20.3975,444100000.0,25830.0,-19.07
IC 3930,S0,12.9561,38.7647,336900000.0,24500.0,-19.07
IC 3931,E0,12.9658,19.6172,501200000.0,21870.0,-20.13
IC 3934,S0,12.9714,18.825,336900000.0,19600.0,-19.07
IC 3937,E0,12.9733,18.8183,602600000.0,17530.0,-20.13
IC 3940,E0,12.9711,35.8394,494500000.0,28770.0,-20.2
IC 3941,E0,12.9703,39.7733,758600000.0,33100.0,-20.13
IC 3943,Sa,12.9767,28.1133,302400000.0,26390.0,-19.24
IC 3944,S0,12.9789,23.7811,974500000.0,56700.0,-21.18
IC 3945,S0,12.9747,39.9356,477400000.0,41660.0,-19.83
IC 3946,S0,12.9803,27.8097,279100000.0,28420.0,-19.46
IC 3947,S0,12.9811,27.7856,259500000.0,11320.0,-19.1
IC 3948,E0,12.9828,24.0614,871000000.0,25340.0,-20.13
IC 3949,S0,12.9822,27.8331,343800000.0,50010.0,-20.01
IC 3950,S0,12.985,18.7361,509800000.0,29660.0,-19.07
IC 3951,S0,12.9861,18.7647,533900000.0,38820.0,-19.07
IC 3952,E0,12.9811,38.8697,549600000.0,23980.0,-20.13
IC 3953,E0,12.9858,23.0872,691900000.0,20130.0,-20.13
IC 3954,S0,12.9867,19.2725,533900000.0,31060.0,-19.07
IC 3955,S0,12.985,27.9961,352600000.0,20510.0,-19.77
IC 3956,E0,12.9822,37.3986,490500000.0,21400.0,-19.69
IC 3957,E0,12.9853,27.7667,317400000.0,18470.0,-19.34
IC 3958,E0,12.9864,24.0222,965700000.0,28090.0,-20.86
IC 3959,E0,12.9856,27.7836,317400000.0,23090.0,-19.74
IC 3960,S0,12.9856,27.8547,305800000.0,17790.0,-19.16
IC 3960A,S0,12.9858,27.8669,307100000.0,13400.0,-17.87
IC 3963,S0,12.9869,27.7739,313200000.0,31890.0,-19.21
IC 3965,E0,12.9894,18.8431,871000000.0,25340.0,-20.13
IC 3966,Sc,12.9869,35.8542,369300000.0,37590.0,-19.37
IC 3967,S0,12.9867,36.1297,308400000.0,17940.0,-18.78
IC 3968,S0,12.9903,27.9725,272700000.0,15870.0,-18.41
IC 3971,S0,12.9919,22.8453,983800000.0,42930.0,-20.4
IC 3973,S0,12.9917,27.885,221500000.0,16110.0,-18.76
IC 3975,S0,12.9875,38.8831,458900000.0,46720.0,-20.24
IC 3976,E0,12.9914,27.85,317200000.0,23060.0,-19.24
IC 3978,E0,12.9936,19.6219,1097000000.0,15950.0,-20.13
IC 3980,S0,12.9883,39.1511,386800000.0,16880.0,-19.07
IC 3985,E0,12.9953,19.5917,602600000.0,26290.0,-20.13
IC 3986,S0,13.0256,-32.2914,217800000.0,50670.0,-20.82
IC 3987,E0,12.9903,38.7339,461600000.0,26850.0,-20.15
IC 3990,Sa,12.9942,28.895,288700000.0,50390.0,-19.43
IC 3991,S0,12.9942,28.9258,261900000.0,26660.0,-19.02
IC 3993,E0,12.9917,40.6022,865800000.0,37780.0,-21.32
IC 3994,S0,12.9972,22.7161,672100000.0,19550.0,-19.07
IC 3997,E0,12.9936,36.695,691900000.0,30190.0,-20.13
IC 3998,S0,12.9961,27.9728,430300000.0,50060.0,-20.0
IC 4000,E0,12.9933,39.5878,1451000000.0,42210.0,-21.94
IC 4001,S0,12.9936,38.8697,307200000.0,26810.0,-19.07
IC 4002,E0,12.9944,36.7644,549600000.0,31970.0,-20.13
IC 4003,S0,12.9942,38.8161,445800000.0,45380.0,-20.48
IC 4004,S0,12.995,38.8111,480000000.0,55850.0,-20.54
IC 4007-1,S0,13.0019,19.9647,369400000.0,21490.0,-19.07
IC 4007-2,S0,13.0017,19.9628,672100000.0,19550.0,-19.07
IC 4010,S0,12.9981,37.8594,424100000.0,24670.0,-19.07
IC 4011,E0,13.0017,28.0031,317400000.0,23090.0,-18.74
IC 4012,E0,13.0022,28.0783,317400000.0,13850.0,-18.94
IC 4014,E0,13.0036,22.4992,549600000.0,15990.0,-20.13
IC 4016,S0,12.9997,37.1872,478700000.0,27850.0,-20.03
IC 4017,S0,13.0042,22.5556,369400000.0,10740.0,-19.07
IC 4018,E0,12.9992,40.4889,939700000.0,41000.0,-20.8
IC 4020,S0,13.0008,38.6097,336900000.0,39190.0,-19.07
IC 4021,E0,13.0039,28.0406,317400000.0,18470.0,-19.04
IC 4023,E0,13.0072,19.0967,549600000.0,23980.0,-20.13
IC 4025,E0,13.0072,19.0972,691900000.0,30190.0,-20.13
IC 4026,S0,13.0061,28.0464,374500000.0,16340.0,-19.7
IC 4027,S0,13.0036,37.1408,336900000.0,14700.0,-19.07
IC 4028,SBc,13.0044,36.2531,368100000.0,37480.0,-20.06
IC 4029,S0,13.0039,38.7597,313700000.0,13690.0,-18.92
IC 4030,S0,13.0078,27.955,309800000.0,18020.0,-18.39
IC 4031,E0,13.0042,39.145,705500000.0,20520.0,-20.18
IC 4032,S0,13.0069,28.8678,302100000.0,17580.0,-19.33
IC 4033,S0,13.0078,27.9722,341500000.0,34770.0,-19.1
IC 4034,E0,13.0053,37.0458,549600000.0,15990.0,-20.13
IC 4035,S0,13.0044,40.2994,369400000.0,21490.0,-19.07
IC 4037,E0,13.0053,39.0022,865800000.0,37780.0,-20.62
IC 4038,S0,13.0058,37.0397,386800000.0,16880.0,-19.07
IC 4039,E0,13.0108,21.6922,294800000.0,8577.0,-18.48
IC 4040,SBc,13.0106,28.0567,360000000.0,52360.0,-19.71
IC 4041,E0,13.0111,27.9969,324900000.0,18900.0,-19.59
IC 4042,S0,13.0117,27.9717,293100000.0,21320.0,-19.47
IC 4042A,S0,13.0117,27.9633,370600000.0,21560.0,-19.28
IC 4043,Irr,13.0094,37.0708,691900000.0,90570.0,-20.13
IC 4044,Sa,13.0131,27.9217,379800000.0,16570.0,-19.03
IC 4045,E4,13.0133,28.0903,506900000.0,58980.0,-21.06
IC 4047,Sb,13.0158,19.6875,402100000.0,23400.0,-19.55
IC 4048,S0,13.0106,39.8306,444400000.0,25860.0,-19.67
IC 4049,S0,13.0117,36.3458,369100000.0,42950.0,-19.97
IC 4051,E5,13.0142,28.0428,341700000.0,44720.0,-20.5
IC 4056,SBc,13.0122,39.7544,490500000.0,57070.0,-20.19
IC 4058,S0,13.0192,19.4939,307200000.0,13400.0,-19.07
IC 4059,E0,13.0208,19.2731,549600000.0,23980.0,-20.13
IC 4060,S0,13.0144,40.5844,465500000.0,47390.0,-19.97
IC 4061-1,E0,13.0158,39.5833,549600000.0,23980.0,-20.13
IC 4061-2,E0,13.0161,39.5836,691900000.0,20130.0,-20.13
IC 4062,SBa,13.0161,39.8586,472400000.0,27480.0,-20.8
IC 4063,E0,13.0183,39.245,691900000.0,20130.0,-20.13
IC 4064,S0,13.0183,39.8417,485900000.0,113100.0,-21.16
IC 4065,S0,13.0194,39.7444,490500000.0,57070.0,-20.49
IC 4067,S0,13.0222,39.9408,482600000.0,21060.0,-19.85
IC 4068,S0,13.0222,39.8989,462900000.0,20200.0,-19.76
IC 4069,S0,13.0233,36.1125,424100000.0,18500.0,-19.07
IC 4070,E0,13.0286,19.3017,316300000.0,18400.0,-20.13
IC 4071,S0,13.0344,-7.6031,149300000.0,17370.0,-18.7
IC 4073,S0,13.0236,39.9147,255500000.0,26020.0,-19.07
IC 4074,S0,13.03,19.0086,533900000.0,23290.0,-19.07
IC 4075,E0,13.03,19.9647,549600000.0,23980.0,-20.13
IC 4076,E0,13.03,23.3897,955100000.0,41670.0,-20.13
IC 4077,E0,13.0261,37.3867,575500000.0,25110.0,-20.13
IC 4079,E0,13.0322,19.2483,1041000000.0,15140.0,-20.02
IC 4080-1,S0,13.0325,19.2531,533900000.0,15530.0,-19.07
IC 4080-2,S0,13.0328,19.2558,672100000.0,9775.0,-19.07
IC 4081,E0,13.0319,22.7717,758600000.0,33100.0,-20.13
IC 4082,E0,13.0275,37.3408,691900000.0,30190.0,-20.13
IC 4083,S0,13.0272,38.1422,424100000.0,24670.0,-19.07
IC 4085,E0,13.0272,39.7033,470800000.0,20540.0,-19.8
IC 4086,Sc,13.0286,36.6478,267600000.0,35030.0,-19.07
IC 4087,S0,13.0333,19.9942,336900000.0,19600.0,-19.07
IC 4088,Sb,13.0286,29.0442,371200000.0,80980.0,-20.58
IC 4089,S0,13.0336,19.5028,424100000.0,12340.0,-19.07
IC 4091,S0,13.0367,19.8928,369400000.0,16120.0,-19.07
IC 4094-1,S0,13.0328,37.7953,369400000.0,16120.0,-19.07
IC 4094-2,S0,13.0331,37.7889,672100000.0,19550.0,-19.07
IC 4095,S0,13.0389,19.1003,850200000.0,61830.0,-20.48
IC 4096,E0,13.0378,24.0114,977300000.0,28430.0,-19.98
IC 4098,Irr,13.0344,37.98,549600000.0,31970.0,-20.13
IC 4099,E0,13.0397,24.0297,976000000.0,28390.0,-20.28
IC 4100,Sc,13.0344,40.4086,366800000.0,74680.0,-20.45
IC 4102,E0,13.0383,36.1519,691900000.0,20130.0,-20.13
IC 4103,S0,13.0386,38.0164,424100000.0,49340.0,-19.07
IC 4104,E0,13.0383,38.5922,549600000.0,23980.0,-20.13
IC 4105,E0,13.0383,38.2711,549600000.0,23980.0,-20.13
IC 4106,SBa,13.0439,28.1139,330900000.0,43320.0,-19.53
IC 4107,E0,13.0447,21.9978,1738000000.0,176900.0,-20.13
IC 4108,S0,13.0419,38.4789,280200000.0,32600.0,-19.07
IC 4110,E0,13.0494,19.2275,887900000.0,25830.0,-20.17
IC 4111,S0,13.0489,28.0706,349800000.0,20350.0,-19.35
IC 4113,E0,13.0508,20.4736,871000000.0,25340.0,-20.13
IC 4114,S0,13.045,40.1047,366600000.0,16000.0,-18.75
IC 4115,S0,13.0469,37.2222,168800000.0,9822.0,-19.07
IC 4118,S0,13.0475,38.2936,307200000.0,22340.0,-19.07
IC 4119,S0,13.0542,19.2325,672100000.0,19550.0,-19.07
IC 4122,E0,13.0567,20.1967,836600000.0,36500.0,-21.65
IC 4123,S0,13.0514,38.315,321700000.0,23390.0,-19.07
IC 4125,E0,13.0594,18.8039,631000000.0,45890.0,-20.13
IC 4127,S0,13.0547,38.0461,386800000.0,28130.0,-19.07
IC 4128-1,S0,13.0614,20.2172,825500000.0,60030.0,-20.62
IC 4128-2,E0,13.0611,20.2208,825500000.0,24010.0,-20.02
IC 4129,E0,13.0619,18.8767,602600000.0,26290.0,-20.13
IC 4130,S0,13.0628,19.2711,839800000.0,122100.0,-19.55
IC 4131,Irr,13.0569,38.9511,705500000.0,61570.0,-20.38
IC 4133,E0,13.0639,27.9875,294000000.0,12830.0,-19.37
IC 4135,S0,13.0603,40.2486,489200000.0,64040.0,-19.88
IC 4137,E0,13.0664,22.7406,758600000.0,33100.0,-20.13
IC 4138,S0,13.0672,20.6653,369400000.0,16120.0,-19.07
IC 4139,E0,13.0678,19.2956,832000000.0,36300.0,-20.23
IC 4140,E0,13.0683,20.0964,871000000.0,25340.0,-20.13
IC 4141,S0,13.0686,19.2106,877500000.0,89340.0,-20.15
IC 4144,Sb,13.0639,36.9425,352700000.0,56430.0,-19.07
IC 4145,S0,13.0636,38.2864,307200000.0,26810.0,-19.07
IC 4146,E0,13.0694,19.2781,776000000.0,22570.0,-20.68
IC 4147,Irr,13.0692,20.2503,1381000000.0,120500.0,-20.13
IC 4148,E0,13.0694,19.2592,821600000.0,23900.0,-20.51
IC 4149,SBa,13.0694,22.29,327100000.0,38050.0,-19.51
IC 4151,Irr,13.0664,36.8572,691900000.0,30190.0,-20.13
IC 4152,E0,13.0661,38.1992,602600000.0,26290.0,-20.13
IC 4154,E0,13.0744,23.575,413700000.0,18050.0,-19.52
IC 4158,S0,13.0733,36.4806,307200000.0,22340.0,-19.07
IC 4159,Irr,13.0792,22.2417,691900000.0,20130.0,-20.13
IC 4160,S0,13.08,22.8931,613000000.0,35660.0,-19.07
IC 4161,S0,13.0764,39.9775,431300000.0,31360.0,-19.61
IC 4162,E0,13.0842,20.5544,549600000.0,23980.0,-20.13
IC 4163,Irr,13.0853,20.7711,724500000.0,42150.0,-20.13
IC 4164,S0,13.0872,20.5469,336900000.0,14700.0,-19.07
IC 4165,Sc,13.0825,39.9247,364000000.0,37060.0,-19.74
IC 4166,SBb,13.0883,31.4419,494900000.0,64780.0,-20.8
IC 4167,E0,13.0917,21.9106,1097000000.0,47850.0,-20.13
IC 4168,S0,13.0861,40.0497,361300000.0,31530.0,-19.22
IC 4169,E0,13.0867,38.7736,549600000.0,15990.0,-20.13
IC 4170-1,E0,13.0931,21.1347,817200000.0,23770.0,-19.19
IC 4170-2,E0,13.0928,21.1358,817200000.0,11890.0,-18.39
IC 4171,Sc,13.0883,36.1025,54090000.0,7081.0,-16.6
IC 4172,S0,13.1092,22.8506,458900000.0,26700.0,-19.24
IC 4173,E0,13.065,-11.505,160900000.0,14050.0,-18.27
IC 4175,S0,13.0964,20.3742,386800000.0,22500.0,-19.07
IC 4177,Sc,13.1081,-13.5711,108000000.0,14140.0,-16.8
IC 4178,Irr,13.0947,36.0175,62690000.0,10030.0,-15.72
IC 4180,SBa,13.1156,-23.9172,144600000.0,18930.0,-19.63
IC 4181,S0,13.1017,21.4939,875700000.0,50950.0,-20.94
IC 4182,Irr,13.0969,37.6064,14910000.0,10410.0,-16.6
IC 4183,E0,13.1031,21.5047,900800000.0,39310.0,-20.01
IC 4184,S0,13.0975,38.8378,650600000.0,37850.0,-21.0
IC 4185-1,S0,13.1033,21.7697,884300000.0,77170.0,-20.67
IC 4185-2,E0,13.1033,21.7758,884300000.0,25720.0,-20.17
IC 4187,S0,13.0997,36.2983,321700000.0,14040.0,-19.07
IC 4188,Sc,13.1006,36.3272,336900000.0,29400.0,-19.07
IC 4189,Sc,13.1008,35.98,224800000.0,42510.0,-19.99
IC 4193,E0,13.1017,39.4233,366600000.0,26660.0,-19.65
IC 4197,S0,13.1344,-23.7969,147000000.0,29920.0,-19.77
IC 4200,S0,13.1594,-51.9686,185500000.0,40460.0,-19.87
IC 4201,S0,13.1308,35.8339,307200000.0,22340.0,-19.07
IC 4202,Sc,13.1419,24.7008,329800000.0,81550.0,-19.82
IC 4204,SBc,13.1392,39.4608,146600000.0,27720.0,-17.96
IC 4207,E0,13.1575,37.8228,691900000.0,30190.0,-20.13
IC 4209,SBc,13.1728,-7.1708,298300000.0,60750.0,-20.31
IC 4210,SBb,13.1797,29.7092,295400000.0,34370.0,-19.48
IC 4212,SBc,13.2006,-6.9936,80250000.0,36180.0,-16.05
IC 4213,Sc,13.2031,35.6714,46700000.0,16980.0,-16.78
IC 4214,SBb,13.295,-32.1014,89040000.0,36260.0,-20.08
IC 4215,Sb,13.2711,25.4047,180300000.0,39330.0,-18.71
IC 4216,Sc,13.2836,-10.7697,139800000.0,38630.0,-18.96
IC 4217,Sc,13.2869,-13.1556,305800000.0,31130.0,-19.46
IC 4218,S0,13.2842,-2.2619,273000000.0,51620.0,-20.11
IC 4219,SBb,13.3081,-31.6311,175100000.0,28020.0,-20.15
IC 4220,S0,13.2983,-13.6056,283300000.0,32970.0,-19.89
IC 4221,SBc,13.3083,-14.6094,143200000.0,27070.0,-19.61
IC 4223,S0,13.3153,7.7953,655800000.0,57230.0,-21.42
IC 4224,Sc,13.3178,-2.5158,243300000.0,31840.0,-19.06
IC 4225,Sa,13.3333,31.9819,253100000.0,36810.0,-19.25
IC 4226,S0,13.3417,32.0044,252300000.0,14680.0,-19.44
IC 4227,S0,13.3481,32.1911,307100000.0,17870.0,-19.27
IC 4228,Sc,13.3594,25.5156,448700000.0,45680.0,-20.29
IC 4229,SBb,13.3739,-2.4181,309700000.0,45050.0,-20.69
IC 4230,Sa,13.3664,26.7339,333300000.0,48480.0,-19.75
IC 4231,Sc,13.3869,-26.3003,115000000.0,28440.0,-18.44
IC 4232,Sc,13.3894,-26.1092,437600000.0,70000.0,-21.04
IC 4234,SBb,13.3833,27.1167,472900000.0,48140.0,-20.91
IC 4235,S0,13.3978,-12.7428,352700000.0,41040.0,-19.07
IC 4237,SBb,13.4089,-21.1369,90670000.0,32970.0,-18.92
IC 4238,S0,13.3997,30.9325,296500000.0,34500.0,-18.99
IC 4239,SBa,13.4069,30.9592,660000000.0,76790.0,-21.23
IC 4240,S0,13.4075,30.9778,299200000.0,17410.0,-18.31
IC 4241,E0,13.4128,26.7386,313600000.0,22810.0,-19.41
IC 4242,S0,13.4114,31.0261,317700000.0,23100.0,-18.94
IC 4243,S0,13.4308,-27.6267,552100000.0,56210.0,-20.94
IC 4244,S0,13.4156,26.4639,323000000.0,14090.0,-19.68
IC 4245,Sa,13.4331,-26.6775,431300000.0,62720.0,-20.11
IC 4246,S0,13.4333,-26.6778,440500000.0,44850.0,-20.15
IC 4247,Sc,13.4456,-30.3619,24690000.0,4667.0,-14.99
IC 4248,Sb,13.4464,-29.8808,196600000.0,31460.0,-20.0
IC 4249,Sb,13.4517,-27.9567,93480000.0,19040.0,-17.79
IC 4250-1,S0,13.4358,26.4772,493100000.0,28690.0,-20.6
IC 4250-2,S0,13.4356,26.4728,493100000.0,21520.0,-19.9
IC 4251,S0,13.4567,-29.4444,209000000.0,24320.0,-19.03
IC 4252,S0,13.4578,-27.3244,617900000.0,116800.0,-22.29
IC 4253,SBc,13.4589,-27.8728,466300000.0,94940.0,-20.98
IC 4254,Sc,13.4625,-27.2219,102700000.0,8962.0,-16.89
IC 4255,E0,13.4667,-27.3539,465900000.0,60990.0,-21.57
IC 4256,Sb,13.4508,30.9764,300100000.0,17460.0,-19.32
IC 4258,E0,13.4647,28.5086,490500000.0,49940.0,-20.69
IC 4259,S0,13.4911,-30.1342,644900000.0,93800.0,-21.38
IC 4260,Sb,13.4944,-28.2661,443100000.0,83780.0,-20.07
IC 4261,S0,13.4964,-28.0064,440500000.0,64070.0,-21.15
IC 4262,Sb,13.5064,-28.2706,480100000.0,83800.0,-20.24
IC 4263,SBc,13.4758,46.9269,28210000.0,7794.0,-14.48
IC 4264,Sc,13.5047,-27.9286,169100000.0,41810.0,-18.57
IC 4265,S0,13.5061,-25.7656,578500000.0,67320.0,-20.74
IC 4266,S0,13.4847,37.6117,697700000.0,30440.0,-20.15
IC 4267,Sc,13.51,-26.2561,212900000.0,40260.0,-18.87
IC 4268,E0,13.4867,37.6611,717300000.0,20860.0,-20.11
IC 4269,S0,13.4889,37.6236,740800000.0,86190.0,-20.68
IC 4270,Sc,13.5136,-25.3336,353400000.0,41120.0,-20.37
IC 4271-1,S0,13.4892,37.4136,754600000.0,65850.0,-21.02
IC 4271-2,E0,13.4892,37.4097,754600000.0,32930.0,-20.52
IC 4272,Sc,13.5211,-29.9567,182500000.0,26540.0,-18.14
IC 4273,S0,13.5247,-28.8939,589700000.0,68620.0,-21.09
IC 4275,SBc,13.5308,-29.7322,170700000.0,22340.0,-19.39
IC 4276,Sc,13.535,-28.1564,417900000.0,85100.0,-20.14
IC 4277,S0,13.5044,47.3144,424100000.0,55510.0,-19.07
IC 4278,Irr,13.5075,47.2469,549600000.0,39970.0,-20.13
IC 4279,Sc,13.5417,-27.1275,528600000.0,69200.0,-20.55
IC 4280,Sc,13.5481,-24.2069,232400000.0,37180.0,-20.76
IC 4281,S0,13.5439,-27.1692,544900000.0,111000.0,-21.61
IC 4282,E0,13.5219,47.1839,610000000.0,26620.0,-18.36
IC 4283,SBb,13.5361,28.3889,405700000.0,29500.0,-20.07
IC 4284,E0,13.5253,46.7947,805900000.0,23440.0,-19.96
IC 4285,S0,13.5292,46.8219,976000000.0,28390.0,-19.88
IC 4286,S0,13.5597,-27.6319,439200000.0,25550.0,-19.75
IC 4287-1,S0,13.5439,25.4414,452000000.0,39440.0,-20.41
IC 4287-2,E0,13.5442,25.4403,452000000.0,13150.0,-19.21
IC 4288,Sc,13.575,-27.3044,480600000.0,83870.0,-21.04
IC 4289,S0,13.5797,-27.1267,475700000.0,69190.0,-21.52
IC 4290,SBb,13.5886,-28.0219,229200000.0,53340.0,-20.03
IC 4292,S0,13.5961,-27.675,387700000.0,33840.0,-20.38
IC 4293,S0,13.6006,-25.8822,217800000.0,47520.0,-20.62
IC 4294,Sb,13.6086,-28.7814,621600000.0,72320.0,-20.8
IC 4295,Sc,13.6094,-29.0889,211600000.0,30770.0,-18.96
IC 4296,E0,13.6106,-33.9658,175900000.0,71640.0,-22.06
IC 4297,SBa,13.5886,26.4253,340300000.0,44540.0,-19.79
IC 4298,Sc,13.6094,-26.5542,313400000.0,68370.0,-20.71
IC 4299,SBa,13.6131,-34.0658,191500000.0,52910.0,-20.14
IC 4300,E0,13.5903,33.4197,533900000.0,15530.0,-19.97
IC 4301,Sc,13.5931,33.3744,307200000.0,40210.0,-19.07
IC 4302,Sc,13.5931,33.4794,330900000.0,62570.0,-19.23
IC 4303,SBc,13.6217,-28.6578,106700000.0,15520.0,-17.27
IC 4304,Sb,13.5992,33.4297,337500000.0,58900.0,-20.07
IC 4305,E5,13.5994,33.4744,327000000.0,33290.0,-20.01
IC 4306,S0,13.6053,33.4242,332300000.0,24160.0,-19.24
IC 4307,S0,13.61,27.2428,488800000.0,49760.0,-20.78
IC 4309,Sc,13.6472,-29.6631,531300000.0,54090.0,-20.56
IC 4310,S0,13.6492,-25.8456,121100000.0,38740.0,-19.55
IC 4311,Sc,13.6689,-51.0364,189700000.0,27590.0,-19.72
IC 4312,S0,13.675,-51.0714,187700000.0,24570.0,-20.4
IC 4313,E0,13.6389,26.7603,406200000.0,23630.0,-19.88
IC 4314,E0,13.6403,26.7431,399400000.0,34860.0,-20.64
IC 4315,SBc,13.6675,-25.475,242000000.0,56320.0,-19.35
IC 4316,Irr,13.6717,-28.8919,14380000.0,2092.0,-13.22
IC 4317,S0,13.6958,27.1064,387700000.0,28200.0,-19.88
IC 4318,Sc,13.7228,-28.9686,409200000.0,65470.0,-20.89
IC 4319,Sc,13.7239,-29.8033,223100000.0,48670.0,-19.87
IC 4320,S0,13.7342,-27.2317,315900000.0,41350.0,-20.63
IC 4321,Sb,13.7419,-30.1397,218100000.0,25380.0,-19.03
IC 4322,E0,13.7289,25.3928,375500000.0,54610.0,-19.91
IC 4323,S0,13.7517,-28.6517,109400000.0,23860.0,-16.73
IC 4324,Sc,13.7575,-30.2272,228600000.0,26600.0,-19.43
IC 4325,SBc,13.7942,-29.4344,181200000.0,28990.0,-18.92
IC 4326,S0,13.8058,-29.6264,213600000.0,24850.0,-19.58
IC 4327,SBc,13.8119,-30.2181,210400000.0,30610.0,-19.55
IC 4328,Sb,13.8172,-29.9372,214900000.0,28130.0,-19.19
IC 4329,S0,13.8181,-30.2961,213400000.0,99340.0,-21.98
IC 4329A,Sa,13.8219,-30.31,225300000.0,45870.0,-20.3
IC 4330,SBc,13.7872,-28.3319,524100000.0,91460.0,-21.23
IC 4331,E0,13.8233,25.1542,676800000.0,49220.0,-20.78
IC 4332,S0,13.8311,25.19,390400000.0,45420.0,-20.29
IC 4333,S0,14.0886,-84.2731,120800000.0,28110.0,-17.74
IC 4334,S0,13.83,29.6939,527600000.0,38370.0,-20.64
IC 4336,SBb,13.8453,39.7069,112000000.0,22800.0,-17.98
IC 4337,S0,13.8719,14.2725,324300000.0,23590.0,-19.49
IC 4339,Sc,13.8928,37.5219,113100000.0,11520.0,-17.9
IC 4340,S0,13.8925,37.3867,344200000.0,50060.0,-20.12
IC 4342,Sc,13.9061,25.1525,386400000.0,44960.0,-19.97
IC 4343,S0,13.9153,25.1225,386400000.0,56200.0,-19.87
IC 4344,SBa,13.92,25.0214,412800000.0,48030.0,-20.11
IC 4345,E0,13.9203,25.0517,398400000.0,52160.0,-19.53
IC 4346,S0,13.9278,25.1528,398300000.0,52140.0,-20.13
IC 4348,E0,13.9292,25.2036,501200000.0,36450.0,-20.13
IC 4349,Sc,13.9294,25.1519,408800000.0,53520.0,-20.19
IC 4350,SBa,13.9536,-25.2458,286100000.0,66580.0,-21.01
IC 4351,Sb,13.9647,-29.3156,113900000.0,97770.0,-20.11
IC 4352,Sb,13.9736,-34.5175,239700000.0,62750.0,-20.73
IC 4354,Sb,13.975,-12.605,398300000.0,63720.0,-20.13
IC 4355,Sa,13.9683,28.4222,368500000.0,26800.0,-19.87
IC 4356,E0,13.9792,37.4911,663700000.0,28960.0,-20.54
IC 4357,Sc,14.0119,31.8942,204000000.0,32640.0,-19.18
IC 4358,Sc,14.0594,-10.1506,158400000.0,29940.0,-18.43
IC 4359,Sc,14.0897,-45.27,183800000.0,29410.0,-19.95
IC 4360,SBa,14.0725,-11.4244,494500000.0,43150.0,-19.9
IC 4361,S0,14.0686,-9.7678,293400000.0,29870.0,-19.07
IC 4362,SBc,14.0894,-41.8192,81260000.0,20090.0,-18.58
IC 4363,SBa,14.07,-9.6414,37380000.0,2718.0,-14.3
IC 4364,Sc,14.0719,-9.9928,428600000.0,43640.0,-20.09
IC 4366,SBc,14.0864,-33.7608,216300000.0,50340.0,-20.81
IC 4367,SBc,14.0933,-39.2031,193300000.0,50620.0,-20.86
IC 4368,E0,14.0794,-9.9617,486600000.0,56610.0,-20.77
IC 4369,Sc,14.0681,33.3214,860900000.0,50080.0,-20.91
IC 4370,S0,14.0692,33.3467,828900000.0,36170.0,-21.23
IC 4371,SBa,14.0694,33.3081,374300000.0,49000.0,-20.2
IC 4372,S0,14.0961,-10.8997,336900000.0,29400.0,-19.07
IC 4373,E0,14.0953,25.2319,398300000.0,23170.0,-19.83
IC 4374,S0,14.1247,-27.0181,301600000.0,70190.0,-21.23
IC 4377,Sa,14.2828,-75.6464,117000000.0,28930.0,-19.17
IC 4378,S0,14.2025,-34.265,189100000.0,22010.0,-19.32
IC 4379,Sc,14.2028,-34.2711,267600000.0,46700.0,-19.07
IC 4380,Sc,14.1672,37.5506,348100000.0,25320.0,-19.84
IC 4382,Sb,14.1839,25.5192,417700000.0,36450.0,-19.94
IC 4383,S0,14.2033,15.8689,244400000.0,24880.0,-19.07
IC 4384,Sa,14.1986,27.1144,472800000.0,61890.0,-20.81
IC 4386,SBc,14.2506,-43.9614,92990000.0,40580.0,-19.57
IC 4387,Irr,14.2503,-43.9903,331200000.0,52980.0,-20.13
IC 4388,Sb,14.2675,-31.7533,185100000.0,29620.0,-19.47
IC 4389,Sc,14.2794,-40.5531,462900000.0,60590.0,-20.66
IC 4390,SBc,14.2831,-44.9783,102800000.0,26900.0,-18.69
IC 4391,Sb,14.2742,-31.685,128000000.0,16750.0,-18.57
IC 4393,Sc,14.2969,-31.3483,122700000.0,42820.0,-18.28
IC 4395,Sb,14.2889,26.8575,497100000.0,72310.0,-21.01
IC 4396,Sb,14.2917,28.8,468300000.0,47680.0,-20.19
IC 4397,Sc,14.2994,26.4128,205900000.0,32940.0,-19.8
IC 4398,SBb,14.3008,28.8661,574400000.0,41770.0,-20.93
IC 4399,Sb,14.3067,26.3861,494100000.0,79040.0,-20.6
IC 4401,SBa,14.3236,-4.49,311100000.0,63350.0,-19.8
IC 4402,Sb,14.3533,-46.2983,76510000.0,46740.0,-19.75
IC 4403,SBb,14.3044,31.6539,199100000.0,31860.0,-19.03
IC 4405,Sb,14.3211,26.2983,499000000.0,65310.0,-21.12
IC 4408,Sb,14.3536,29.9939,417300000.0,60690.0,-20.53
IC 4409,Sc,14.3592,31.5856,467400000.0,54380.0,-20.58
IC 4410,Sb,14.3706,17.3978,267600000.0,27240.0,-19.07
IC 4413,E0,14.3825,37.5281,427300000.0,18640.0,-19.99
IC 4415,S0,14.4072,16.64,321700000.0,18720.0,-19.07
IC 4416,E0,14.4047,29.6361,712000000.0,41430.0,-21.0
IC 4417,S0,14.4147,17.0383,651900000.0,75850.0,-21.3
IC 4418,E0,14.4242,25.5269,486600000.0,42460.0,-20.77
IC 4419,E0,14.4317,16.6319,758600000.0,44140.0,-20.13
IC 4420,SBc,14.4275,25.3789,203100000.0,20670.0,-18.57
IC 4421,E0,14.4753,-37.5836,160800000.0,25720.0,-20.06
IC 4422,E0,14.4331,30.4739,409800000.0,47680.0,-20.3
IC 4423,Sc,14.4381,26.2456,413000000.0,66080.0,-20.21
IC 4425,Sb,14.4456,27.1897,412400000.0,35990.0,-20.31
IC 4426,E0,14.4547,16.8317,671700000.0,48850.0,-21.27
IC 4427,Sb,14.4497,26.8639,408200000.0,47490.0,-20.09
IC 4428,S0,14.4569,16.1908,336900000.0,24500.0,-19.07
IC 4429,E0,14.4603,16.9003,678200000.0,69050.0,-21.49
IC 4430,S0,14.4886,-33.455,129300000.0,43260.0,-19.99
IC 4432,S0,14.4803,-39.5519,437900000.0,70050.0,-19.24
IC 4433,Sc,14.4647,16.1953,706800000.0,30840.0,-20.58
IC 4434,S0,14.465,16.2078,697700000.0,101500.0,-21.25
IC 4435,S0,14.4567,37.4719,426000000.0,43370.0,-20.38
IC 4436,E0,14.4661,26.5042,442600000.0,64380.0,-20.76
IC 4438,Sc,14.4761,17.3342,444100000.0,32290.0,-19.07
IC 4439,Sc,14.4778,17.0247,293400000.0,21340.0,-19.07
IC 4440,S0,14.4831,17.3208,255500000.0,29730.0,-19.07
IC 4441,SBc,14.5272,-43.4183,95980000.0,20940.0,-20.14
IC 4442,SBa,14.4792,28.9647,196100000.0,28530.0,-18.5
IC 4443,Sc,14.4881,16.1814,321700000.0,42110.0,-19.07
IC 4445,Sc,14.5317,-46.0353,187800000.0,32780.0,-18.8
IC 4446,Sc,14.4836,37.4636,418100000.0,54730.0,-19.54
IC 4447,SBa,14.4881,30.8325,199000000.0,34740.0,-19.33
IC 4448,SBc,14.6742,-78.8092,209300000.0,30450.0,-20.14
IC 4449,S0,14.5225,15.2406,424100000.0,30840.0,-19.07
IC 4450,Sc,14.5367,28.5572,414000000.0,72260.0,-20.32
IC 4451,E0,14.5769,-36.2861,155900000.0,40810.0,-20.7
IC 4452,Sa,14.5408,27.4272,200100000.0,14550.0,-18.94
IC 4453,S0,14.5744,-27.5181,169300000.0,54160.0,-20.38
IC 4454,S0,14.5544,17.7122,641900000.0,46680.0,-19.07
IC 4456,S0,14.5692,16.1842,336900000.0,24500.0,-19.07
IC 4457,E0,14.5744,18.2244,602600000.0,26290.0,-20.13
IC 4459,Sb,14.5756,30.9739,392500000.0,28540.0,-19.9
IC 4460,Sa,14.5767,30.2792,395600000.0,28770.0,-19.62
IC 4461,Sb,14.5836,26.5442,408100000.0,77160.0,-20.29
IC 4462,S0,14.5844,26.5414,401000000.0,17500.0,-18.65
IC 4463,E0,14.5969,16.0194,489200000.0,28460.0,-20.78
IC 4464,S0,14.63,-36.8786,204800000.0,47670.0,-21.19
IC 4465,S0,14.5975,15.5731,386800000.0,22500.0,-19.07
IC 4466,Sa,14.6131,18.3431,653200000.0,95010.0,-21.01
IC 4467,E0,14.6147,18.3711,724500000.0,42150.0,-20.13
IC 4468,SBc,14.6406,-22.3672,119100000.0,38110.0,-19.01
IC 4469,Sc,14.6222,18.2489,269100000.0,62630.0,-18.98
IC 4470,S0,14.4728,78.8861,304500000.0,44280.0,-19.65
IC 4472,Sc,14.6694,-44.3156,128000000.0,40950.0,-19.07
IC 4473-1,S0,14.6317,15.8636,267600000.0,27240.0,-19.07
IC 4473-2,S0,14.6317,15.8608,267600000.0,19460.0,-19.07
IC 4474,SBa,14.6394,23.4289,415400000.0,36250.0,-19.53
IC 4475,S0,14.6397,23.3342,406200000.0,53170.0,-20.58
IC 4476,E0,14.6642,-16.2447,122700000.0,10700.0,-17.58
IC 4477,SBb,14.6431,28.4589,619200000.0,45030.0,-20.79
IC 4478,E0,14.6533,15.8781,246200000.0,21480.0,-19.39
IC 4479,Sc,14.6458,28.5058,614200000.0,116100.0,-21.87
IC 4480,E0,14.6625,18.4922,407500000.0,29640.0,-20.08
IC 4481,S0,14.6694,16.1417,424100000.0,18500.0,-19.07
IC 4482,E0,14.67,18.9436,284600000.0,24840.0,-19.4
IC 4483,Sb,14.6719,16.685,409300000.0,89300.0,-20.59
IC 4484,Sc,14.7956,-73.3069,197100000.0,74540.0,-19.21
IC 4485,Sb,14.6753,28.6694,603400000.0,52660.0,-20.74
IC 4486,S0,14.6944,18.5575,407500000.0,23710.0,-20.28
IC 4487,Sc,14.6978,18.5769,267600000.0,31130.0,-19.07
IC 4488,E0,14.7144,18.6206,691900000.0,30190.0,-20.13
IC 4489,E0,14.7211,18.5286,691900000.0,30190.0,-20.13
IC 4492,E0,14.7092,37.4528,183800000.0,8021.0,-18.75
IC 4494,S0,14.7408,15.4811,653200000.0,57000.0,-21.51
IC 4495,S0,14.7372,23.5586,293400000.0,21340.0,-19.07
IC 4496,S0,14.7317,33.4072,391700000.0,56970.0,-20.4
IC 4497,E0,14.7389,28.5511,173100000.0,12590.0,-18.52
IC 4498,S0,14.75,26.3,422900000.0,30750.0,-20.16
IC 4500,E0,14.7431,37.4828,187800000.0,8195.0,-18.1
IC 4501,S0,14.7903,-22.4058,146600000.0,21320.0,-18.96
IC 4502,S0,14.7542,37.2997,307200000.0,31280.0,-19.07
IC 4503,S0,14.7775,16.1464,462900000.0,53860.0,-20.96
IC 4504,S0,14.7767,31.6997,452700000.0,19750.0,-20.31
IC 4505,S0,14.7758,33.4092,408000000.0,71210.0,-20.69
IC 4506,S0,14.7775,33.4017,389100000.0,16980.0,-19.58
IC 4507,S0,14.795,18.4558,280200000.0,32600.0,-19.07
IC 4508-1,Sa,14.7972,31.7653,592500000.0,34470.0,-21.0
IC 4508-2,E0,14.7975,31.7681,592500000.0,17240.0,-19.8
IC 4509,Sb,14.8075,31.7914,135900000.0,17780.0,-18.3
IC 4512,E0,14.8317,27.7003,394300000.0,22940.0,-19.41
IC 4514,SBb,14.8486,27.5786,411100000.0,53810.0,-20.3
IC 4515,S0,14.8517,37.4953,419400000.0,42700.0,-19.75
IC 4516,E0,14.9064,16.3558,617800000.0,89850.0,-21.99
IC 4517,Sb,14.9097,23.6431,235600000.0,17130.0,-18.79
IC 4518-1,Sc,14.9614,-43.1314,209100000.0,27370.0,-19.03
IC 4518-2,Sc,14.9614,-43.1236,209100000.0,39530.0,-17.03
IC 4518-3,Sc,14.9625,-43.1311,209100000.0,66890.0,-19.73
IC 4519,SBa,14.9122,37.4131,411500000.0,41890.0,-20.1
IC 4520,Sb,14.9186,33.7244,406200000.0,23630.0,-19.38
IC 4521,Sc,14.9908,25.5833,433900000.0,31550.0,-20.22
IC 4522,Sb,15.1914,-75.8589,130600000.0,37990.0,-19.51
IC 4523,SBc,15.0861,-43.5097,219400000.0,63820.0,-20.24
IC 4524,Sc,15.035,25.6006,280200000.0,20380.0,-19.07
IC 4525,SBc,15.04,25.6378,435300000.0,25320.0,-19.93
IC 4526,S0,15.0439,23.3511,603400000.0,35110.0,-19.74
IC 4527,SBc,15.0947,-42.4489,227600000.0,43040.0,-20.52
IC 4528,S0,15.0258,49.1131,418600000.0,42620.0,-20.24
IC 4529,Sc,15.1069,-43.2333,234300000.0,23850.0,-19.28
IC 4530,S0,15.0625,26.1,424100000.0,61680.0,-20.27
IC 4531,E0,15.0739,23.4156,524900000.0,61070.0,-20.13
IC 4532,S0,15.0814,23.2564,255500000.0,29730.0,-19.07
IC 4533,Sa,15.075,27.7933,455500000.0,66250.0,-20.92
IC 4534,S0,15.1114,23.6417,219700000.0,47920.0,-19.64
IC 4535,S0,15.1447,37.5703,399600000.0,23250.0,-18.94
IC 4536,Irr,15.2214,-18.1375,109700000.0,35100.0,-18.93
IC 4537,E0,15.2922,2.0478,380200000.0,16590.0,-20.13
IC 4538,SBc,15.3531,-23.6583,112200000.0,42450.0,-19.98
IC 4539,SBa,15.3086,32.3928,808500000.0,47040.0,-20.67
IC 4541,Sb,15.4986,-70.5839,208400000.0,69700.0,-19.83
IC 4542,SBa,15.3681,33.1486,419400000.0,48800.0,-20.45
IC 4542B,S0,15.3683,33.1469,321700000.0,14040.0,-19.07
IC 4545,SBc,15.6911,-81.6264,119900000.0,33140.0,-18.83
IC 4546,SBc,15.4494,28.8519,469400000.0,47790.0,-20.59
IC 4547,S0,15.4542,28.7894,461400000.0,46970.0,-20.45
IC 4548,E0,15.4564,28.8503,852800000.0,37210.0,-20.49
IC 4549,Sc,15.4872,32.8258,410200000.0,29830.0,-19.9
IC 4554,S0,15.5844,23.4797,476000000.0,20770.0,-19.12
IC 4555,SBc,15.8039,-78.1794,119600000.0,33060.0,-19.32
IC 4556,E0,15.5894,25.2978,453700000.0,52790.0,-20.82
IC 4557,S0,15.5767,39.7294,293400000.0,17070.0,-19.07
IC 4558,S0,15.5961,25.3453,255500000.0,11150.0,-19.07
IC 4559,E0,15.5981,25.3417,460200000.0,26780.0,-20.45
IC 4560,S0,15.5983,39.8147,858000000.0,49910.0,-20.4
IC 4561,S0,15.6131,25.4164,451000000.0,26240.0,-20.5
IC 4562,E0,15.5992,43.4931,258000000.0,45030.0,-20.79
IC 4562A,E0,15.6006,43.5039,255400000.0,11140.0,-19.07
IC 4563,S0,15.6008,39.8317,190500000.0,22160.0,-18.73
IC 4564,Sc,15.6072,43.5186,256400000.0,48490.0,-20.08
IC 4565,Sc,15.6097,43.4253,258100000.0,33790.0,-19.69
IC 4566,Sb,15.6117,43.5397,252800000.0,58820.0,-20.35
IC 4567,Sc,15.6203,43.2978,259100000.0,52750.0,-21.0
IC 4568,Sb,15.6686,28.1519,422800000.0,36900.0,-20.26
IC 4569,S0,15.68,28.2925,442600000.0,57940.0,-20.76
IC 4570,Sc,15.6894,28.2292,433700000.0,56780.0,-20.62
IC 4571,SBb,15.8142,-67.3236,218500000.0,44490.0,-20.73
IC 4572,SBa,15.6983,28.1336,439000000.0,63850.0,-20.64
IC 4573,S0,15.7033,23.8003,316400000.0,18410.0,-19.43
IC 4574,Sa,15.6997,28.24,429900000.0,18760.0,-19.9
IC 4575,Sa,15.7053,23.8081,303200000.0,30860.0,-19.34
IC 4576,S0,15.7097,23.6706,299200000.0,43510.0,-20.21
IC 4577,E0,15.7125,23.7931,312400000.0,36350.0,-19.61
IC 4578,SBb,15.8864,-74.8256,206000000.0,35950.0,-20.3
IC 4579,S0,15.7142,23.7736,311100000.0,31670.0,-19.5
IC 4580,SBa,15.7206,28.3564,431100000.0,37620.0,-20.21
IC 4581,SBc,15.7336,28.2767,449200000.0,58800.0,-20.59
IC 4582,SBc,15.7608,28.0886,100300000.0,18960.0,-17.54
IC 4583,S0,15.7725,23.8089,278000000.0,40430.0,-19.45
IC 4584,Sc,16.0033,-66.3825,163100000.0,42710.0,-18.49
IC 4585,SBb,16.0047,-66.3225,165700000.0,62660.0,-20.53
IC 4587,E0,15.9975,25.9411,588200000.0,34220.0,-20.98
IC 4588,E0,16.0844,23.9167,702900000.0,30670.0,-20.67
IC 4590,E0,16.1392,28.4786,663700000.0,28960.0,-20.84
IC 4595,Sc,16.3453,-70.1425,154800000.0,60790.0,-20.68
IC 4596,SBb,16.2675,-22.6247,340200000.0,74220.0,-19.59
IC 4597,Sa,16.2942,-34.3661,193100000.0,33710.0,-19.46
IC 4598,Sc,16.3036,-31.4414,161200000.0,35160.0,-18.47
IC 4600,Sa,16.2681,-22.7831,405000000.0,23560.0,-19.07
IC 4607-1,E0,16.5042,24.5744,549600000.0,31970.0,-20.13
IC 4607-2,S0,16.5044,24.5711,533900000.0,15530.0,-19.07
IC 4608,Irr,16.7817,-77.4892,132500000.0,17350.0,-18.84
IC 4609,S0,16.5503,22.7981,480000000.0,55850.0,-20.54
IC 4610,S0,16.5608,39.2575,429900000.0,37520.0,-19.6
IC 4611,E0,16.5617,39.1856,394300000.0,28680.0,-19.41
IC 4612,S0,16.5636,39.2633,423400000.0,36940.0,-20.37
IC 4614,Sa,16.6297,36.1147,435200000.0,50640.0,-20.23
IC 4617,Sb,16.7022,36.6842,483900000.0,84460.0,-19.86
IC 4618,SBc,16.9639,-76.9925,136300000.0,33710.0,-20.41
IC 4619,S0,16.7364,17.7589,456300000.0,33180.0,-20.83
IC 4620,SBb,16.8083,19.3056,460200000.0,33470.0,-20.15
IC 4621,Sb,16.8475,8.7842,422800000.0,55350.0,-20.76
IC 4623,Sc,16.8514,22.5275,420700000.0,42830.0,-20.15
IC 4624,E0,16.8592,17.4489,436600000.0,25400.0,-20.13
IC 4627,Irr,16.9022,-7.6358,460200000.0,53550.0,-20.25
IC 4630,S0,16.9192,26.6633,462200000.0,53790.0,-21.06
IC 4633,Sc,17.2297,-77.5358,130700000.0,76010.0,-19.31
IC 4635,SBb,17.2611,-77.4892,143700000.0,62680.0,-18.42
IC 4638,SBc,17.0203,33.5139,392700000.0,45690.0,-19.8
IC 4639,E0,17.0483,22.9306,757700000.0,44080.0,-20.33
IC 4640,SBc,17.3992,-80.0633,215200000.0,28170.0,-19.9
IC 4641,Sc,17.4028,-80.1472,236600000.0,44740.0,-20.5
IC 4644,Sb,17.4097,-73.9386,218300000.0,60340.0,-19.23
IC 4645,E0,17.2453,43.1042,478700000.0,27850.0,-20.13
IC 4646,Sc,17.3981,-60.0003,143300000.0,58360.0,-20.61
IC 4647,S0,17.4344,-80.195,216400000.0,50350.0,-19.81
IC 4652,Sb,17.4406,-59.7283,180600000.0,21010.0,-19.52
IC 4653,SBa,17.4519,-60.8792,85330000.0,13650.0,-18.89
IC 4654,SBc,17.6186,-74.3811,234900000.0,54660.0,-20.39
IC 4656,Sc,17.6289,-63.7297,209800000.0,70190.0,-20.34
IC 4660,S0,17.3625,75.8486,53740000.0,10160.0,-16.68
IC 4661,Sc,17.8506,-74.0328,219200000.0,51000.0,-21.24
IC 4662,Irr,17.7856,-64.6419,7958000.0,3704.0,-15.24
IC 4662A,SBc,17.86,-64.9594,667400000.0,135900.0,-22.05
IC 4664,SBb,17.8161,-63.2539,223300000.0,58460.0,-20.58
IC 4669,SBb,17.7867,61.4339,387100000.0,39410.0,-20.47
IC 4672,Sc,18.0372,-62.8322,225000000.0,29450.0,-18.89
IC 4674,SBc,18.1369,-62.395,191900000.0,30700.0,-18.95
IC 4676,S0,18.0481,11.8231,280200000.0,12230.0,-19.07
IC 4679,SBc,18.19,-56.2536,160200000.0,51270.0,-19.96
IC 4680,SBb,18.2247,-64.4761,193300000.0,47790.0,-19.96
IC 4682,SBc,18.2736,-71.5819,234200000.0,78340.0,-20.98
IC 4686,S0,18.2272,-57.7322,219800000.0,19180.0,-19.44
IC 4687,Sb,18.2275,-57.7256,230500000.0,30170.0,-19.95
IC 4688,Sc,18.1364,11.7119,269300000.0,58750.0,-20.18
IC 4689,Sa,18.2278,-57.7483,233700000.0,30590.0,-19.18
IC 4691,S0,18.1458,11.8289,276700000.0,32190.0,-19.14
IC 4692,SBc,18.2472,-58.6942,213300000.0,55850.0,-19.78
IC 4694,SBc,18.2575,-58.2083,110700000.0,37030.0,-18.85
IC 4696,Sc,18.3383,-64.7328,149900000.0,52340.0,-19.81
IC 4697,S0,18.2075,25.4272,218300000.0,28580.0,-18.93
IC 4698,Sc,18.35,-63.3475,183800000.0,34740.0,-18.45
IC 4702,SBa,18.3842,-59.2389,203700000.0,44440.0,-19.98
IC 4704,S0,18.4647,-71.6092,164100000.0,35790.0,-20.41
IC 4705,SBa,18.4694,-71.6931,131400000.0,22930.0,-19.23
IC 4708,E0,18.2294,61.1569,364000000.0,15880.0,-19.84
IC 4709,Sb,18.4053,-56.3686,225000000.0,36000.0,-19.79
IC 4710,Irr,18.4772,-66.9831,32620000.0,17080.0,-17.5
IC 4712,Sc,18.5183,-71.6939,162600000.0,54390.0,-20.39
IC 4713,Irr,18.4994,-67.2244,246800000.0,39490.0,-20.09
IC 4714,Sc,18.5153,-66.6528,166900000.0,31550.0,-18.44
IC 4716,SBa,18.5458,-56.9619,336900000.0,29400.0,-19.07
IC 4717,Sb,18.5547,-57.975,140300000.0,32640.0,-18.97
IC 4718,Sb,18.5639,-60.1286,166800000.0,31540.0,-19.74
IC 4719,Irr,18.5531,-56.7328,141500000.0,28810.0,-19.59
IC 4720,SBc,18.5589,-58.4047,95760000.0,36210.0,-18.74
IC 4721,SBc,18.5733,-58.4972,98520000.0,74510.0,-19.9
IC 4721A,E0,18.5739,-58.5336,271600000.0,19750.0,-20.1
IC 4722,Sc,18.5753,-57.7933,217000000.0,50500.0,-20.41
IC 4723,S0,18.5989,-63.3767,147900000.0,12910.0,-18.58
IC 4724,S0,18.6444,-70.1256,175900000.0,20460.0,-18.56
IC 4726,S0,18.6161,-62.8542,199000000.0,26050.0,-19.23
IC 4727,S0,18.6319,-62.7003,195400000.0,31270.0,-19.79
IC 4728,SBb,18.6325,-62.5308,207900000.0,60480.0,-19.72
IC 4729,SBc,18.6656,-67.4261,196300000.0,45680.0,-20.5
IC 4730,SBa,18.6472,-63.3503,198900000.0,40500.0,-19.43
IC 4731,SBa,18.645,-62.9433,200400000.0,43730.0,-21.14
IC 4734,SBb,18.6403,-57.4906,204400000.0,38640.0,-19.78
IC 4735,Sa,18.6639,-62.9558,203700000.0,20740.0,-18.48
IC 4736,SBc,18.6442,-57.8931,297000000.0,43200.0,-20.2
IC 4737,SBa,18.6661,-62.5972,215900000.0,25120.0,-19.1
IC 4738,Sc,18.6742,-61.9017,211900000.0,36980.0,-18.76
IC 4739,Sc,18.6808,-61.9011,233000000.0,33900.0,-19.07
IC 4740,SBc,18.7167,-68.36,251500000.0,32920.0,-19.14
IC 4741,Sb,18.6953,-63.9475,219500000.0,44700.0,-20.34
IC 4742,E1,18.6978,-63.8617,212800000.0,52620.0,-20.97
IC 4743,S0,18.6914,-61.7719,213100000.0,24790.0,-19.18
IC 4744,Irr,18.6986,-63.2233,508900000.0,44410.0,-20.67
IC 4745,Sb,18.7097,-64.9431,209800000.0,67120.0,-20.14
IC 4746,Irr,18.7653,-72.6711,549600000.0,39970.0,-20.13
IC 4747,S0,18.7658,-72.6297,239300000.0,38280.0,-19.43
IC 4748,S0,18.7125,-64.0722,206100000.0,23980.0,-19.7
IC 4749,S0,18.7136,-63.2089,194900000.0,19840.0,-19.58
IC 4750,Sa,18.7172,-62.9711,213000000.0,34080.0,-18.97
IC 4751,S0,18.7219,-62.1117,212600000.0,30920.0,-19.97
IC 4752,S0,18.7297,-64.0817,227600000.0,23180.0,-18.72
IC 4753,E0,18.7258,-62.1078,165800000.0,16880.0,-19.43
IC 4754,SBb,18.7333,-61.9892,219300000.0,41460.0,-19.74
IC 4755,Sb,18.75,-63.6917,206400000.0,39030.0,-18.91
IC 4757,Sa,18.7322,-57.1675,151700000.0,19860.0,-18.74
IC 4758,Sc,18.7717,-65.7567,214000000.0,34230.0,-19.88
IC 4759,Irr,18.7614,-63.0864,219700000.0,28750.0,-18.74
IC 4760,S0,18.7625,-62.9581,229000000.0,26640.0,-19.13
IC 4761,SBc,18.7319,-52.8533,221200000.0,51470.0,-20.26
IC 4763,E0,18.5583,67.1369,292800000.0,17030.0,-20.67
IC 4764,Sa,18.7853,-63.4844,172500000.0,32620.0,-18.92
IC 4765,E0,18.7883,-63.3311,206800000.0,105300.0,-21.71
IC 4766,Sa,18.7931,-63.2922,221400000.0,38640.0,-19.96
IC 4767,Sa,18.7947,-63.4053,159100000.0,34710.0,-19.04
IC 4769,SBc,18.7956,-63.1572,199300000.0,55070.0,-19.83
IC 4770,Sa,18.8028,-63.3836,223300000.0,25980.0,-18.68
IC 4771,Sc,18.8064,-63.2478,214300000.0,34280.0,-18.89
IC 4772,E0,18.6656,40.0269,315100000.0,18330.0,-20.02
IC 4773,SBc,18.8558,-69.9261,181600000.0,42260.0,-19.33
IC 4774,SBc,18.8028,-57.9356,455500000.0,72880.0,-21.22
IC 4775,Sb,18.8072,-57.1836,156600000.0,36430.0,-18.71
IC 4777,SBa,18.8031,-53.1469,245100000.0,32090.0,-19.78
IC 4778,SBa,18.8333,-61.7192,221000000.0,38570.0,-20.05
IC 4779,Sb,18.8417,-63.0131,223700000.0,29280.0,-19.28
IC 4780,S0,18.8322,-59.2536,278000000.0,32350.0,-19.75
IC 4781,Sa,18.8603,-62.7928,206400000.0,27020.0,-18.81
IC 4782,Sc,18.8483,-55.4911,127600000.0,25990.0,-18.26
IC 4783,Sc,18.8592,-58.8133,207900000.0,33260.0,-19.42
IC 4784,S0,18.88,-63.2594,216200000.0,44020.0,-20.41
IC 4785,SBb,18.8819,-59.255,152300000.0,68650.0,-20.34
IC 4786,S0,18.8789,-56.695,321700000.0,37430.0,-19.07
IC 4787,Irr,18.9342,-68.6825,187500000.0,35460.0,-19.2
IC 4788,Sc,18.9111,-63.4525,178500000.0,41540.0,-17.69
IC 4789,Sc,18.9383,-68.5672,134100000.0,29260.0,-19.07
IC 4790,Sc,18.9422,-64.9283,190200000.0,33200.0,-19.83
IC 4791,E0,18.8169,19.3317,501200000.0,36450.0,-20.13
IC 4792,S0,18.9283,-56.4039,212500000.0,37100.0,-19.07
IC 4793,Sc,18.9486,-61.3997,198400000.0,34630.0,-19.42
IC 4794,S0,18.9525,-62.0903,232900000.0,30490.0,-20.17
IC 4795,S0,18.9544,-61.6089,205100000.0,32810.0,-18.19
IC 4796,S0,18.9408,-54.2133,133100000.0,30980.0,-19.75
IC 4797,E0,18.9414,-54.3047,106200000.0,32430.0,-20.26
IC 4798,S0,18.9725,-62.1178,200800000.0,43810.0,-20.75
IC 4799,SBb,18.9822,-63.9306,53470000.0,11670.0,-17.07
IC 4800,SBa,18.9786,-63.1392,202700000.0,53070.0,-20.87
IC 4801,Sa,18.9939,-64.6747,196100000.0,51350.0,-20.3
IC 4803-1,SBc,19.0142,-62.0611,220300000.0,38440.0,-18.45
IC 4803-2,S0,19.015,-62.0608,220300000.0,22430.0,-18.15
IC 4803-3,S0,19.0108,-62.065,220300000.0,25630.0,-18.55
IC 4804,Sc,19.0186,-61.8331,193800000.0,33830.0,-19.07
IC 4805,S0,19.0336,-63.0475,197100000.0,37270.0,-19.01
IC 4806,Sb,19.025,-57.5325,195600000.0,65440.0,-20.69
IC 4807,SBc,19.0381,-56.93,155700000.0,22650.0,-19.19
IC 4808,Sc,19.0186,-45.3142,222600000.0,64760.0,-21.17
IC 4809,E0,19.0681,-62.1942,363100000.0,52810.0,-20.13
IC 4810,SBc,19.05,-56.1603,144500000.0,73580.0,-19.43
IC 4811,S0,19.0956,-67.1342,206400000.0,18010.0,-18.21
IC 4813,E0,19.0947,-66.5228,195500000.0,39810.0,-19.39
IC 4814,S0,19.0831,-58.5797,197100000.0,31530.0,-19.61
IC 4815,S0,19.1139,-61.7011,161200000.0,18760.0,-19.07
IC 4816,S0,19.0289,-13.1472,533900000.0,15530.0,-19.07
IC 4817,SBc,19.1033,-56.1592,136800000.0,31840.0,-18.61
IC 4818,SBa,19.1006,-55.1361,255500000.0,55750.0,-19.07
IC 4819,Sc,19.1186,-59.4672,81380000.0,34330.0,-17.88
IC 4820,SBc,19.1536,-63.4656,174400000.0,32970.0,-18.84
IC 4821,Sc,19.1589,-55.0164,118700000.0,31070.0,-19.2
IC 4822,S0,19.2458,-72.4411,212500000.0,21640.0,-19.07
IC 4823-1,S0,19.2044,-63.9758,492400000.0,78770.0,-21.19
IC 4823-2,S0,19.2039,-63.9836,492400000.0,35810.0,-20.39
IC 4824,Irr,19.2206,-62.0886,40370000.0,9982.0,-13.66
IC 4825,S0,19.2875,-72.7489,280200000.0,16300.0,-19.07
IC 4826,Sb,19.2058,-57.2025,151900000.0,30940.0,-18.84
IC 4827,Sb,19.2225,-60.8594,178600000.0,72750.0,-20.39
IC 4828,S0,19.2278,-62.0822,172400000.0,27590.0,-18.82
IC 4829,Sb,19.2092,-56.54,152400000.0,42120.0,-18.65
IC 4830,SBc,19.23,-59.2944,200600000.0,49590.0,-20.94
IC 4831,Sb,19.2456,-62.2719,170700000.0,86920.0,-21.09
IC 4832,Sb,19.2342,-56.6097,151200000.0,48390.0,-19.53
IC 4833,Irr,19.2614,-62.3292,158600000.0,16150.0,-18.73
IC 4834,S0,19.2753,-64.0064,193800000.0,31010.0,-19.07
IC 4835,S0,19.2575,-58.2375,214400000.0,24940.0,-19.39
IC 4836,SBc,19.2717,-60.2,204600000.0,44640.0,-20.69
IC 4837,SBc,19.2539,-54.6619,116100000.0,35470.0,-19.76
IC 4837A,Sb,19.2542,-54.1331,175000000.0,104300.0,-21.05
IC 4838,Irr,19.2794,-61.6139,190600000.0,36030.0,-19.63
IC 4839,SBc,19.2592,-54.6264,245400000.0,78520.0,-21.18
IC 4840,SBa,19.2642,-56.2086,180200000.0,28830.0,-19.41
IC 4841,Sc,19.345,-72.2264,203000000.0,29520.0,-19.07
IC 4842,E0,19.3233,-60.6442,181000000.0,39480.0,-20.32
IC 4843,SBa,19.3225,-59.3092,177200000.0,33500.0,-18.57
IC 4844,SBb,19.3172,-56.0269,157200000.0,32010.0,-19.41
IC 4845,SBb,19.3394,-60.3889,173500000.0,37850.0,-21.23
IC 4847,S0,19.3919,-65.5064,189600000.0,24820.0,-18.82
IC 4848,S0,19.3817,-56.7806,203000000.0,20660.0,-19.07
IC 4849,S0,19.4264,-62.9328,411400000.0,65820.0,-21.0
IC 4851,SBb,19.4247,-57.6708,197400000.0,45930.0,-19.71
IC 4852,SBc,19.4403,-60.3361,200000000.0,43630.0,-20.34
IC 4853,S0,19.5131,-71.0703,203000000.0,32470.0,-19.07
IC 4854,Sc,19.4558,-59.315,183700000.0,34740.0,-19.95
IC 4856,Irr,19.4583,-54.9086,139800000.0,26430.0,-18.66
IC 4857,SBc,19.4775,-58.7681,206900000.0,54160.0,-20.21
IC 4859,SBa,19.5128,-66.3136,227600000.0,36420.0,-19.42
IC 4860,SBc,19.5242,-67.3681,214300000.0,31170.0,-19.39
IC 4861,Sc,19.4878,-57.5761,227600000.0,36420.0,-18.72
IC 4862,SBc,19.5278,-67.3228,232100000.0,47250.0,-19.66
IC 4864,SBa,19.6683,-77.5572,269400000.0,58780.0,-19.68
IC 4866,Sb,19.5761,-61.1458,184200000.0,40200.0,-19.86
IC 4869,Irr,19.6006,-61.0281,77040000.0,12330.0,-18.27
IC 4870,Irr,19.6269,-65.8111,37340000.0,8689.0,-15.79
IC 4871,SBc,19.595,-57.5189,85040000.0,43290.0,-18.08
IC 4873,Sc,19.5817,-46.1361,252800000.0,44130.0,-19.45
IC 4874,Sc,19.6058,-47.2658,250200000.0,43660.0,-19.62
IC 4875,Irr,19.6272,-52.0753,142600000.0,14520.0,-18.7
IC 4876,SBc,19.6283,-52.8431,248500000.0,46990.0,-20.11
IC 4877,S0,19.6319,-51.9914,176800000.0,33430.0,-19.07
IC 4878,S0,19.6469,-58.2272,239600000.0,52260.0,-19.23
IC 4879,S0,19.66,-52.3689,235600000.0,30840.0,-19.79
IC 4880,SBa,19.675,-56.4097,232600000.0,57500.0,-19.97
IC 4881,SBc,19.6739,-55.8575,213000000.0,27880.0,-19.47
IC 4882,SBb,19.6731,-55.1964,176800000.0,25710.0,-19.07
IC 4883,SBb,19.7,-55.5453,197200000.0,40160.0,-19.31
IC 4884,S0,19.7114,-58.1286,185100000.0,35000.0,-19.07
IC 4885,Sc,19.7308,-60.6514,187800000.0,51900.0,-19.2
IC 4886,Sb,19.7206,-51.8072,572900000.0,116700.0,-22.02
IC 4887,SBa,19.8058,-69.5869,147000000.0,21390.0,-19.07
IC 4888,S0,19.7478,-54.4564,110800000.0,16110.0,-17.95
IC 4889,E5,19.7542,-54.3436,90790000.0,29050.0,-20.12
IC 4890,SBb,19.7597,-56.5447,237700000.0,38030.0,-19.61
IC 4892,Sc,19.8253,-70.2278,179600000.0,41800.0,-18.3
IC 4893,E0,19.8422,-72.51,602600000.0,43820.0,-20.13
IC 4894,SBb,19.7828,-51.8467,373500000.0,48890.0,-20.69
IC 4896,Sb,19.8181,-58.9814,255500000.0,33450.0,-19.07
IC 4897,SBb,19.8219,-51.8678,573300000.0,66700.0,-20.62
IC 4899,S0,19.9072,-70.5897,187700000.0,27300.0,-19.3
IC 4900-1,S0,19.8394,-51.3458,369400000.0,37600.0,-19.07
IC 4900-2,S0,19.8397,-51.3408,533900000.0,23290.0,-19.07
IC 4901,Sc,19.9064,-58.7133,91880000.0,50780.0,-19.95
IC 4902,S0,19.9067,-56.3794,352700000.0,35910.0,-19.07
IC 4903,Sb,19.9703,-70.4533,233000000.0,47450.0,-19.07
IC 4904,S0,19.9775,-70.1844,193800000.0,28190.0,-19.07
IC 4905,S0,19.935,-61.2208,705500000.0,143700.0,-20.77
IC 4906,S0,19.9464,-60.4686,164200000.0,38210.0,-20.51
IC 4907,S0,19.9369,-52.4536,663700000.0,48260.0,-20.44
IC 4908,S0,19.9489,-55.7911,234000000.0,20420.0,-19.28
IC 4909,Sc,19.9458,-50.0553,355600000.0,46550.0,-20.59
IC 4910,SBa,19.9631,-56.8633,280200000.0,20380.0,-19.07
IC 4911,S0,19.9614,-51.9864,445000000.0,38830.0,-19.57
IC 4912,Sc,20.1136,-77.3575,272400000.0,43570.0,-19.11
IC 4913,S0,19.9464,-37.3286,161200000.0,25800.0,-19.47
IC 4914,S0,19.9656,-50.1311,330900000.0,24070.0,-19.13
IC 4915,S0,19.9753,-52.6425,681300000.0,99080.0,-21.8
IC 4916,Sb,19.9719,-50.2719,214800000.0,21870.0,-19.69
IC 4917-1,S0,19.9817,-52.2731,654500000.0,76160.0,-21.21
IC 4917-2,S0,19.98,-52.2764,654500000.0,47600.0,-20.51
IC 4918,S0,19.9869,-52.275,1114000000.0,81030.0,-21.57
IC 4919,SBc,20.0025,-55.3739,212600000.0,46380.0,-19.07
IC 4920,S0,20.0022,-53.3842,444100000.0,38750.0,-19.07
IC 4921,S0,20.0553,-67.8258,244000000.0,24840.0,-19.07
IC 4923,S0,20.0158,-52.6319,293500000.0,42690.0,-20.27
IC 4925,S0,20.0192,-52.8667,545700000.0,71430.0,-19.72
IC 4926,E0,20.0033,-38.5781,240300000.0,41930.0,-20.64
IC 4927,Sb,20.0303,-53.9183,272900000.0,47630.0,-19.51
IC 4928,S0,20.1697,-77.3092,578500000.0,58900.0,-19.74
IC 4929,Sb,20.1117,-71.6811,186300000.0,37940.0,-19.48
IC 4931,E0,20.0139,-38.575,256700000.0,89610.0,-21.58
IC 4932,Sa,20.0375,-52.8467,623200000.0,72520.0,-20.91
IC 4933,SBc,20.0578,-54.98,211700000.0,58500.0,-21.06
IC 4934,Sc,20.1206,-69.4803,150300000.0,34980.0,-18.42
IC 4935,SBa,20.0761,-57.5986,199400000.0,49310.0,-19.93
IC 4936,SBc,20.0978,-61.4283,173800000.0,37910.0,-19.03
IC 4937,Sb,20.0881,-56.2561,203000000.0,56090.0,-19.07
IC 4938,SBb,20.1031,-60.2111,160700000.0,30390.0,-20.06
IC 4939,Sc,20.1197,-60.7383,165400000.0,31280.0,-18.43
IC 4941,SBc,20.1161,-53.6528,267600000.0,35030.0,-19.07
IC 4942,SBb,20.1136,-52.6103,386800000.0,39380.0,-19.07
IC 4943,E0,20.1078,-48.3758,132700000.0,27030.0,-19.45
IC 4944,Sa,20.1192,-54.4467,251000000.0,36510.0,-19.83
IC 4945,Sb,20.1881,-71.0128,181800000.0,31730.0,-18.93
IC 4946,SBa,20.3994,-43.9953,122900000.0,42910.0,-20.28
IC 4947,E0,20.1253,-53.1428,620800000.0,72240.0,-21.3
IC 4950,SBc,20.1408,-56.1619,189600000.0,35860.0,-18.62
IC 4951,SBc,20.1586,-61.8503,32350000.0,12700.0,-15.98
IC 4952,Sa,20.1436,-55.4533,186300000.0,35230.0,-19.78
IC 4953,S0,20.1667,-62.7919,410200000.0,35790.0,-19.8
IC 4956,E0,20.1919,-45.5931,223900000.0,55350.0,-20.88
IC 4957,SBb,20.1597,-55.7089,435200000.0,56970.0,-20.33
IC 4958,S0,20.2597,-72.7114,177200000.0,7731.0,-17.67
IC 4960,S0,20.2567,-70.5369,152700000.0,24440.0,-18.85
IC 4961,SBc,20.1911,-53.1256,247300000.0,53960.0,-19.3
IC 4962,S0,20.2783,-71.13,152300000.0,24360.0,-17.15
IC 4963,Sa,20.2014,-55.2456,195600000.0,28450.0,-19.59
IC 4964,Sc,20.2897,-73.8853,138700000.0,26220.0,-18.14
IC 4965,S0,20.2075,-56.8261,730100000.0,106200.0,-22.15
IC 4967,E0,20.2731,-70.5642,177500000.0,18070.0,-18.88
IC 4968,SBa,20.2472,-64.7983,154600000.0,17990.0,-18.38
IC 4969,Sa,20.2156,-53.9206,222600000.0,22660.0,-19.07
IC 4970,S0,20.2825,-70.7494,208500000.0,21230.0,-19.43
IC 4971,S0,20.2842,-70.6203,198400000.0,23090.0,-17.82
IC 4972,Sc,20.2953,-70.9136,159800000.0,27900.0,-18.05
IC 4973,S0,20.2428,-58.3717,507600000.0,51680.0,-20.16
IC 4974-1,S0,20.2572,-61.8572,486500000.0,35380.0,-20.67
IC 4974-2,S0,20.2575,-61.8628,486500000.0,35380.0,-20.37
IC 4975,S0,20.2339,-52.7222,413400000.0,66140.0,-21.21
IC 4976,Sa,20.2614,-61.875,486500000.0,63680.0,-20.27
IC 4978,S0,20.2436,-54.4217,194500000.0,19800.0,-18.48
IC 4979,SBc,20.2447,-53.4586,212500000.0,34000.0,-19.07
IC 4980,SBa,20.2578,-57.9125,197500000.0,43090.0,-19.71
IC 4981,Irr,20.3275,-70.8483,166100000.0,24160.0,-19.13
IC 4982,Irr,20.3392,-71.0069,274000000.0,27900.0,-19.42
IC 4983,SBc,20.2681,-52.0872,285900000.0,41590.0,-20.41
IC 4984,Sb,20.2714,-52.7033,682000000.0,89270.0,-21.2
IC 4985,S0,20.3456,-70.9867,195700000.0,22780.0,-18.99
IC 4986,SBc,20.2864,-55.0358,95480000.0,27770.0,-18.13
IC 4987,SBc,20.2886,-52.2794,551400000.0,80190.0,-20.94
IC 4989,Sc,20.3231,-58.5517,271400000.0,43420.0,-19.3
IC 4990,SBc,20.3569,-66.8906,574600000.0,66860.0,-20.53
IC 4992,SBc,20.3908,-71.5653,183800000.0,61500.0,-19.25
IC 4993,Irr,20.3656,-66.9853,497100000.0,36150.0,-20.21
IC 4994,S0,20.3289,-53.4469,258100000.0,26280.0,-20.59
IC 4995,S0,20.3331,-52.6217,203800000.0,26680.0,-19.68
IC 4998,SBc,20.3694,-38.3086,288600000.0,67150.0,-20.73
IC 4999,SBc,20.3989,-26.0147,128800000.0,33710.0,-19.48
IC 5001,SBa,20.4389,-54.7744,233000000.0,37280.0,-19.07
IC 5002,S0,20.4444,-54.7992,200100000.0,34920.0,-19.74
IC 5005,SBc,20.4222,-25.8289,127000000.0,35110.0,-19.35
IC 5008,SBc,20.5456,-72.6944,160600000.0,25700.0,-17.96
IC 5009,SBa,20.5428,-72.1675,176600000.0,30820.0,-19.27
IC 5010,Sb,20.5072,-66.0975,470800000.0,47930.0,-19.9
IC 5011,S0,20.4758,-36.0272,101500000.0,35420.0,-19.76
IC 5012,SBc,20.4922,-56.7433,279300000.0,44690.0,-19.36
IC 5013,E0,20.4761,-36.0425,93310000.0,9499.0,-17.28
IC 5014,S0,20.5875,-73.4525,173200000.0,12590.0,-19.23
IC 5016,SBa,20.5936,-72.9114,675500000.0,58940.0,-20.78
IC 5017,S0,20.5342,-57.5872,331200000.0,48180.0,-20.03
IC 5020,Sb,20.5106,-33.4856,127800000.0,53920.0,-19.97
IC 5021,Irr,20.5594,-54.5214,151900000.0,17680.0,-18.34
IC 5022,SBa,20.685,-76.4497,267600000.0,35030.0,-19.07
IC 5023,Sa,20.6361,-67.1844,142600000.0,29030.0,-19.0
IC 5024,SBc,20.6692,-71.1083,167900000.0,21980.0,-18.66
IC 5025,Sc,20.7497,-76.9844,288500000.0,62940.0,-19.33
IC 5026,Sc,20.8075,-78.0689,267600000.0,89510.0,-19.07
IC 5027,S0,20.6856,-55.4725,490500000.0,35670.0,-20.59
IC 5028,Irr,20.7228,-65.6469,72060000.0,12580.0,-16.52
IC 5029,Sc,20.7206,-29.8519,110400000.0,33720.0,-19.35
IC 5030,SBc,20.7261,-29.7031,110700000.0,27370.0,-19.45
IC 5031,S0,20.7556,-67.5392,457600000.0,46590.0,-22.24
IC 5032,S0,20.7561,-67.5514,457300000.0,46550.0,-22.23
IC 5033,S0,20.7319,-57.3344,308400000.0,44860.0,-19.58
IC 5034,Sc,20.7281,-57.03,479500000.0,104600.0,-21.14
IC 5035,Sb,20.7372,-57.1275,321700000.0,32750.0,-19.07
IC 5036,Sc,20.7436,-57.6264,153300000.0,17830.0,-17.06
IC 5037,Sc,20.7608,-58.4497,315100000.0,45820.0,-19.62
IC 5038,Sc,20.7808,-65.0167,181400000.0,36940.0,-20.33
IC 5040,Irr,20.8719,-76.6864,380200000.0,44240.0,-20.13
IC 5042,Sc,20.7961,-65.0836,183900000.0,32100.0,-20.46
IC 5043,S0,20.7772,-56.9836,611300000.0,53350.0,-19.96
IC 5044,E0,20.8447,-71.8989,436600000.0,38100.0,-20.13
IC 5045,Sb,20.8472,-71.9097,244000000.0,24840.0,-19.07
IC 5048,SBc,20.8611,-71.8006,595600000.0,51970.0,-20.51
IC 5049-1,E0,20.7897,-38.4131,363100000.0,42250.0,-20.13
IC 5049-2,E0,20.7897,-38.4181,288400000.0,41950.0,-20.13
IC 5050,Sb,20.7542,-5.6231,357700000.0,67640.0,-20.9
IC 5051,Sc,20.8728,-71.7889,589000000.0,51400.0,-20.68
IC 5052,SBc,20.8686,-69.2053,36180000.0,31050.0,-18.92
IC 5053,Sa,20.8933,-71.1417,184600000.0,42960.0,-20.06
IC 5054,SBa,20.8958,-71.0247,189200000.0,55020.0,-19.92
IC 5055,S0,20.8825,-68.4447,222600000.0,22660.0,-19.07
IC 5059,Sb,20.8536,-57.6886,144000000.0,16750.0,-17.72
IC 5060,Sc,20.9128,-71.6372,190000000.0,27640.0,-18.33
IC 5063,Sa,20.8672,-57.0694,145300000.0,44370.0,-20.34
IC 5064,SBa,20.8772,-57.2325,144100000.0,20970.0,-18.93
IC 5065,S0,20.8625,-29.8472,426300000.0,68210.0,-20.98
IC 5066,S0,20.9508,-73.1475,222600000.0,22660.0,-19.07
IC 5069,Sb,21.0028,-71.8106,125600000.0,16450.0,-18.73
IC 5071,SBc,21.0219,-72.6431,137100000.0,67780.0,-19.82
IC 5072,S0,21.0322,-72.9881,280200000.0,32600.0,-19.07
IC 5073,SBc,21.0553,-72.6878,523400000.0,91350.0,-21.13
IC 5074,S0,21.0167,-63.1533,213000000.0,24780.0,-19.47
IC 5075,Sb,21.0769,-71.8681,176800000.0,28280.0,-19.07
IC 5077,S0,21.1483,-73.6406,293400000.0,25600.0,-19.07
IC 5078,Sc,21.0419,-16.8183,84300000.0,50270.0,-18.46
IC 5080,E0,21.0425,19.2142,416900000.0,30320.0,-20.13
IC 5081,S0,21.0503,19.1892,267600000.0,11680.0,-19.07
IC 5083,E0,21.0642,11.7639,565400000.0,41120.0,-20.99
IC 5084,SBb,21.1539,-63.2897,185300000.0,43110.0,-20.97
IC 5085,S0,21.2242,-74.1031,507600000.0,44300.0,-20.66
IC 5086,S0,21.1422,-29.7689,254300000.0,48090.0,-20.76
IC 5087,SBb,21.2392,-73.7736,212500000.0,21640.0,-19.07
IC 5088,Sa,21.1572,-22.8781,503800000.0,87930.0,-21.44
IC 5089,S0,21.1817,-3.8622,419400000.0,42700.0,-19.55
IC 5090,Sa,21.1917,-2.0319,402600000.0,70270.0,-21.06
IC 5091,Sc,21.2936,-70.6528,321700000.0,23390.0,-19.07
IC 5092,SBc,21.2706,-64.465,150200000.0,63340.0,-20.61
IC 5093,S0,21.3128,-70.6222,602100000.0,61300.0,-20.33
IC 5094,SBc,21.2969,-66.4278,447100000.0,65020.0,-21.18
IC 5095,Sc,21.2894,-59.9475,548300000.0,71780.0,-20.73
IC 5096,Sc,21.3058,-63.7608,132900000.0,61860.0,-19.75
IC 5099,S0,21.3636,-70.9828,569300000.0,57970.0,-20.81
IC 5100,SBc,21.3619,-65.9331,223100000.0,61640.0,-19.57
IC 5101,SBc,21.3653,-65.8358,226000000.0,42720.0,-20.2
IC 5102,S0,21.4369,-73.31,193800000.0,25370.0,-19.07
IC 5103,SBc,21.4869,-74.0694,212500000.0,24730.0,-19.07
IC 5104,SBb,21.3581,21.2414,207200000.0,48230.0,-19.71
IC 5105,E0,21.4058,-40.5383,231300000.0,63920.0,-21.65
IC 5105A,SBc,21.425,-40.2744,215600000.0,65860.0,-20.6
IC 5105B,SBb,21.4333,-40.835,101000000.0,19100.0,-18.75
IC 5106,S0,21.4769,-70.8347,168200000.0,34240.0,-19.76
IC 5107,S0,21.4706,-65.7353,227600000.0,33110.0,-19.02
IC 5108,SBc,21.5475,-72.6592,495800000.0,86530.0,-20.81
IC 5109,E0,21.5617,-74.1117,394300000.0,51620.0,-20.71
IC 5110,SBa,21.5119,-60.0019,386100000.0,78620.0,-21.27
IC 5111,S0,21.4694,2.4744,334900000.0,34100.0,-19.76
IC 5115,S0,21.5158,11.7636,481300000.0,28000.0,-20.14
IC 5116,Sb,21.6181,-70.9831,166200000.0,38680.0,-19.64
IC 5118,Sc,21.7036,-71.3822,267600000.0,42810.0,-19.07
IC 5119,Sa,21.5653,21.8375,222300000.0,29110.0,-18.77
IC 5120,SBc,21.6467,-64.3503,143300000.0,41680.0,-19.01
IC 5122,S0,21.6625,-22.4061,452300000.0,39470.0,-19.91
IC 5123,SBc,21.7469,-72.4206,416000000.0,90760.0,-21.03
IC 5124,Sa,21.6653,-22.4267,466800000.0,27160.0,-19.38
IC 5125,Sc,21.6972,-52.7733,215700000.0,21960.0,-20.0
IC 5126,Sb,21.6744,-6.3458,312400000.0,22720.0,-19.21
IC 5128,Sa,21.7197,-38.9681,200900000.0,32140.0,-19.85
IC 5129,Sc,21.7961,-65.3875,765500000.0,77940.0,-21.55
IC 5130,Sc,21.84,-73.9975,346800000.0,95850.0,-20.63
IC 5131,S0,21.7903,-34.8844,107700000.0,15660.0,-19.29
IC 5138,Sb,21.8892,-68.9528,363300000.0,47560.0,-21.23
IC 5139,S0,21.8403,-30.995,227100000.0,69350.0,-20.91
IC 5140,SBc,21.9042,-67.3311,172800000.0,50250.0,-18.42
IC 5141,Sc,21.8881,-59.4931,189600000.0,46870.0,-20.32
IC 5142,Sc,21.9222,-65.5103,232900000.0,54200.0,-19.77
IC 5144,SBa,21.9025,15.0372,400900000.0,34990.0,-20.15
IC 5145,Sb,21.9061,15.1564,313100000.0,72860.0,-20.51
IC 5147,SBc,21.9906,-65.4497,240300000.0,41950.0,-19.24
IC 5149,Sa,21.9828,-27.4144,231700000.0,40450.0,-19.76
IC 5151,E0,21.9811,3.7628,374500000.0,21790.0,-19.9
IC 5152,Irr,22.0447,-51.2961,6958000.0,5060.0,-15.54
IC 5154,Irr,22.0747,-66.1142,138600000.0,10080.0,-18.14
IC 5156,SBb,22.0539,-33.8369,111700000.0,35730.0,-19.67
IC 5157,E0,22.0575,-34.9414,186700000.0,35300.0,-20.79
IC 5158,Irr,22.1067,-67.5175,157200000.0,20580.0,-18.22
IC 5160,S0,22.0511,10.9253,255500000.0,40880.0,-19.07
IC 5161,S0,22.0939,9.6406,356000000.0,20710.0,-19.99
IC 5162,S0,22.1339,-52.7136,77390000.0,10130.0,-16.78
IC 5165,SBb,22.1683,-64.5783,193800000.0,36650.0,-19.07
IC 5168,SBc,22.1458,-27.8567,214500000.0,40550.0,-18.59
IC 5169,SBa,22.1694,-36.0889,123000000.0,34000.0,-19.08
IC 5170,SBa,22.2081,-47.2214,60780000.0,15910.0,-17.95
IC 5171,SBc,22.1822,-46.0819,110600000.0,49860.0,-19.25
IC 5172,S0,22.1653,12.8178,474700000.0,27620.0,-20.21
IC 5173,SBc,22.2456,-69.3658,141000000.0,28720.0,-17.98
IC 5173A,Sc,22.2439,-69.3675,307200000.0,13400.0,-19.07
IC 5174,SBb,22.2122,-38.1717,485200000.0,148200.0,-20.86
IC 5175,Sb,22.2133,-38.1272,467100000.0,95110.0,-20.78
IC 5176,SBc,22.2486,-66.85,101200000.0,64760.0,-18.96
IC 5177,SBb,22.1928,11.7953,344700000.0,80210.0,-20.32
IC 5178,SBa,22.2092,-22.9544,223500000.0,35760.0,-19.48
IC 5179,Sc,22.2692,-36.8447,161100000.0,56240.0,-21.17
IC 5180,E0,22.1867,38.9267,265600000.0,38620.0,-19.95
IC 5181,S0,22.2225,-46.0181,79450000.0,28890.0,-19.43
IC 5182,Irr,22.2681,-65.4547,398100000.0,40540.0,-20.13
IC 5185,S0,22.2953,-65.8575,203000000.0,14760.0,-19.07
IC 5186,SBb,22.3128,-36.8017,208000000.0,54470.0,-21.42
IC 5187,S0,22.305,-59.6072,185100000.0,13460.0,-19.07
IC 5188,SBc,22.3072,-59.6406,197500000.0,37350.0,-20.11
IC 5190,SBc,22.3167,-59.8828,346800000.0,60530.0,-20.33
IC 5191,Sa,22.2506,37.3003,291200000.0,46600.0,-19.75
IC 5192,S0,22.2539,37.2708,336900000.0,14700.0,-19.07
IC 5193,E0,22.2619,37.2433,436600000.0,19050.0,-20.13
IC 5195,E0,22.2614,37.3028,660800000.0,28830.0,-20.13
IC 5196,Sc,22.3364,-65.4047,255500000.0,48310.0,-19.07
IC 5197,SBb,22.3303,-60.1364,358700000.0,57390.0,-20.21
IC 5199,Sb,22.3256,-37.5342,213200000.0,46520.0,-19.08
IC 5200,Sc,22.3708,-65.7664,336900000.0,34300.0,-19.07
IC 5201,SBc,22.3492,-46.0347,31190000.0,38560.0,-18.4
IC 5202,SBc,22.3819,-65.8025,477400000.0,90260.0,-21.13
IC 5203,SBc,22.3761,-59.7733,205300000.0,38810.0,-19.29
IC 5205,S0,22.3797,-59.7867,336900000.0,39190.0,-19.07
IC 5206,SBc,22.4011,-66.8578,244000000.0,31940.0,-19.07
IC 5207,SBc,22.3914,-60.5656,297600000.0,64940.0,-19.6
IC 5208,Sa,22.4094,-65.2275,266100000.0,61920.0,-19.76
IC 5209,S0,22.3858,-37.9936,373200000.0,32570.0,-19.69
IC 5210,S0,22.3753,-18.8692,329200000.0,57460.0,-21.02
IC 5211,Sb,22.3783,-18.8797,315900000.0,45950.0,-20.23
IC 5212,Sc,22.3917,-38.0378,359000000.0,57440.0,-20.61
IC 5213,S0,22.4178,-60.4761,307200000.0,26810.0,-19.07
IC 5214,Sc,22.3786,-27.3556,233000000.0,33900.0,-19.07
IC 5215,S0,22.4494,-65.9828,293400000.0,25600.0,-19.07
IC 5218,SBc,22.4681,-60.3947,222600000.0,42080.0,-19.07
IC 5219,S0,22.4789,-65.8936,321700000.0,37430.0,-19.07
IC 5220,Sc,22.4672,-59.7228,214400000.0,34300.0,-18.99
IC 5221,E0,22.4825,-65.9042,524900000.0,38170.0,-20.13
IC 5222,SBc,22.4983,-65.6614,136300000.0,37680.0,-19.61
IC 5223,Sc,22.4956,7.9892,255500000.0,37170.0,-19.07
IC 5224,Sb,22.5083,-45.9958,71030000.0,15500.0,-17.29
IC 5225,S0,22.5353,-25.3981,439200000.0,127700.0,-22.15
IC 5226,SBc,22.5417,-25.6622,255500000.0,96610.0,-20.07
IC 5227,SBb,22.5675,-64.6978,140900000.0,28700.0,-19.18
IC 5229,Sc,22.5806,-61.3811,222600000.0,22660.0,-19.07
IC 5230,S0,22.5944,-61.5472,551000000.0,88150.0,-21.04
IC 5231,E0,22.5667,23.3392,347500000.0,50540.0,-19.64
IC 5232,S0,22.6272,-68.8714,255500000.0,26020.0,-19.07
IC 5233,Sc,22.6092,25.7636,313800000.0,45640.0,-20.22
IC 5234,Sa,22.6697,-65.8247,244000000.0,35490.0,-19.07
IC 5235,Sa,22.6903,-66.5803,106500000.0,7747.0,-19.07
IC 5236,S0,22.6917,-66.6178,255500000.0,29730.0,-19.07
IC 5238,S0,22.6914,-60.7578,345500000.0,40200.0,-19.32
IC 5240,SBa,22.6978,-44.7669,68930000.0,28070.0,-19.02
IC 5241,SBc,22.6939,2.6397,347800000.0,50580.0,-20.44
IC 5242,Sb,22.6875,23.4069,303400000.0,35300.0,-20.14
IC 5243,Sc,22.69,23.3756,303300000.0,30880.0,-20.24
IC 5244,Sb,22.7369,-64.0431,148200000.0,64680.0,-19.59
IC 5245,Sa,22.7489,-65.3575,145300000.0,16900.0,-18.14
IC 5246,S0,22.7775,-64.8978,141300000.0,20550.0,-18.48
IC 5247,S0,22.7803,-65.2736,151900000.0,28730.0,-18.34
IC 5249,SBc,22.785,-64.8306,98650000.0,51650.0,-18.1
IC 5250A,S0,22.7881,-65.0606,141300000.0,63710.0,-21.08
IC 5250B,S0,22.7892,-65.0586,141300000.0,61650.0,-20.98
IC 5252,SBc,22.8022,-68.9028,165500000.0,28880.0,-19.73
IC 5253,Sa,22.7581,21.8081,300700000.0,39360.0,-19.32
IC 5254,Sc,22.7667,21.1256,314300000.0,32000.0,-19.32
IC 5256,SBc,22.8292,-68.6903,38100000.0,6095.0,-15.74
IC 5257,Sc,22.8711,-67.4192,523000000.0,53250.0,-20.83
IC 5258,S0,22.8586,23.0811,330000000.0,57590.0,-20.92
IC 5261,SBc,22.9069,-20.3633,135500000.0,29550.0,-19.19
IC 5262-1,Sa,22.9222,-33.8881,372000000.0,70340.0,-20.99
IC 5262-2,S0,22.9228,-33.8947,372000000.0,27050.0,-20.09
IC 5263,SBa,22.9703,-69.0517,171800000.0,34980.0,-19.41
IC 5264,Sb,22.9478,-36.5544,79220000.0,27650.0,-18.43
IC 5266,Sb,22.9725,-65.1292,136900000.0,31860.0,-18.41
IC 5267,Sa,22.9536,-43.3958,101300000.0,76630.0,-21.06
IC 5267A,SBc,22.9322,-43.4342,56770000.0,18160.0,-17.4
IC 5267B,S0,22.9492,-43.7603,63050000.0,16510.0,-18.63
IC 5269,S0,22.9619,-36.0267,82850000.0,20480.0,-18.62
IC 5269A,Irr,22.9319,-36.3478,116400000.0,22010.0,-18.56
IC 5269B,SBc,22.9433,-36.25,89870000.0,52290.0,-18.8
IC 5269C,SBc,23.0133,-35.3697,67950000.0,20750.0,-17.39
IC 5270,SBc,22.9653,-35.8578,81540000.0,37950.0,-18.99
IC 5271,Sb,22.9669,-33.7422,77950000.0,29480.0,-20.29
IC 5272,Irr,22.9919,-65.1928,148600000.0,25930.0,-18.49
IC 5273,SBc,22.9906,-37.7053,65990000.0,24950.0,-19.63
IC 5274,S0,22.9742,18.9192,441400000.0,51360.0,-20.76
IC 5276,Sa,22.9775,18.82,436500000.0,44440.0,-20.53
IC 5277,E0,23.0331,-65.1981,398100000.0,28950.0,-20.13
IC 5278,Irr,23.0042,-8.1786,154600000.0,26980.0,-17.58
IC 5279,Sa,23.0506,-69.21,168400000.0,31840.0,-19.26
IC 5280,Sb,23.0639,-65.2075,222600000.0,45320.0,-19.07
IC 5282,Irr,23.0467,21.8744,319200000.0,65000.0,-19.95
IC 5283,Sc,23.0547,8.8939,202100000.0,20580.0,-18.96
IC 5284,Sa,23.1128,19.1214,157800000.0,22950.0,-18.52
IC 5285,S0,23.1161,22.9369,259000000.0,60280.0,-20.8
IC 5286,Sc,23.1656,-68.2533,369400000.0,48350.0,-19.07
IC 5287,SBb,23.1556,0.7569,431800000.0,69090.0,-20.81
IC 5288,S0,23.1956,-68.0942,388300000.0,62120.0,-20.58
IC 5289,Irr,23.1881,-32.4514,495800000.0,79320.0,-21.61
IC 5291,E0,23.2275,9.2417,540500000.0,23580.0,-20.4
IC 5292,S0,23.2297,13.6869,205100000.0,17900.0,-18.49
IC 5293,S0,23.2456,25.1411,255500000.0,14870.0,-19.07
IC 5295,E0,23.2581,25.1211,346700000.0,35290.0,-19.43
IC 5296,SBb,23.2619,25.0942,345100000.0,45180.0,-19.72
IC 5297,E0,23.2661,25.0258,360000000.0,15710.0,-19.61
IC 5298,S0,23.2667,25.5572,350100000.0,35650.0,-20.15
IC 5299,S0,23.2719,20.8558,307200000.0,17870.0,-19.07
IC 5300,S0,23.2761,20.8286,293400000.0,21340.0,-19.07
IC 5301,S0,23.3161,-69.5625,255500000.0,52030.0,-19.07
IC 5302,S0,23.3267,-64.5689,212500000.0,37100.0,-19.07
IC 5304,S0,23.3144,-10.2589,426000000.0,86740.0,-21.18
IC 5305,S0,23.3017,10.3003,464200000.0,27010.0,-20.47
IC 5306,Sb,23.3031,10.2458,280200000.0,28530.0,-19.07
IC 5307,E0,23.3058,10.2364,912100000.0,53060.0,-20.13
IC 5309,Sb,23.3197,8.11,190400000.0,38770.0,-19.33
IC 5310,E0,23.3464,-22.1489,345500000.0,25120.0,-19.32
IC 5312,Sb,23.3494,19.3186,488300000.0,28410.0,-20.68
IC 5314,E0,23.3522,19.3119,478700000.0,34810.0,-20.13
IC 5315,E0,23.355,25.3858,182500000.0,18580.0,-19.14
IC 5316,E0,23.365,21.2031,631000000.0,27530.0,-20.13
IC 5317,S0,23.3911,21.1633,511600000.0,74400.0,-20.88
IC 5319,E0,23.4133,13.9969,536500000.0,23410.0,-19.98
IC 5320,S0,23.4725,-67.76,233000000.0,20340.0,-19.07
IC 5321,Sa,23.4389,-17.9567,113700000.0,21490.0,-18.71
IC 5322,S0,23.475,-67.7606,189100000.0,19260.0,-18.72
IC 5323,SBa,23.4603,-67.8153,172200000.0,40070.0,-19.61
IC 5324,S0,23.4714,-67.8211,174100000.0,27860.0,-19.64
IC 5325,SBc,23.4786,-41.3336,56100000.0,22850.0,-19.38
IC 5326,Sc,23.4931,-28.8314,321200000.0,46720.0,-20.07
IC 5328,E4,23.5544,-45.0156,120500000.0,42080.0,-20.54
IC 5328A,SBa,23.5536,-45.0247,174400000.0,12680.0,-18.94
IC 5328B,SBc,23.5661,-45.2089,128600000.0,31800.0,-17.98
IC 5329,Sc,23.5525,21.2369,238700000.0,59010.0,-18.82
IC 5331,Sb,23.5567,21.13,241900000.0,35180.0,-19.25
IC 5332,SBc,23.5742,-36.1014,19560000.0,25320.0,-17.79
IC 5334,Sb,23.5767,-4.5339,83100000.0,21760.0,-17.93
IC 5335,S0,23.5964,-67.3964,222600000.0,35610.0,-19.07
IC 5336-1,S0,23.605,21.0994,336900000.0,14700.0,-19.07
IC 5336-2,S0,23.6056,21.0967,336900000.0,14700.0,-19.07
IC 5337,Sc,23.6069,21.1503,726300000.0,84500.0,-21.44
IC 5338,E0,23.6083,21.1453,725700000.0,105500.0,-21.74
IC 5339,S0,23.6347,-68.4417,545000000.0,79270.0,-21.51
IC 5341,S0,23.6406,26.9856,393500000.0,17170.0,-19.71
IC 5342,E0,23.6439,27.0119,417100000.0,18200.0,-19.93
IC 5343,Irr,23.6561,-22.4972,354700000.0,41270.0,-19.98
IC 5345,Sc,23.6589,-22.4133,356000000.0,41430.0,-20.69
IC 5346,E0,23.685,24.9503,436600000.0,25400.0,-20.13
IC 5347,E0,23.6933,24.8864,520800000.0,22720.0,-20.52
IC 5349,S0,23.7728,-28.005,323300000.0,42320.0,-19.78
IC 5350,S0,23.7872,-27.9581,348200000.0,45580.0,-20.74
IC 5351,S0,23.7883,-2.3139,262300000.0,19070.0,-19.83
IC 5352,E0,23.7886,-2.2811,295200000.0,12880.0,-18.18
IC 5353,S0,23.7911,-28.1089,351700000.0,76740.0,-21.36
IC 5354-1,E0,23.7911,-28.1358,351400000.0,30670.0,-20.16
IC 5354-2,Sa,23.7914,-28.1336,351400000.0,15330.0,-19.16
IC 5355,SBc,23.7875,32.7825,202300000.0,29430.0,-19.56
IC 5356,Sa,23.7897,-2.3511,251400000.0,25600.0,-19.43
IC 5357,S0,23.7897,-2.3006,295100000.0,38620.0,-20.78
IC 5358-1,E0,23.7958,-28.1414,373100000.0,141100.0,-21.79
IC 5358-2,S0,23.7953,-28.1436,373100000.0,21710.0,-19.79
IC 5359,Sc,23.7936,-2.3172,293500000.0,46960.0,-19.27
IC 5362,S0,23.86,-28.3653,348200000.0,65830.0,-21.34
IC 5364-1,Sa,23.9403,-29.0236,400900000.0,40820.0,-21.25
IC 5364-2,S0,23.94,-29.0236,400900000.0,40820.0,-19.05
IC 5367,S0,23.9772,22.4497,486900000.0,35410.0,-19.07
IC 5369,S0,23.9972,32.7025,435300000.0,63320.0,-20.43
IC 5370,Sa,0.0025,32.7389,458900000.0,53400.0,-20.74
IC 5371,S0,0.0039,32.8322,415400000.0,30210.0,-19.83
IC 5372,S0,0.0044,32.7931,457600000.0,33280.0,-20.24
IC 5373,Sb,0.0081,32.7819,433900000.0,50490.0,-20.12
IC 5374,Sc,0.0178,4.5,382300000.0,38920.0,-20.04
IC 5375,Sc,0.0178,4.5419,388500000.0,56510.0,-20.28
IC 5376,Sb,0.0219,34.5258,210200000.0,61150.0,-19.45
IC 5377,Irr,0.0347,16.5906,31320000.0,4556.0,-14.61
IC 5378-1,E0,0.0436,16.6442,288400000.0,46150.0,-20.13
IC 5378-2,SBc,0.0436,16.6517,244000000.0,56790.0,-19.07
IC 5379,Sc,0.0444,16.6008,266900000.0,15530.0,-18.66
IC 5380,Sb,0.0469,-66.1867,267600000.0,31130.0,-19.07
IC 5381,Sb,0.0531,15.9653,484900000.0,91680.0,-20.96
IC 5382,Sc,0.0572,-65.1967,389100000.0,45270.0,-20.08
